method,scale,edge,budget,relative_flops_percent,recovery_percent,auc_gap,baseline,baseline_auc,calibration_flops,calibration_percent,calibration_users,common_eager_query_flops,correction_flops,evaluation_role,extra_flops,extra_over_reuse_steady_percent,extra_over_reuse_with_initial_cache_percent,full_auc,full_history_flops,full_history_plus_query_flops,full_minus_reuse_flops,inference_percent,initial_parent_cache_flops,kind,method_over_full_history_plus_query_percent,method_over_reuse_steady_percent,method_steady_including_calibration_flops,metrics,partition,requests,reuse_append_flops,reuse_auc,reuse_steady_flops,reuse_with_initial_cache_flops,series,source_path,source_sha256,tag,users,variant
query_only,large,v0_to_v1,128,1.573776940685263,11.377143310331013,0.08156791927531248,query_only,0.5338899300538928,5923488411528,1.5724024933717111,,,5177760000,development_exploration,5928666171528,,,0.6061777502579979,409186664006700,,376715785970692,0.001374447313551873,,measurement,,,,"{""Brier"": 0.4380183297057801, ""ROC_AUC"": 0.5338899300538928, ""dislike_PR_AUC"": 0.5951293771823506, ""dislike_only_log_loss"": 2.2737024958776417, ""log_loss"": 1.2967826010388734}",evaluation,23450,32470878036008,0.5246098309826854,,,q_v2,/home/gkl/work/evokv/results/read_correction_2026_09/v2/summary.json,9bdfa1b41203795fbdcb481012e9988d6fb3a011f9aaf9e8601179645059fcc6,,3000,
query_only,large,v0_to_v1,256,3.1933281280556427,19.748039198001127,0.08156791927531248,query_only,0.5407178956541681,12024593396228,3.191953680742091,,,5177760000,development_exploration,12029771156228,,,0.6061777502579979,409186664006700,,376715785970692,0.001374447313551873,,measurement,,,,"{""Brier"": 0.44102619408070065, ""ROC_AUC"": 0.5407178956541681, ""dislike_PR_AUC"": 0.6071099100238166, ""dislike_only_log_loss"": 2.3123590276594603, ""log_loss"": 1.3125816029558357}",evaluation,23450,32470878036008,0.5246098309826854,,,q_v2,/home/gkl/work/evokv/results/read_correction_2026_09/v2/summary.json,9bdfa1b41203795fbdcb481012e9988d6fb3a011f9aaf9e8601179645059fcc6,,3000,
query_only,large,v0_to_v1,512,6.342772253177343,22.272325621180585,0.08156791927531248,query_only,0.5427769035661048,23889046585888,6.341397805863791,,,5177760000,development_exploration,23894224345888,,,0.6061777502579979,409186664006700,,376715785970692,0.001374447313551873,,measurement,,,,"{""Brier"": 0.4385539094960145, ""ROC_AUC"": 0.5427769035661048, ""dislike_PR_AUC"": 0.6072626135691087, ""dislike_only_log_loss"": 2.2826963273878347, ""log_loss"": 1.2977877287676034}",evaluation,23450,32470878036008,0.5246098309826854,,,q_v2,/home/gkl/work/evokv/results/read_correction_2026_09/v2/summary.json,9bdfa1b41203795fbdcb481012e9988d6fb3a011f9aaf9e8601179645059fcc6,,3000,
query_only,large,v0_to_v1,1024,12.642316318359223,36.959119798026244,0.08156791927531248,query_only,0.5547566159844055,47620423523608,12.640941871045671,,,5177760000,development_exploration,47625601283608,,,0.6061777502579979,409186664006700,,376715785970692,0.001374447313551873,,measurement,,,,"{""Brier"": 0.4359124001536092, ""ROC_AUC"": 0.5547566159844055, ""dislike_PR_AUC"": 0.6087467014487424, ""dislike_only_log_loss"": 2.263362637821804, ""log_loss"": 1.288066900570561}",evaluation,23450,32470878036008,0.5246098309826854,,,q_v2,/home/gkl/work/evokv/results/read_correction_2026_09/v2/summary.json,9bdfa1b41203795fbdcb481012e9988d6fb3a011f9aaf9e8601179645059fcc6,,3000,
history_conditioned,large,v0_to_v1,512,19.047231900012378,81.3074760388158,0.08156791927531248,history_conditioned,0.5909306474028208,61693988269792,16.376799318569493,,,10059941088000,development_exploration,71753929357792,,,0.6061777502579979,409186664006700,,376715785970692,2.670432581442884,,measurement,,,,"{""Brier"": 0.43071449084179586, ""ROC_AUC"": 0.5909306474028208, ""dislike_PR_AUC"": 0.6286881448896762, ""dislike_only_log_loss"": 2.207260439250491, ""log_loss"": 1.2578450074105558}",evaluation,23450,32470878036008,0.5246098309826854,,,h_v1,/home/gkl/work/evokv/results/read_correction_2026_09/runtime/development/v1/large/v0_to_v1/summary.json,96d7f08f9d818d4d9bb2f8e6a8e54b574248e5c602ab49e8c06dfb5a233e8386,,3000,
history_conditioned,large,v0_to_v1,map_all,80.57118243579094,90.81526438803539,0.08156791927531248,history_conditioned,0.5986859525283798,20428284406870,5.422731185589153,128,546463319550,283096078772000,development_exploration,303524363178870,919.2877158408031,363.1187424568165,0.6061777502579979,409186664006700,409733127326250,376715785970692,75.14845125020179,50570842808460,measurement,82.13680615247316,1019.2877158408031,336541704534428,"{""Brier"": 0.42895645964726786, ""ROC_AUC"": 0.5986859525283798, ""dislike_PR_AUC"": 0.6356613280102147, ""dislike_only_log_loss"": 2.1941071729962105, ""log_loss"": 1.2508224223296553}",evaluation,23450,32470878036008,0.5246098309826854,33017341355558,83588184164018,h_v4,/home/gkl/work/evokv/results/read_correction_2026_09/v4/population_run/evaluation/large/v0_to_v1/summary.json,c4799166ad8d65b3137e26efeb953215d33bd56ad15641b9d1748b737679edd9,,3000,map_all
query_only,large,v1_to_v2,128,1.383589687355372,-31.95923968401016,0.06563979514096119,query_only,0.48094419140430233,5809735794728,1.3822251763535756,,,5735280000,development_exploration,5815471074728,,,0.5675619660024566,458474346489720,,420317607732668,0.0013645110017964735,,measurement,,,,"{""Brier"": 0.39713578018367124, ""ROC_AUC"": 0.48094419140430233, ""dislike_PR_AUC"": 0.4809526316416817, ""dislike_only_log_loss"": 2.1323145364835807, ""log_loss"": 1.1553577388834273}",evaluation,25975,38156738757052,0.5019221708614954,,,q_v2,/home/gkl/work/evokv/results/read_correction_2026_09/v2/summary.json,9bdfa1b41203795fbdcb481012e9988d6fb3a011f9aaf9e8601179645059fcc6,,3000,
query_only,large,v1_to_v2,256,2.8097926615197797,-4.052118711630983,0.06563979514096119,query_only,0.49926236844031224,11804318017148,2.808428150517983,,,5735280000,development_exploration,11810053297148,,,0.5675619660024566,458474346489720,,420317607732668,0.0013645110017964735,,measurement,,,,"{""Brier"": 0.4006236333933025, ""ROC_AUC"": 0.49926236844031224, ""dislike_PR_AUC"": 0.5032397087297337, ""dislike_only_log_loss"": 2.1794606575575153, ""log_loss"": 1.1713286764798037}",evaluation,25975,38156738757052,0.5019221708614954,,,q_v2,/home/gkl/work/evokv/results/read_correction_2026_09/v2/summary.json,9bdfa1b41203795fbdcb481012e9988d6fb3a011f9aaf9e8601179645059fcc6,,3000,
query_only,large,v1_to_v2,512,5.678950821315498,-5.81299977550604,0.06563979514096119,query_only,0.4981065297173087,23863894956468,5.677586310313701,,,5735280000,development_exploration,23869630236468,,,0.5675619660024566,458474346489720,,420317607732668,0.0013645110017964735,,measurement,,,,"{""Brier"": 0.4012781055007018, ""ROC_AUC"": 0.4981065297173087, ""dislike_PR_AUC"": 0.5012659437803106, ""dislike_only_log_loss"": 2.185075845930635, ""log_loss"": 1.1737948564984226}",evaluation,25975,38156738757052,0.5019221708614954,,,q_v2,/home/gkl/work/evokv/results/read_correction_2026_09/v2/summary.json,9bdfa1b41203795fbdcb481012e9988d6fb3a011f9aaf9e8601179645059fcc6,,3000,
query_only,large,v1_to_v2,1024,11.47172206267304,-2.1360071440540294,0.06563979514096119,query_only,0.500520100147942,48211932459568,11.470357551671244,,,5735280000,development_exploration,48217667739568,,,0.5675619660024566,458474346489720,,420317607732668,0.0013645110017964735,,measurement,,,,"{""Brier"": 0.4007997682932528, ""ROC_AUC"": 0.500520100147942, ""dislike_PR_AUC"": 0.5037663047985423, ""dislike_only_log_loss"": 2.1802878216322448, ""log_loss"": 1.1713880654554827}",evaluation,25975,38156738757052,0.5019221708614954,,,q_v2,/home/gkl/work/evokv/results/read_correction_2026_09/v2/summary.json,9bdfa1b41203795fbdcb481012e9988d6fb3a011f9aaf9e8601179645059fcc6,,3000,
history_conditioned,large,v1_to_v2,512,17.36135161532049,55.88880823571769,0.06563979514096119,history_conditioned,0.5386074700941451,61675260781172,14.673489676977542,,,11297556998400,development_exploration,72972817779572,,,0.5675619660024566,458474346489720,,420317607732668,2.6878619383429485,,measurement,,,,"{""Brier"": 0.39132652500992005, ""ROC_AUC"": 0.5386074700941451, ""dislike_PR_AUC"": 0.5426747866277002, ""dislike_only_log_loss"": 2.087583876104338, ""log_loss"": 1.1271043274372214}",evaluation,25975,38156738757052,0.5019221708614954,,,h_v1,/home/gkl/work/evokv/results/read_correction_2026_09/runtime/development/v1/large/v1_to_v2/summary.json,a903245b97a5f5956da2854d458b871b99e86b9e0891625c2937450196bccf14,,3000,
history_conditioned,large,v1_to_v2,map_all,80.46412244569501,60.1064922992282,0.06563979514096119,history_conditioned,0.5413759492731264,20274578561230,4.823632935721578,128,609918017625,317930295985600,development_exploration,338204874546830,872.4117648642605,374.7857953204274,0.5675619660024566,458474346489720,459084264507345,420317607732668,75.64048950997343,51472855706760,measurement,82.11379924468653,972.4117648642605,376971531321507,"{""Brier"": 0.3941066568109533, ""ROC_AUC"": 0.5413759492731264, ""dislike_PR_AUC"": 0.5488349448758031, ""dislike_only_log_loss"": 2.119461720243494, ""log_loss"": 1.1406795211193284}",evaluation,25975,38156738757052,0.5019221708614954,38766656774677,90239512481437,h_v4,/home/gkl/work/evokv/results/read_correction_2026_09/v4/population_run/evaluation/large/v1_to_v2/summary.json,b86ba9cfdd298951413d8b92d26afdf558e9e92650b23334130814635f253084,,3000,map_all
query_only,large,v2_to_v3,128,1.3316079445262845,-16.714641349348263,0.11347700989140425,query_only,0.4459164897711357,5965883491708,1.330251422264078,,,6083702400,development_exploration,5971967194108,,,0.5783607748798526,488781444575154,,448477888605006,0.0013565222622063718,,measurement,,,,"{""Brier"": 0.3592930891783972, ""ROC_AUC"": 0.4459164897711357, ""dislike_PR_AUC"": 0.43327345656383875, ""dislike_only_log_loss"": 1.9842998391113025, ""log_loss"": 1.0303119129055693}",evaluation,27553,40303555970148,0.46488376498844836,,,q_v2,/home/gkl/work/evokv/results/read_correction_2026_09/v2/summary.json,9bdfa1b41203795fbdcb481012e9988d6fb3a011f9aaf9e8601179645059fcc6,,3000,
query_only,large,v2_to_v3,256,2.668552306655328,2.4173390333503457,0.11347700989140425,query_only,0.4676268890424321,11961783338808,2.6671957843931215,,,6083702400,development_exploration,11967867041208,,,0.5783607748798526,488781444575154,,448477888605006,0.0013565222622063718,,measurement,,,,"{""Brier"": 0.3607430734539711, ""ROC_AUC"": 0.4676268890424321, ""dislike_PR_AUC"": 0.45751827301624515, ""dislike_only_log_loss"": 2.011571779169441, ""log_loss"": 1.0362676664029467}",evaluation,27553,40303555970148,0.46488376498844836,,,q_v2,/home/gkl/work/evokv/results/read_correction_2026_09/v2/summary.json,9bdfa1b41203795fbdcb481012e9988d6fb3a011f9aaf9e8601179645059fcc6,,3000,
query_only,large,v2_to_v3,512,5.373891229401178,-0.3691296470078695,0.11347700989140425,query_only,0.46446488770240113,24094630219148,5.372534707138971,,,6083702400,development_exploration,24100713921548,,,0.5783607748798526,488781444575154,,448477888605006,0.0013565222622063718,,measurement,,,,"{""Brier"": 0.3604929341331924, ""ROC_AUC"": 0.46446488770240113, ""dislike_PR_AUC"": 0.4548532006220579, ""dislike_only_log_loss"": 2.0069857683977155, ""log_loss"": 1.0347839603052333}",evaluation,27553,40303555970148,0.46488376498844836,,,q_v2,/home/gkl/work/evokv/results/read_correction_2026_09/v2/summary.json,9bdfa1b41203795fbdcb481012e9988d6fb3a011f9aaf9e8601179645059fcc6,,3000,
query_only,large,v2_to_v3,1024,10.80358845394528,-4.337655261990691,0.11347700989140425,query_only,0.45996152349774416,48445621689428,10.802231931683073,,,6083702400,development_exploration,48451705391828,,,0.5783607748798526,488781444575154,,448477888605006,0.0013565222622063718,,measurement,,,,"{""Brier"": 0.35944098488859366, ""ROC_AUC"": 0.45996152349774416, ""dislike_PR_AUC"": 0.4505331587014677, ""dislike_only_log_loss"": 1.9932756978267854, ""log_loss"": 1.030104350800453}",evaluation,27553,40303555970148,0.46488376498844836,,,q_v2,/home/gkl/work/evokv/results/read_correction_2026_09/v2/summary.json,9bdfa1b41203795fbdcb481012e9988d6fb3a011f9aaf9e8601179645059fcc6,,3000,
history_conditioned,large,v2_to_v3,512,16.474037214557853,48.21476102213366,0.11347700989140425,history_conditioned,0.5195964341226519,61887970629452,13.799558953052294,,,11994443638400,development_exploration,73882414267852,,,0.5783607748798526,488781444575154,,448477888605006,2.6744782615055587,,measurement,,,,"{""Brier"": 0.35135872264801604, ""ROC_AUC"": 0.5195964341226519, ""dislike_PR_AUC"": 0.5065039393136874, ""dislike_only_log_loss"": 1.9289207254617702, ""log_loss"": 0.9993422745485208}",evaluation,27553,40303555970148,0.46488376498844836,,,h_v1,/home/gkl/work/evokv/results/read_correction_2026_09/runtime/development/v1/large/v2_to_v3/summary.json,253d657d394e6c16a32cd46ccb20f2bc1316f7cc85555a8f5b01082c7edec97f,,3000,
history_conditioned,large,v2_to_v3,map_all,79.8093081416667,65.72748641461222,0.11347700989140425,history_conditioned,0.5394693512485292,20384920821210,4.54535693713183,128,647286282787,337542179242800,development_exploration,357927100064010,874.0408752847004,385.6841826838517,0.5783607748798526,488781444575154,489428730857941,448477888605006,75.26395120453488,51852315391050,measurement,81.49867736978466,974.0408752847004,398877942316945,"{""Brier"": 0.3491207981149163, ""ROC_AUC"": 0.5394693512485292, ""dislike_PR_AUC"": 0.5226989802009445, ""dislike_only_log_loss"": 1.9138931792510867, ""log_loss"": 0.9915843218213367}",evaluation,27553,40303555970148,0.46488376498844836,40950842252935,92803157643985,h_v4,/home/gkl/work/evokv/results/read_correction_2026_09/v4/population_run/evaluation/large/v2_to_v3/summary.json,6dfb59f70d7029d8ad1ab4a8e3e93747de2cf628f5cb68c3ff1b53126a1451d0,,3000,map_all
query_only,large,v3_to_v4,128,1.257444298947618,32.92264709056524,0.17172477640927797,query_only,0.5377240873837189,5998777654908,1.256078295772509,,,6523756800,development_exploration,6005301411708,,,0.6529125216887081,519014397107028,,477579914810856,0.001366003175109178,,measurement,,,,"{""Brier"": 0.378844440952174, ""ROC_AUC"": 0.5377240873837189, ""dislike_PR_AUC"": 0.5253625503850793, ""dislike_only_log_loss"": 2.248383320694328, ""log_loss"": 1.1388139900398344}",evaluation,29546,41434482296172,0.4811877452794301,,,q_v2,/home/gkl/work/evokv/results/read_correction_2026_09/v2/summary.json,9bdfa1b41203795fbdcb481012e9988d6fb3a011f9aaf9e8601179645059fcc6,,3000,
query_only,large,v3_to_v4,256,2.5199133998535648,38.86742051203181,0.17172477640927797,query_only,0.5479327362497706,12028076511528,2.5185473966784557,,,6523756800,development_exploration,12034600268328,,,0.6529125216887081,519014397107028,,477579914810856,0.001366003175109178,,measurement,,,,"{""Brier"": 0.37917227085392374, ""ROC_AUC"": 0.5479327362497706, ""dislike_PR_AUC"": 0.5313949189676609, ""dislike_only_log_loss"": 2.253084959387949, ""log_loss"": 1.1394636882341302}",evaluation,29546,41434482296172,0.4811877452794301,,,q_v2,/home/gkl/work/evokv/results/read_correction_2026_09/v2/summary.json,9bdfa1b41203795fbdcb481012e9988d6fb3a011f9aaf9e8601179645059fcc6,,3000,
query_only,large,v3_to_v4,512,5.083761403903184,44.04963266071671,0.17172477640927797,query_only,0.5568318784751541,24272499625148,5.082395400728074,,,6523756800,development_exploration,24279023381948,,,0.6529125216887081,519014397107028,,477579914810856,0.001366003175109178,,measurement,,,,"{""Brier"": 0.38083506612634666, ""ROC_AUC"": 0.5568318784751541, ""dislike_PR_AUC"": 0.5377381907645431, ""dislike_only_log_loss"": 2.271405215559579, ""log_loss"": 1.1457239309500145}",evaluation,29546,41434482296172,0.4811877452794301,,,q_v2,/home/gkl/work/evokv/results/read_correction_2026_09/v2/summary.json,9bdfa1b41203795fbdcb481012e9988d6fb3a011f9aaf9e8601179645059fcc6,,3000,
query_only,large,v3_to_v4,1024,10.20404793626389,36.81052289591232,0.17172477640927797,query_only,0.5444005334175216,48725959684468,10.202681933088781,,,6523756800,development_exploration,48732483441268,,,0.6529125216887081,519014397107028,,477579914810856,0.001366003175109178,,measurement,,,,"{""Brier"": 0.37949522175632766, ""ROC_AUC"": 0.5444005334175216, ""dislike_PR_AUC"": 0.5223353564502544, ""dislike_only_log_loss"": 2.248633251039112, ""log_loss"": 1.138026016138845}",evaluation,29546,41434482296172,0.4811877452794301,,,q_v2,/home/gkl/work/evokv/results/read_correction_2026_09/v2/summary.json,9bdfa1b41203795fbdcb481012e9988d6fb3a011f9aaf9e8601179645059fcc6,,3000,
history_conditioned,large,v3_to_v4,512,15.683356928675723,42.22466008027063,0.17172477640927797,history_conditioned,0.5536979483918525,62058138742652,12.994294110385677,,,12842423916800,development_exploration,74900562659452,,,0.6529125216887081,519014397107028,,477579914810856,2.689062818290045,,measurement,,,,"{""Brier"": 0.38799750557975576, ""ROC_AUC"": 0.5536979483918525, ""dislike_PR_AUC"": 0.5353954622041737, ""dislike_only_log_loss"": 2.3596758320700344, ""log_loss"": 1.1828257924484284}",evaluation,29546,41434482296172,0.4811877452794301,,,h_v1,/home/gkl/work/evokv/results/read_correction_2026_09/runtime/development/v1/large/v3_to_v4/summary.json,74c12da4299f3cda03e39b2bfcca5e9de4d8fddb04ed3e9bd951ab7e9aeffb7f,,3000,
history_conditioned,large,v3_to_v4,map_all,79.96592104102635,63.117960502208426,0.17172477640927797,history_conditioned,0.5895769218259439,20496343883850,4.291709774262076,128,693520446334,361404833701600,development_exploration,381901177585450,906.5257138338585,407.77401806800475,0.6529125216887081,519014397107028,519707917553362,477579914810856,75.67421126676427,51527100492090,measurement,81.58990194418541,1006.5257138338585,424029180327956,"{""Brier"": 0.3693822747677577, ""ROC_AUC"": 0.5895769218259439, ""dislike_PR_AUC"": 0.593781229113535, ""dislike_only_log_loss"": 2.188282696968466, ""log_loss"": 1.1072236112877842}",evaluation,29546,41434482296172,0.4811877452794301,42128002742506,93655103234596,h_v4,/home/gkl/work/evokv/results/read_correction_2026_09/v4/population_run/evaluation/large/v3_to_v4/summary.json,07fa3ebe276d97602fb54bddfcd6c8ddc3d648980f5948ea3790b5c8cf4a0351,,3000,map_all
query_only,large,v4_to_v5,128,1.5724790576312497,36.76802268863075,0.1691532688192648,query_only,0.48531681091842055,6043760546208,1.5711083895799867,,,5272704000,development_exploration,6049033250208,,,0.5922757674796575,420439713294060,,384681323471496,0.0013706680512631374,,measurement,,,,"{""Brier"": 0.3689204232466431, ""ROC_AUC"": 0.48531681091842055, ""dislike_PR_AUC"": 0.4421305050306519, ""dislike_only_log_loss"": 2.4106908730357186, ""log_loss"": 1.135577391806932}",evaluation,23880,35758389822564,0.4231224986603927,,,q_v2,/home/gkl/work/evokv/results/read_correction_2026_09/v2/summary.json,9bdfa1b41203795fbdcb481012e9988d6fb3a011f9aaf9e8601179645059fcc6,,3000,
query_only,large,v4_to_v5,256,3.1351865640759797,33.99182566166746,0.1691532688192648,query_only,0.4806207828984489,12055204463988,3.1338158960247164,,,5272704000,development_exploration,12060477167988,,,0.5922757674796575,420439713294060,,384681323471496,0.0013706680512631374,,measurement,,,,"{""Brier"": 0.3685126636436732, ""ROC_AUC"": 0.4806207828984489, ""dislike_PR_AUC"": 0.43877263185544985, ""dislike_only_log_loss"": 2.4038798866244524, ""log_loss"": 1.1336236674806286}",evaluation,23880,35758389822564,0.4231224986603927,,,q_v2,/home/gkl/work/evokv/results/read_correction_2026_09/v2/summary.json,9bdfa1b41203795fbdcb481012e9988d6fb3a011f9aaf9e8601179645059fcc6,,3000,
query_only,large,v4_to_v5,512,6.312990187512302,40.54013888201835,0.1691532688192648,query_only,0.4916974687631965,24279621499948,6.311619519461039,,,5272704000,development_exploration,24284894203948,,,0.5922757674796575,420439713294060,,384681323471496,0.0013706680512631374,,measurement,,,,"{""Brier"": 0.3688860290070626, ""ROC_AUC"": 0.4916974687631965, ""dislike_PR_AUC"": 0.4482177296924385, ""dislike_only_log_loss"": 2.4124021632614965, ""log_loss"": 1.1354410894668832}",evaluation,23880,35758389822564,0.4231224986603927,,,q_v2,/home/gkl/work/evokv/results/read_correction_2026_09/v2/summary.json,9bdfa1b41203795fbdcb481012e9988d6fb3a011f9aaf9e8601179645059fcc6,,3000,
query_only,large,v4_to_v5,1024,12.658607075593107,43.54642064100147,0.1691532688192648,query_only,0.4967826926284337,48690024527448,12.657236407541843,,,5272704000,development_exploration,48695297231448,,,0.5922757674796575,420439713294060,,384681323471496,0.0013706680512631374,,measurement,,,,"{""Brier"": 0.36868776033211687, ""ROC_AUC"": 0.4967826926284337, ""dislike_PR_AUC"": 0.4528348421806694, ""dislike_only_log_loss"": 2.4108253079472375, ""log_loss"": 1.134213867830275}",evaluation,23880,35758389822564,0.4231224986603927,,,q_v2,/home/gkl/work/evokv/results/read_correction_2026_09/v2/summary.json,9bdfa1b41203795fbdcb481012e9988d6fb3a011f9aaf9e8601179645059fcc6,,3000,
history_conditioned,large,v4_to_v5,512,18.812362229281526,59.19879912448014,0.1691532688192648,history_conditioned,0.5232592024812012,62055636057452,16.13169973978479,,,10312007942400,development_exploration,72367643999852,,,0.5922757674796575,420439713294060,,384681323471496,2.680662489496737,,measurement,,,,"{""Brier"": 0.3684522357670602, ""ROC_AUC"": 0.5232592024812012, ""dislike_PR_AUC"": 0.48116056765977744, ""dislike_only_log_loss"": 2.420347636838661, ""log_loss"": 1.1348912376706533}",evaluation,23880,35758389822564,0.4231224986603927,,,h_v1,/home/gkl/work/evokv/results/read_correction_2026_09/runtime/development/v1/large/v4_to_v5/summary.json,906d9dc9ec040efca9b63e239d392169f6daae961bf1c5ed80e106c5ac5c2cc1,,3000,
history_conditioned,large,v4_to_v5,map_all,80.77369764102252,60.113801051800316,0.1691532688192648,history_conditioned,0.5248069581510225,20528984448750,5.336621040888966,128,558503703120,290192344653600,development_exploration,310721329102350,855.5834459866506,357.96199712630914,0.5922757674796575,420439713294060,420998216997180,384681323471496,75.43707660013357,50485988231820,measurement,82.43223097316789,955.5834459866506,347038222628034,"{""Brier"": 0.36777017872785306, ""ROC_AUC"": 0.5248069581510225, ""dislike_PR_AUC"": 0.47869766360736765, ""dislike_only_log_loss"": 2.409716055423005, ""log_loss"": 1.1309938211740214}",evaluation,23880,35758389822564,0.4231224986603927,36316893525684,86802881757504,h_v4,/home/gkl/work/evokv/results/read_correction_2026_09/v4/population_run/evaluation/large/v4_to_v5/summary.json,655d88a92f2a933372d28c27da2bb7b1b6f6cee5e580809dd76898e2f4462a94,,3000,map_all
query_only,max,v0_to_v1,128,1.5226846846674282,-69.18463736859567,0.008904192206341977,query_only,0.6139216154939301,9767098021728,1.5213295867056784,,,8699873280,development_exploration,9775797895008,,,0.6289861407888325,687575716503120,,642010653515120,0.0013550979617498059,,measurement,,,,"{""Brier"": 0.6203450775053877, ""ROC_AUC"": 0.6139216154939301, ""dislike_PR_AUC"": 0.8175001391669356, ""dislike_only_log_loss"": 2.425933296327459, ""log_loss"": 1.868683376508411}",evaluation,24626,45565062988000,0.6200819485824905,,,q_v2,/home/gkl/work/evokv/results/read_correction_2026_09/v2/summary.json,9bdfa1b41203795fbdcb481012e9988d6fb3a011f9aaf9e8601179645059fcc6,,3000,
query_only,max,v0_to_v1,256,3.089453631096929,-84.25153954505706,0.008904192206341977,query_only,0.6125800295645965,19825921573772,3.0880985331351796,,,8699873280,development_exploration,19834621447052,,,0.6289861407888325,687575716503120,,642010653515120,0.0013550979617498059,,measurement,,,,"{""Brier"": 0.6161301835438682, ""ROC_AUC"": 0.6125800295645965, ""dislike_PR_AUC"": 0.8163190264526164, ""dislike_only_log_loss"": 2.40410816465353, ""log_loss"": 1.8527826906819467}",evaluation,24626,45565062988000,0.6200819485824905,,,q_v2,/home/gkl/work/evokv/results/read_correction_2026_09/v2/summary.json,9bdfa1b41203795fbdcb481012e9988d6fb3a011f9aaf9e8601179645059fcc6,,3000,
query_only,max,v0_to_v1,512,6.153216801136717,-51.79032629589846,0.008904192206341977,query_only,0.6154704383848121,39495607523900,6.151861703174967,,,8699873280,development_exploration,39504307397180,,,0.6289861407888325,687575716503120,,642010653515120,0.0013550979617498059,,measurement,,,,"{""Brier"": 0.6231796961851382, ""ROC_AUC"": 0.6154704383848121, ""dislike_PR_AUC"": 0.819619410131304, ""dislike_only_log_loss"": 2.442386603481051, ""log_loss"": 1.8801705202486598}",evaluation,24626,45565062988000,0.6200819485824905,,,q_v2,/home/gkl/work/evokv/results/read_correction_2026_09/v2/summary.json,9bdfa1b41203795fbdcb481012e9988d6fb3a011f9aaf9e8601179645059fcc6,,3000,
query_only,max,v0_to_v1,1024,12.367320435226713,-54.080125650522355,0.008904192206341977,query_only,0.6152665502491368,79390814875228,12.365965337264962,,,8699873280,development_exploration,79399514748508,,,0.6289861407888325,687575716503120,,642010653515120,0.0013550979617498059,,measurement,,,,"{""Brier"": 0.6236612790438071, ""ROC_AUC"": 0.6152665502491368, ""dislike_PR_AUC"": 0.8200314796339534, ""dislike_only_log_loss"": 2.446854064534443, ""log_loss"": 1.8833002501999545}",evaluation,24626,45565062988000,0.6200819485824905,,,q_v2,/home/gkl/work/evokv/results/read_correction_2026_09/v2/summary.json,9bdfa1b41203795fbdcb481012e9988d6fb3a011f9aaf9e8601179645059fcc6,,3000,
history_conditioned,max,v0_to_v1,512,18.45228356982553,52.23277350494409,0.008904192206341977,history_conditioned,0.624732855130074,101736194045820,15.846496236284654,,,16729432289280,development_exploration,118465626335100,,,0.6289861407888325,687575716503120,,642010653515120,2.6057873335408765,,measurement,,,,"{""Brier"": 0.6031062514618312, ""ROC_AUC"": 0.624732855130074, ""dislike_PR_AUC"": 0.8314124133081799, ""dislike_only_log_loss"": 2.2968807754146243, ""log_loss"": 1.7719083673640899}",evaluation,24626,45565062988000,0.6200819485824905,,,h_v1,/home/gkl/work/evokv/results/read_correction_2026_09/runtime/development/v1/max/v0_to_v1/summary.json,16c43a18b979d3795e1105a182da8c2c1037c428c88b47a8e04444ce54a34141,,3000,
history_conditioned,max,v0_to_v1,map_all,78.39437001188249,183.16086283830722,0.008904192206341977,history_conditioned,0.6363909438564078,32525831280988,5.066244789382141,128,909626678166,470774375951360,development_exploration,503300207232348,1082.9554986759927,399.45991762602307,0.6289861407888325,687575716503120,688485343181286,642010653515120,73.32812522250035,79520481569898,measurement,79.85281057083478,1182.9554986759927,549774896898514,"{""Brier"": 0.5897788086153085, ""ROC_AUC"": 0.6363909438564078, ""dislike_PR_AUC"": 0.8393618773430339, ""dislike_only_log_loss"": 2.2327571511501305, ""log_loss"": 1.7243108066250703}",evaluation,24626,45565062988000,0.6200819485824905,46474689666166,125995171236064,h_v4,/home/gkl/work/evokv/results/read_correction_2026_09/v4/population_run/evaluation/max/v0_to_v1/summary.json,b05e219098c9221a7f688e41d90f740949cb03b631dee4c3ac9e49fddfbe6450,,3000,map_all
query_only,max,v1_to_v2,128,1.478138268141644,-5.0372002303610195,0.0645937813824845,query_only,0.5170984666514469,10092555080312,1.4767858126672733,,,9242864640,development_exploration,10101797944952,,,0.5849459661385288,735280200657912,,683413599571592,0.0013524554743707218,,measurement,,,,"{""Brier"": 0.5470306749878698, ""ROC_AUC"": 0.5170984666514469, ""dislike_PR_AUC"": 0.6401391085078972, ""dislike_only_log_loss"": 2.5995316751336355, ""log_loss"": 1.7112893466938466}",evaluation,26163,51866601086320,0.5203521847560443,,,q_v2,/home/gkl/work/evokv/results/read_correction_2026_09/v2/summary.json,9bdfa1b41203795fbdcb481012e9988d6fb3a011f9aaf9e8601179645059fcc6,,3000,
query_only,max,v1_to_v2,256,2.9373686708967925,7.071822450235639,0.0645937813824845,query_only,0.524920142289307,20065134101824,2.9360162154224216,,,9242864640,development_exploration,20074376966464,,,0.5849459661385288,735280200657912,,683413599571592,0.0013524554743707218,,measurement,,,,"{""Brier"": 0.5462334485182263, ""ROC_AUC"": 0.524920142289307, ""dislike_PR_AUC"": 0.6525442587454865, ""dislike_only_log_loss"": 2.595054186273344, ""log_loss"": 1.707638160093651}",evaluation,26163,51866601086320,0.5203521847560443,,,q_v2,/home/gkl/work/evokv/results/read_correction_2026_09/v2/summary.json,9bdfa1b41203795fbdcb481012e9988d6fb3a011f9aaf9e8601179645059fcc6,,3000,
query_only,max,v1_to_v2,512,5.882270528190852,6.3117287705852405,0.0645937813824845,query_only,0.5244291690395715,40190993888608,5.880918072716481,,,9242864640,development_exploration,40200236753248,,,0.5849459661385288,735280200657912,,683413599571592,0.0013524554743707218,,measurement,,,,"{""Brier"": 0.5473150585078971, ""ROC_AUC"": 0.5244291690395715, ""dislike_PR_AUC"": 0.6515330625170718, ""dislike_only_log_loss"": 2.6093649265512373, ""log_loss"": 1.7166691023404994}",evaluation,26163,51866601086320,0.5203521847560443,,,q_v2,/home/gkl/work/evokv/results/read_correction_2026_09/v2/summary.json,9bdfa1b41203795fbdcb481012e9988d6fb3a011f9aaf9e8601179645059fcc6,,3000,
query_only,max,v1_to_v2,1024,11.75006031036055,2.818189228066774,0.0645937813824845,query_only,0.5221725597449665,80292267254228,11.748707854886177,,,9242864640,development_exploration,80301510118868,,,0.5849459661385288,735280200657912,,683413599571592,0.0013524554743707218,,measurement,,,,"{""Brier"": 0.5506406775635925, ""ROC_AUC"": 0.5221725597449665, ""dislike_PR_AUC"": 0.647774676763333, ""dislike_only_log_loss"": 2.6398788054572853, ""log_loss"": 1.7353540862946788}",evaluation,26163,51866601086320,0.5203521847560443,,,q_v2,/home/gkl/work/evokv/results/read_correction_2026_09/v2/summary.json,9bdfa1b41203795fbdcb481012e9988d6fb3a011f9aaf9e8601179645059fcc6,,3000,
history_conditioned,max,v1_to_v2,512,17.634048589819354,19.139408226803322,0.0645937813824845,history_conditioned,0.5327150522639669,102450718735008,14.991027219714498,,,18062767482880,development_exploration,120513486217888,,,0.5849459661385288,735280200657912,,683413599571592,2.6430213701048553,,measurement,,,,"{""Brier"": 0.5469550970371045, ""ROC_AUC"": 0.5327150522639669, ""dislike_PR_AUC"": 0.663481206121686, ""dislike_only_log_loss"": 2.6120778724196394, ""log_loss"": 1.7176894495341555}",evaluation,26163,51866601086320,0.5203521847560443,,,h_v1,/home/gkl/work/evokv/results/read_correction_2026_09/runtime/development/v1/max/v1_to_v2/summary.json,2ff26ec9b131dea7e210874efaf7444c628b93aad99dc9fdcfedb94f4ff15877,,3000,
history_conditioned,max,v1_to_v2,map_all,79.178316930508,50.323982382243194,0.0645937813824845,history_conditioned,0.5528583479189905,32807899635148,4.800592153231092,128,975041229593,508307486179840,development_exploration,541115385814988,1024.0321119845923,405.2291366019544,0.5849459661385288,735280200657912,736255241887505,683413599571592,74.37772477727691,80691545932224,measurement,80.67270619468863,1124.0321119845923,593957028130901,"{""Brier"": 0.5483347806538881, ""ROC_AUC"": 0.5528583479189905, ""dislike_PR_AUC"": 0.6814703611862276, ""dislike_only_log_loss"": 2.618764267961065, ""log_loss"": 1.7201074182669485}",evaluation,26163,51866601086320,0.5203521847560443,52841642315913,133533188248137,h_v4,/home/gkl/work/evokv/results/read_correction_2026_09/v4/population_run/evaluation/max/v1_to_v2/summary.json,995bf3ab9ba8c0c0287958da718c8fba4113d374e25ed830ae8df73ac661b922,,3000,map_all
query_only,max,v2_to_v3,128,1.6153851597372213,2.0048754598674803,0.16994991985021024,query_only,0.5114640738583033,10273802975260,1.6139899037143473,,,8881459200,development_exploration,10282684434460,,,0.6780067094713722,697479595693638,,636546917153350,0.0013952560228738607,,measurement,,,,"{""Brier"": 0.5333449241225952, ""ROC_AUC"": 0.5114640738583033, ""dislike_PR_AUC"": 0.6202535446070615, ""dislike_only_log_loss"": 2.6699913753587645, ""log_loss"": 1.700936605180682}",evaluation,25140,60932678540288,0.508056789621162,,,q_v2,/home/gkl/work/evokv/results/read_correction_2026_09/v2/summary.json,9bdfa1b41203795fbdcb481012e9988d6fb3a011f9aaf9e8601179645059fcc6,,3000,
query_only,max,v2_to_v3,256,3.2243822071841737,1.5689859893592133,0.16994991985021024,query_only,0.510723280052539,20515824077872,3.2229869511612996,,,8881459200,development_exploration,20524705537072,,,0.6780067094713722,697479595693638,,636546917153350,0.0013952560228738607,,measurement,,,,"{""Brier"": 0.5316363060874633, ""ROC_AUC"": 0.510723280052539, ""dislike_PR_AUC"": 0.615132591257141, ""dislike_only_log_loss"": 2.631146957444547, ""log_loss"": 1.6774119080091134}",evaluation,25140,60932678540288,0.508056789621162,,,q_v2,/home/gkl/work/evokv/results/read_correction_2026_09/v2/summary.json,9bdfa1b41203795fbdcb481012e9988d6fb3a011f9aaf9e8601179645059fcc6,,3000,
query_only,max,v2_to_v3,512,6.357943649496946,-0.28298761252628085,0.16994991985021024,query_only,0.5075758524004875,40462412836020,6.356548393474072,,,8881459200,development_exploration,40471294295220,,,0.6780067094713722,697479595693638,,636546917153350,0.0013952560228738607,,measurement,,,,"{""Brier"": 0.5339724439687982, ""ROC_AUC"": 0.5075758524004875, ""dislike_PR_AUC"": 0.6151422636671288, ""dislike_only_log_loss"": 2.655619873332575, ""log_loss"": 1.69174071404357}",evaluation,25140,60932678540288,0.508056789621162,,,q_v2,/home/gkl/work/evokv/results/read_correction_2026_09/v2/summary.json,9bdfa1b41203795fbdcb481012e9988d6fb3a011f9aaf9e8601179645059fcc6,,3000,
query_only,max,v2_to_v3,1024,12.630366611415594,5.174158751774193,0.16994991985021024,query_only,0.5168502682727248,80389327830932,12.62897135539272,,,8881459200,development_exploration,80398209290132,,,0.6780067094713722,697479595693638,,636546917153350,0.0013952560228738607,,measurement,,,,"{""Brier"": 0.5306299649375221, ""ROC_AUC"": 0.5168502682727248, ""dislike_PR_AUC"": 0.6246078009628939, ""dislike_only_log_loss"": 2.6260397053051503, ""log_loss"": 1.6739323280956577}",evaluation,25140,60932678540288,0.508056789621162,,,q_v2,/home/gkl/work/evokv/results/read_correction_2026_09/v2/summary.json,9bdfa1b41203795fbdcb481012e9988d6fb3a011f9aaf9e8601179645059fcc6,,3000,
history_conditioned,max,v2_to_v3,512,18.85333855618193,3.867968113467522,0.16994991985021024,history_conditioned,0.5146303983298317,102683257523700,16.13129445083192,,,17327087836160,development_exploration,120010345359860,,,0.6780067094713722,697479595693638,,636546917153350,2.722044105350014,,measurement,,,,"{""Brier"": 0.5393522267827267, ""ROC_AUC"": 0.5146303983298317, ""dislike_PR_AUC"": 0.6324181301526377, ""dislike_only_log_loss"": 2.7231676163033063, ""log_loss"": 1.7305585417702019}",evaluation,25140,60932678540288,0.508056789621162,,,h_v1,/home/gkl/work/evokv/results/read_correction_2026_09/runtime/development/v1/max/v2_to_v3/summary.json,7a3de4711e48e024ffcc8a5157b6ca41a35345a02e65b4c737dc1e3e6318638b,,3000,
history_conditioned,max,v2_to_v3,map_all,81.78007143434523,56.04081117037652,0.16994991985021024,history_conditioned,0.6032981032886245,32965168034092,5.178749145705216,128,936037400380,487603355527040,development_exploration,520568523561132,841.4083202572951,366.1589028865318,0.6780067094713722,697479595693638,698415633094018,636546917153350,76.60132228864002,80301396395082,measurement,83.39407251260576,941.4083202572951,582437239501800,"{""Brier"": 0.5114533929872541, ""ROC_AUC"": 0.6032981032886245, ""dislike_PR_AUC"": 0.7156589978042028, ""dislike_only_log_loss"": 2.4386800054767903, ""log_loss"": 1.5566450630340019}",evaluation,25140,60932678540288,0.508056789621162,61868715940668,142170112335750,h_v4,/home/gkl/work/evokv/results/read_correction_2026_09/v4/population_run/evaluation/max/v2_to_v3/summary.json,8282a7e178eeb6cb282a59bd74996b27b2d7e1b2d52111193273b388df2e146b,,3000,map_all
query_only,max,v3_to_v4,128,1.1443783041469864,-10.51183786556865,0.05953653142759896,query_only,0.5585418396841364,10211671407168,1.143053081142556,,,11839119360,development_exploration,10223510526528,,,0.6243367547661879,952852520025750,,893368083742950,0.0013252230044303313,,measurement,,,,"{""Brier"": 0.5771274323612116, ""ROC_AUC"": 0.5585418396841364, ""dislike_PR_AUC"": 0.7299549354215953, ""dislike_only_log_loss"": 2.49249233189266, ""log_loss"": 1.7661165263764982}",evaluation,33512,59484436282800,0.5648002233385889,,,q_v2,/home/gkl/work/evokv/results/read_correction_2026_09/v2/summary.json,9bdfa1b41203795fbdcb481012e9988d6fb3a011f9aaf9e8601179645059fcc6,,3000,
query_only,max,v3_to_v4,256,2.276968503999181,-0.5819017173297929,0.05953653142759896,query_only,0.5644537792397731,20329870772248,2.2756432809947507,,,11839119360,development_exploration,20341709891608,,,0.6243367547661879,952852520025750,,893368083742950,0.0013252230044303313,,measurement,,,,"{""Brier"": 0.575111817512821, ""ROC_AUC"": 0.5644537792397731, ""dislike_PR_AUC"": 0.7355506964480771, ""dislike_only_log_loss"": 2.490791785229517, ""log_loss"": 1.7648673813008666}",evaluation,33512,59484436282800,0.5648002233385889,,,q_v2,/home/gkl/work/evokv/results/read_correction_2026_09/v2/summary.json,9bdfa1b41203795fbdcb481012e9988d6fb3a011f9aaf9e8601179645059fcc6,,3000,
query_only,max,v3_to_v4,512,4.530288518526156,-7.816146206880222,0.05953653142759896,query_only,0.5601467609957026,40460312606624,4.528963295521726,,,11839119360,development_exploration,40472151725984,,,0.6243367547661879,952852520025750,,893368083742950,0.0013252230044303313,,measurement,,,,"{""Brier"": 0.5749082934448982, ""ROC_AUC"": 0.5601467609957026, ""dislike_PR_AUC"": 0.7343747126746746, ""dislike_only_log_loss"": 2.4872543675950927, ""log_loss"": 1.7623526397114797}",evaluation,33512,59484436282800,0.5648002233385889,,,q_v2,/home/gkl/work/evokv/results/read_correction_2026_09/v2/summary.json,9bdfa1b41203795fbdcb481012e9988d6fb3a011f9aaf9e8601179645059fcc6,,3000,
query_only,max,v3_to_v4,1024,9.03096056519992,-5.265047900333798,0.05953653142759896,query_only,0.5616655964407286,80667880225548,9.029635342195489,,,11839119360,development_exploration,80679719344908,,,0.6243367547661879,952852520025750,,893368083742950,0.0013252230044303313,,measurement,,,,"{""Brier"": 0.5770748424623992, ""ROC_AUC"": 0.5616655964407286, ""dislike_PR_AUC"": 0.7369748662231586, ""dislike_only_log_loss"": 2.5074626648170484, ""log_loss"": 1.7755903482717408}",evaluation,33512,59484436282800,0.5648002233385889,,,q_v2,/home/gkl/work/evokv/results/read_correction_2026_09/v2/summary.json,9bdfa1b41203795fbdcb481012e9988d6fb3a011f9aaf9e8601179645059fcc6,,3000,
history_conditioned,max,v3_to_v4,512,14.124284870160022,27.59102381247083,0.05953653142759896,history_conditioned,0.5812269619018969,102680162805984,11.493600977525888,,,23501690280960,development_exploration,126181853086944,,,0.6243367547661879,952852520025750,,893368083742950,2.630683892634133,,measurement,,,,"{""Brier"": 0.5648679300730984, ""ROC_AUC"": 0.5812269619018969, ""dislike_PR_AUC"": 0.7507033595628299, ""dislike_only_log_loss"": 2.4023973665820484, ""log_loss"": 1.7042451699498322}",evaluation,33512,59484436282800,0.5648002233385889,,,h_v1,/home/gkl/work/evokv/results/read_correction_2026_09/runtime/development/v1/max/v3_to_v4/summary.json,dddb4c8e2da1804266a82f2fe9f141a2bfb48d5edd01b23b59dd48bc0e9ce4f5,,3000,
history_conditioned,max,v3_to_v4,map_all,77.72027847020915,25.053032677027833,0.05953653142759896,history_conditioned,0.5797159300119142,32947582786272,3.688018789324922,128,1259836642392,661380579662720,development_exploration,694328162448992,1143.0347735070818,485.8382090531605,0.6243367547661879,952852520025750,954112356668142,893368083742950,74.03225968088422,82169180465424,measurement,79.13873351467475,1243.0347735070818,755072435374184,"{""Brier"": 0.5631660441255589, ""ROC_AUC"": 0.5797159300119142, ""dislike_PR_AUC"": 0.7538930822007048, ""dislike_only_log_loss"": 2.384942468799986, ""log_loss"": 1.69228301041396}",evaluation,33512,59484436282800,0.5648002233385889,60744272925192,142913453390616,h_v4,/home/gkl/work/evokv/results/read_correction_2026_09/v4/population_run/evaluation/max/v3_to_v4/summary.json,a5776ac8e859eaa9c55c14182b74969d9d5347507cfc6ddd8b371ea1e2614606,,3000,map_all
query_only,max,v4_to_v5,128,1.3734731095919563,4.727383937140959,0.14486436379483347,query_only,0.5109266757215648,9945896765048,1.3721085073444754,,,9891486720,development_exploration,9955788251768,,,0.6489427448517199,780158976176652,,724862262117804,0.0013646022474808385,,measurement,,,,"{""Brier"": 0.5251892627318017, ""ROC_AUC"": 0.5109266757215648, ""dislike_PR_AUC"": 0.6268270985399025, ""dislike_only_log_loss"": 2.391192145795678, ""log_loss"": 1.5817485120139658}",evaluation,27999,55296714058848,0.5040783810568864,,,q_v2,/home/gkl/work/evokv/results/read_correction_2026_09/v2/summary.json,9bdfa1b41203795fbdcb481012e9988d6fb3a011f9aaf9e8601179645059fcc6,,3000,
query_only,max,v4_to_v5,256,2.7593733907561804,9.923711144779375,0.14486436379483347,query_only,0.518454302071608,19991764893792,2.7580087885086995,,,9891486720,development_exploration,20001656380512,,,0.6489427448517199,780158976176652,,724862262117804,0.0013646022474808385,,measurement,,,,"{""Brier"": 0.5265655005387585, ""ROC_AUC"": 0.518454302071608, ""dislike_PR_AUC"": 0.6334968916625985, ""dislike_only_log_loss"": 2.418005765499565, ""log_loss"": 1.597921436199497}",evaluation,27999,55296714058848,0.5040783810568864,,,q_v2,/home/gkl/work/evokv/results/read_correction_2026_09/v2/summary.json,9bdfa1b41203795fbdcb481012e9988d6fb3a011f9aaf9e8601179645059fcc6,,3000,
query_only,max,v4_to_v5,512,5.5103602170499775,8.520483933546048,0.14486436379483347,query_only,0.5164215258994589,39932630233428,5.5089956148024966,,,9891486720,development_exploration,39942521720148,,,0.6489427448517199,780158976176652,,724862262117804,0.0013646022474808385,,measurement,,,,"{""Brier"": 0.5246693916511194, ""ROC_AUC"": 0.5164215258994589, ""dislike_PR_AUC"": 0.6327240427659798, ""dislike_only_log_loss"": 2.3979592847095184, ""log_loss"": 1.5860590964401406}",evaluation,27999,55296714058848,0.5040783810568864,,,q_v2,/home/gkl/work/evokv/results/read_correction_2026_09/v2/summary.json,9bdfa1b41203795fbdcb481012e9988d6fb3a011f9aaf9e8601179645059fcc6,,3000,
query_only,max,v4_to_v5,1024,11.008274360618294,8.364642171200892,0.14486436379483347,query_only,0.5161957667219109,79784935063792,11.006909758370815,,,9891486720,development_exploration,79794826550512,,,0.6489427448517199,780158976176652,,724862262117804,0.0013646022474808385,,measurement,,,,"{""Brier"": 0.523247665885465, ""ROC_AUC"": 0.5161957667219109, ""dislike_PR_AUC"": 0.6344812712006291, ""dislike_only_log_loss"": 2.3835456923478695, ""log_loss"": 1.5769928966885391}",evaluation,27999,55296714058848,0.5040783810568864,,,q_v2,/home/gkl/work/evokv/results/read_correction_2026_09/v2/summary.json,9bdfa1b41203795fbdcb481012e9988d6fb3a011f9aaf9e8601179645059fcc6,,3000,
history_conditioned,max,v4_to_v5,512,16.761642787633786,0.1363934851076598,0.14486436379483347,history_conditioned,0.5042759666113452,102159874531988,14.093694743262143,,,19338948546560,development_exploration,121498823078548,,,0.6489427448517199,780158976176652,,724862262117804,2.6679480443716423,,measurement,,,,"{""Brier"": 0.5251063162574205, ""ROC_AUC"": 0.5042759666113452, ""dislike_PR_AUC"": 0.6243078597959397, ""dislike_only_log_loss"": 2.3891611533710937, ""log_loss"": 1.5814656200833477}",evaluation,27999,55296714058848,0.5040783810568864,,,h_v1,/home/gkl/work/evokv/results/read_correction_2026_09/runtime/development/v1/max/v4_to_v5/summary.json,cbab229868736c7348083a7b4f8d3a5fdc1660a9be5c697c2a875d0dc54e3bf4,,3000,
history_conditioned,max,v4_to_v5,map_all,79.59658379949929,21.471038331455397,0.14486436379483347,history_conditioned,0.5351822641358941,32744514230344,4.5173429410817345,128,1043722706269,544221083667200,development_exploration,576965597897544,1024.0701546260827,427.8542746118542,0.6489427448517199,780158976176652,781202698882921,724862262117804,75.07924085841755,78510523511244,measurement,81.06808073861694,1124.0701546260827,633306034662661,"{""Brier"": 0.5138142644406808, ""ROC_AUC"": 0.5351822641358941, ""dislike_PR_AUC"": 0.6634860893382641, ""dislike_only_log_loss"": 2.304317184686821, ""log_loss"": 1.5263351603370838}",evaluation,27999,55296714058848,0.5040783810568864,56340436765117,134850960276361,h_v4,/home/gkl/work/evokv/results/read_correction_2026_09/v4/population_run/evaluation/max/v4_to_v5/summary.json,7cfc1a2406861e9eeecf1ae3d6235887f7d7700f7c948a9ccc0acc3322c1fe86,,3000,map_all
query_only,medium,v0_to_v1,128,1.441183112404576,30.830777200063643,0.11899985789955553,query_only,0.5322484420579291,1639551541460,1.4393677831366265,,,2067800832,development_exploration,1641619342292,,,0.6145597189000803,125170025908124,,113907755937620,0.001815329267949412,,measurement,,,,"{""Brier"": 0.1943225833216078, ""ROC_AUC"": 0.5322484420579291, ""dislike_PR_AUC"": 0.2772878548935795, ""dislike_only_log_loss"": 2.1632336863923176, ""log_loss"": 0.6104103377990072}",evaluation,26014,11262269970504,0.4955598610005248,,,q_v2,/home/gkl/work/evokv/results/read_correction_2026_09/v2/summary.json,9bdfa1b41203795fbdcb481012e9988d6fb3a011f9aaf9e8601179645059fcc6,,3000,
query_only,medium,v0_to_v1,256,2.845751617155183,37.525491750136744,0.11899985789955553,query_only,0.540215142859297,3239464005828,2.8439362878872334,,,2067800832,development_exploration,3241531806660,,,0.6145597189000803,125170025908124,,113907755937620,0.001815329267949412,,measurement,,,,"{""Brier"": 0.19583934590851465, ""ROC_AUC"": 0.540215142859297, ""dislike_PR_AUC"": 0.27984301042098414, ""dislike_only_log_loss"": 2.1539196095884368, ""log_loss"": 0.6138881519924254}",evaluation,26014,11262269970504,0.4955598610005248,,,q_v2,/home/gkl/work/evokv/results/read_correction_2026_09/v2/summary.json,9bdfa1b41203795fbdcb481012e9988d6fb3a011f9aaf9e8601179645059fcc6,,3000,
query_only,medium,v0_to_v1,512,5.718986798001274,38.68593602580019,0.11899985789955553,query_only,0.54159606989834,6512301723140,5.717171468733325,,,2067800832,development_exploration,6514369523972,,,0.6145597189000803,125170025908124,,113907755937620,0.001815329267949412,,measurement,,,,"{""Brier"": 0.19368401365929364, ""ROC_AUC"": 0.54159606989834, ""dislike_PR_AUC"": 0.2833445996741928, ""dislike_only_log_loss"": 2.1858479156465354, ""log_loss"": 0.609042295696566}",evaluation,26014,11262269970504,0.4955598610005248,,,q_v2,/home/gkl/work/evokv/results/read_correction_2026_09/v2/summary.json,9bdfa1b41203795fbdcb481012e9988d6fb3a011f9aaf9e8601179645059fcc6,,3000,
query_only,medium,v0_to_v1,1024,11.377049817827158,43.31929435605839,0.11899985789955553,query_only,0.5471097597273245,12957274338560,11.375234488559208,,,2067800832,development_exploration,12959342139392,,,0.6145597189000803,125170025908124,,113907755937620,0.001815329267949412,,measurement,,,,"{""Brier"": 0.19343324990658484, ""ROC_AUC"": 0.5471097597273245, ""dislike_PR_AUC"": 0.2881648518575529, ""dislike_only_log_loss"": 2.185627023791903, ""log_loss"": 0.6080008214876341}",evaluation,26014,11262269970504,0.4955598610005248,,,q_v2,/home/gkl/work/evokv/results/read_correction_2026_09/v2/summary.json,9bdfa1b41203795fbdcb481012e9988d6fb3a011f9aaf9e8601179645059fcc6,,3000,
history_conditioned,medium,v0_to_v1,512,21.18808982201803,112.71420223488961,0.11899985789955553,history_conditioned,0.6296896014926611,20169433734980,17.706813349940376,,,3965443907328,development_exploration,24134877642308,,,0.6145597189000803,125170025908124,,113907755937620,3.4812764720776523,,measurement,,,,"{""Brier"": 0.19064957448893388, ""ROC_AUC"": 0.6296896014926611, ""dislike_PR_AUC"": 0.33784260865668925, ""dislike_only_log_loss"": 2.1746836610000604, ""log_loss"": 0.5961174673716588}",evaluation,26014,11262269970504,0.4955598610005248,,,h_v1,/home/gkl/work/evokv/results/read_correction_2026_09/runtime/development/v1/medium/v0_to_v1/summary.json,c2d7efd2937317df6a649914fb18b57d0c0f4a82ab3f5703e4c78dc56fd43662,,3000,
history_conditioned,medium,v0_to_v1,map_all,63.23960892746309,99.82907998243522,0.11899985789955553,history_conditioned,0.6143563243220563,4837173575368,4.246570863898865,128,178467862794,67197645817632,development_exploration,72034819393000,629.6343858465522,280.9998673751776,0.6145597189000803,125170025908124,125348493770918,113907755937620,58.99303806356422,14194441309624,measurement,66.59478284506127,729.6343858465522,83475557226298,"{""Brier"": 0.1914065514522101, ""ROC_AUC"": 0.6143563243220563, ""dislike_PR_AUC"": 0.32901234561817916, ""dislike_only_log_loss"": 2.1741529355373936, ""log_loss"": 0.5977101335914358}",evaluation,26014,11262269970504,0.4955598610005248,11440737833298,25635179142922,h_v4,/home/gkl/work/evokv/results/read_correction_2026_09/v4/population_run/evaluation/medium/v0_to_v1/summary.json,c8d072085e77a8a260800d5187210a25198ce3c745980a6838064de0cd0afac6,,3000,map_all
query_only,medium,v1_to_v2,128,1.3989417306781864,47.36165159775583,0.08292015872378772,query_only,0.4649698468177557,1629811190556,1.3971699760734255,,,2066767488,development_exploration,1631877958044,,,0.508617648862477,128043672379278,,116650888472166,0.0017717546047608117,,measurement,,,,"{""Brier"": 0.2261927377954645, ""ROC_AUC"": 0.4649698468177557, ""dislike_PR_AUC"": 0.29861833591986375, ""dislike_only_log_loss"": 2.1460764953739533, ""log_loss"": 0.706937563288958}",evaluation,26001,11392783907112,0.42569749013868924,,,q_v2,/home/gkl/work/evokv/results/read_correction_2026_09/v2/summary.json,9bdfa1b41203795fbdcb481012e9988d6fb3a011f9aaf9e8601179645059fcc6,,3000,
query_only,medium,v1_to_v2,256,2.838439061893687,45.62114992215175,0.08292015872378772,query_only,0.4635266200657546,3308997616952,2.8366673072889266,,,2066767488,development_exploration,3311064384440,,,0.508617648862477,128043672379278,,116650888472166,0.0017717546047608117,,measurement,,,,"{""Brier"": 0.22414433352313298, ""ROC_AUC"": 0.4635266200657546, ""dislike_PR_AUC"": 0.30683280061223384, ""dislike_only_log_loss"": 2.1023716891231716, ""log_loss"": 0.6992827090747059}",evaluation,26001,11392783907112,0.42569749013868924,,,q_v2,/home/gkl/work/evokv/results/read_correction_2026_09/v2/summary.json,9bdfa1b41203795fbdcb481012e9988d6fb3a011f9aaf9e8601179645059fcc6,,3000,
query_only,medium,v1_to_v2,512,5.686680180400709,43.32193463283165,0.08292015872378772,query_only,0.4616201070984488,6631496187520,5.684908425795949,,,2066767488,development_exploration,6633562955008,,,0.508617648862477,128043672379278,,116650888472166,0.0017717546047608117,,measurement,,,,"{""Brier"": 0.2250293861440384, ""ROC_AUC"": 0.4616201070984488, ""dislike_PR_AUC"": 0.30189332085677584, ""dislike_only_log_loss"": 2.1279490832552526, ""log_loss"": 0.7020818563610403}",evaluation,26001,11392783907112,0.42569749013868924,,,q_v2,/home/gkl/work/evokv/results/read_correction_2026_09/v2/summary.json,9bdfa1b41203795fbdcb481012e9988d6fb3a011f9aaf9e8601179645059fcc6,,3000,
query_only,medium,v1_to_v2,1024,11.348473996295994,21.840351683675248,0.08292015872378772,query_only,0.4438075444206262,13236028977224,11.346702241691233,,,2066767488,development_exploration,13238095744712,,,0.508617648862477,128043672379278,,116650888472166,0.0017717546047608117,,measurement,,,,"{""Brier"": 0.2281300236978845, ""ROC_AUC"": 0.4438075444206262, ""dislike_PR_AUC"": 0.2839068211029024, ""dislike_only_log_loss"": 2.184602528862095, ""log_loss"": 0.7130150779155208}",evaluation,26001,11392783907112,0.42569749013868924,,,q_v2,/home/gkl/work/evokv/results/read_correction_2026_09/v2/summary.json,9bdfa1b41203795fbdcb481012e9988d6fb3a011f9aaf9e8601179645059fcc6,,3000,
history_conditioned,medium,v1_to_v2,512,20.864394041006722,79.28443474317525,0.08292015872378772,history_conditioned,0.49144026927098805,20273778902080,17.379875256515955,,,4064722121088,development_exploration,24338501023168,,,0.508617648862477,128043672379278,,116650888472166,3.484518784490768,,measurement,,,,"{""Brier"": 0.22743910828839412, ""ROC_AUC"": 0.49144026927098805, ""dislike_PR_AUC"": 0.310555510526058, ""dislike_only_log_loss"": 2.2115562960888786, ""log_loss"": 0.7096092651689545}",evaluation,26001,11392783907112,0.42569749013868924,,,h_v1,/home/gkl/work/evokv/results/read_correction_2026_09/runtime/development/v1/medium/v1_to_v2/summary.json,2ec3856cae97cef1b3ba9abfd5ee47a366357d27856473f4e1505eb5ec5f6de1,,3000,
history_conditioned,medium,v1_to_v2,map_all,63.210616414216204,70.9251959780534,0.08292015872378772,history_conditioned,0.4845087752188486,4853126914012,4.160385726654797,128,181404462195,68882618741904,development_exploration,73735745655916,637.0705513265368,283.392963073856,0.508617648862477,128043672379278,128225076841473,116650888472166,59.05023068756141,14444716566134,measurement,66.5313962967581,737.0705513265368,85309934025223,"{""Brier"": 0.2270900544910397, ""ROC_AUC"": 0.4845087752188486, ""dislike_PR_AUC"": 0.3034616725239862, ""dislike_only_log_loss"": 2.195903153390889, ""log_loss"": 0.7079188096629592}",evaluation,26001,11392783907112,0.42569749013868924,11574188369307,26018904935441,h_v4,/home/gkl/work/evokv/results/read_correction_2026_09/v4/population_run/evaluation/medium/v1_to_v2/summary.json,8f5e83c9f5461d59cfd9d29a523fe83c90909dc0e79d57fe5fe522c7b2d6ab57,,3000,map_all
query_only,medium,v2_to_v3,128,1.3418487010945168,13.34718013212899,0.08287682637665184,query_only,0.4613451761070804,1663537490440,1.3400997586779313,,,2171055744,development_exploration,1665708546184,,,0.5331602831794487,136173392585440,,124135347362584,0.001748942416585515,,measurement,,,,"{""Brier"": 0.26020389679486666, ""ROC_AUC"": 0.4613451761070804, ""dislike_PR_AUC"": 0.33745165931062787, ""dislike_only_log_loss"": 2.0927716453198615, ""log_loss"": 0.7846765578002903}",evaluation,27313,12038045222856,0.4502834568027969,,,q_v2,/home/gkl/work/evokv/results/read_correction_2026_09/v2/summary.json,9bdfa1b41203795fbdcb481012e9988d6fb3a011f9aaf9e8601179645059fcc6,,3000,
query_only,medium,v2_to_v3,256,2.6918981134129414,18.609734397823605,0.08287682637665184,query_only,0.46570661406883723,3339426017988,2.6901491709963556,,,2171055744,development_exploration,3341597073732,,,0.5331602831794487,136173392585440,,124135347362584,0.001748942416585515,,measurement,,,,"{""Brier"": 0.2610630954306318, ""ROC_AUC"": 0.46570661406883723, ""dislike_PR_AUC"": 0.3416349232125209, ""dislike_only_log_loss"": 2.113206026059244, ""log_loss"": 0.788867686470419}",evaluation,27313,12038045222856,0.4502834568027969,,,q_v2,/home/gkl/work/evokv/results/read_correction_2026_09/v2/summary.json,9bdfa1b41203795fbdcb481012e9988d6fb3a011f9aaf9e8601179645059fcc6,,3000,
query_only,medium,v2_to_v3,512,5.385122813190675,20.622877301955597,0.08287682637665184,query_only,0.4673750430182086,6682669854312,5.38337387077409,,,2171055744,development_exploration,6684840910056,,,0.5331602831794487,136173392585440,,124135347362584,0.001748942416585515,,measurement,,,,"{""Brier"": 0.2609949058959636, ""ROC_AUC"": 0.4673750430182086, ""dislike_PR_AUC"": 0.3397107858811346, ""dislike_only_log_loss"": 2.111677536252899, ""log_loss"": 0.7886920985062856}",evaluation,27313,12038045222856,0.4502834568027969,,,q_v2,/home/gkl/work/evokv/results/read_correction_2026_09/v2/summary.json,9bdfa1b41203795fbdcb481012e9988d6fb3a011f9aaf9e8601179645059fcc6,,3000,
query_only,medium,v2_to_v3,1024,10.700580347257102,21.822481873082744,0.08287682637665184,query_only,0.468369237215828,13281031528136,10.698831404840515,,,2171055744,development_exploration,13283202583880,,,0.5331602831794487,136173392585440,,124135347362584,0.001748942416585515,,measurement,,,,"{""Brier"": 0.26099239094958365, ""ROC_AUC"": 0.468369237215828, ""dislike_PR_AUC"": 0.3457614103095445, ""dislike_only_log_loss"": 2.1146158027552597, ""log_loss"": 0.7890214004643339}",evaluation,27313,12038045222856,0.4502834568027969,,,q_v2,/home/gkl/work/evokv/results/read_correction_2026_09/v2/summary.json,9bdfa1b41203795fbdcb481012e9988d6fb3a011f9aaf9e8601179645059fcc6,,3000,
history_conditioned,medium,v2_to_v3,512,19.848399762385874,41.08138467448822,0.08287682637665184,history_conditioned,0.48433040465259697,20319177812904,16.368567249064196,,,4319702178048,development_exploration,24638879990952,,,0.5331602831794487,136173392585440,,124135347362584,3.4798325133216763,,measurement,,,,"{""Brier"": 0.26052827598489003, ""ROC_AUC"": 0.48433040465259697, ""dislike_PR_AUC"": 0.36065424221164294, ""dislike_only_log_loss"": 2.1182693017805105, ""log_loss"": 0.7876839575777078}",evaluation,27313,12038045222856,0.4502834568027969,,,h_v1,/home/gkl/work/evokv/results/read_correction_2026_09/runtime/development/v1/medium/v2_to_v3/summary.json,9ba254158e5f6964c5ed6fa11f253a27b19d77f2aaea65ce950af569190f9b1f,,3000,
history_conditioned,medium,v2_to_v3,map_all,62.88707613718236,62.78010847055243,0.08287682637665184,history_conditioned,0.5023136182990103,4860204320488,3.915246079178354,128,192048416871,73204886088576,development_exploration,78065090409064,638.3032927522751,291.6002934672903,0.5331602831794487,136173392585440,136365441002311,124135347362584,58.97183005800401,14541172424798,measurement,66.21559200417997,738.3032927522751,90295184048791,"{""Brier"": 0.26076407694945813, ""ROC_AUC"": 0.5023136182990103, ""dislike_PR_AUC"": 0.37443918029311596, ""dislike_only_log_loss"": 2.135112829790831, ""log_loss"": 0.7890213689552287}",evaluation,27313,12038045222856,0.4502834568027969,12230093639727,26771266064525,h_v4,/home/gkl/work/evokv/results/read_correction_2026_09/v4/population_run/evaluation/medium/v2_to_v3/summary.json,6d487cd2344efe6c5eac664568d3b4387e94eee6bf61144ebfaf1ff1bb1e20a2,,3000,map_all
query_only,medium,v3_to_v4,128,1.5800235609596451,39.02550453585715,0.19341059315969744,query_only,0.4638471318707229,1709586711556,1.578251031100035,,,1920032640,development_exploration,1711506744196,,,0.5817782652240544,119023156247786,,108321596366354,0.0017725298596101427,,measurement,,,,"{""Brier"": 0.23574223065212724, ""ROC_AUC"": 0.4638471318707229, ""dislike_PR_AUC"": 0.3098193366144157, ""dislike_only_log_loss"": 2.1380344386343264, ""log_loss"": 0.7270366212115417}",evaluation,24155,10701559881432,0.38836767206435696,,,q_v2,/home/gkl/work/evokv/results/read_correction_2026_09/v2/summary.json,9bdfa1b41203795fbdcb481012e9988d6fb3a011f9aaf9e8601179645059fcc6,,3000,
query_only,medium,v3_to_v4,256,3.116817723698803,49.44356680298967,0.19341059315969744,query_only,0.48399676789733054,3374266681500,3.115045193839193,,,1920032640,development_exploration,3376186714140,,,0.5817782652240544,119023156247786,,108321596366354,0.0017725298596101427,,measurement,,,,"{""Brier"": 0.23502865064338443, ""ROC_AUC"": 0.48399676789733054, ""dislike_PR_AUC"": 0.3151459403265348, ""dislike_only_log_loss"": 2.1267030642963447, ""log_loss"": 0.7234155258531733}",evaluation,24155,10701559881432,0.38836767206435696,,,q_v2,/home/gkl/work/evokv/results/read_correction_2026_09/v2/summary.json,9bdfa1b41203795fbdcb481012e9988d6fb3a011f9aaf9e8601179645059fcc6,,3000,
query_only,medium,v3_to_v4,512,6.191030788644317,59.290788834642605,0.19341059315969744,query_only,0.5030423384385029,6704303349152,6.189258258784707,,,1920032640,development_exploration,6706223381792,,,0.5817782652240544,119023156247786,,108321596366354,0.0017725298596101427,,measurement,,,,"{""Brier"": 0.23546533207340906, ""ROC_AUC"": 0.5030423384385029, ""dislike_PR_AUC"": 0.3175654200520006, ""dislike_only_log_loss"": 2.1393005189665737, ""log_loss"": 0.7236086895797386}",evaluation,24155,10701559881432,0.38836767206435696,,,q_v2,/home/gkl/work/evokv/results/read_correction_2026_09/v2/summary.json,9bdfa1b41203795fbdcb481012e9988d6fb3a011f9aaf9e8601179645059fcc6,,3000,
query_only,medium,v3_to_v4,1024,12.33106592114526,56.960821481820155,0.19341059315969744,query_only,0.4985359347609817,13355287422132,12.329293391285649,,,1920032640,development_exploration,13357207454772,,,0.5817782652240544,119023156247786,,108321596366354,0.0017725298596101427,,measurement,,,,"{""Brier"": 0.2361125779085743, ""ROC_AUC"": 0.4985359347609817, ""dislike_PR_AUC"": 0.3134619660735652, ""dislike_only_log_loss"": 2.1485260565249686, ""log_loss"": 0.7256127270904635}",evaluation,24155,10701559881432,0.38836767206435696,,,q_v2,/home/gkl/work/evokv/results/read_correction_2026_09/v2/summary.json,9bdfa1b41203795fbdcb481012e9988d6fb3a011f9aaf9e8601179645059fcc6,,3000,
history_conditioned,medium,v3_to_v4,512,22.28517804735942,113.50995121685375,0.19341059315969744,history_conditioned,0.607907942008157,20333514783968,18.77143198222274,,,3806145830016,development_exploration,24139660613984,,,0.5817782652240544,119023156247786,,108321596366354,3.5137460651366794,,measurement,,,,"{""Brier"": 0.23423084358486668, ""ROC_AUC"": 0.607907942008157, ""dislike_PR_AUC"": 0.41033297583369915, ""dislike_only_log_loss"": 2.191305656648602, ""log_loss"": 0.7192936371796123}",evaluation,24155,10701559881432,0.38836767206435696,,,h_v1,/home/gkl/work/evokv/results/read_correction_2026_09/runtime/development/v1/medium/v3_to_v4/summary.json,a4d61cee25a50c18b6f771705dc72acca0455f2d40f815e2546bd8c08e332fdb,,3000,
history_conditioned,medium,v3_to_v4,map_all,64.07466454943288,86.09076586215366,0.19341059315969744,history_conditioned,0.5548763329740747,4905273400556,4.528435293702556,128,169421917809,64501426105776,development_exploration,69406699506332,638.4584280251293,273.206788455427,0.5817782652240544,119023156247786,119192578165595,108321596366354,59.546229255730324,14533474619548,measurement,67.35124161341884,738.4584280251293,80277681305573,"{""Brier"": 0.23513011720762528, ""ROC_AUC"": 0.5548763329740747, ""dislike_PR_AUC"": 0.3608279312730362, ""dislike_only_log_loss"": 2.1676474042033838, ""log_loss"": 0.7209825471464684}",evaluation,24155,10701559881432,0.38836767206435696,10870981799241,25404456418789,h_v4,/home/gkl/work/evokv/results/read_correction_2026_09/v4/population_run/evaluation/medium/v3_to_v4/summary.json,7968c1f83e774c84e7b32b987479155c4c14f6a5c0864919e6f3b84533b78191,,3000,map_all
query_only,medium,v4_to_v5,128,1.225777277809263,18.20021956023175,0.10292328765840719,query_only,0.5329423344357134,1683440758808,1.224051466884008,,,2373511680,development_exploration,1685814270488,,,0.6171333577616815,148293839245218,,137530226820726,0.001725810925254948,,measurement,,,,"{""Brier"": 0.1932991920262043, ""ROC_AUC"": 0.5329423344357134, ""dislike_PR_AUC"": 0.3010641417077475, ""dislike_only_log_loss"": 2.1473961590282986, ""log_loss"": 0.608620871229077}",evaluation,29860,10763612424492,0.5142100701032744,,,q_v2,/home/gkl/work/evokv/results/read_correction_2026_09/v2/summary.json,9bdfa1b41203795fbdcb481012e9988d6fb3a011f9aaf9e8601179645059fcc6,,3000,
query_only,medium,v4_to_v5,256,2.4097400679023364,16.00322328504087,0.10292328765840719,query_only,0.5306811136395542,3311747469496,2.4080142569770815,,,2373511680,development_exploration,3314120981176,,,0.6171333577616815,148293839245218,,137530226820726,0.001725810925254948,,measurement,,,,"{""Brier"": 0.1935760732833656, ""ROC_AUC"": 0.5306811136395542, ""dislike_PR_AUC"": 0.298874066422259, ""dislike_only_log_loss"": 2.151620464647217, ""log_loss"": 0.6097362975290961}",evaluation,29860,10763612424492,0.5142100701032744,,,q_v2,/home/gkl/work/evokv/results/read_correction_2026_09/v2/summary.json,9bdfa1b41203795fbdcb481012e9988d6fb3a011f9aaf9e8601179645059fcc6,,3000,
query_only,medium,v4_to_v5,512,4.873207982268796,13.74254360726841,0.10292328765840719,query_only,0.5283543477917653,6699760479780,4.8714821713435414,,,2373511680,development_exploration,6702133991460,,,0.6171333577616815,148293839245218,,137530226820726,0.001725810925254948,,measurement,,,,"{""Brier"": 0.19363600484891824, ""ROC_AUC"": 0.5283543477917653, ""dislike_PR_AUC"": 0.29220515905136324, ""dislike_only_log_loss"": 2.1482765033163704, ""log_loss"": 0.6099719772783141}",evaluation,29860,10763612424492,0.5142100701032744,,,q_v2,/home/gkl/work/evokv/results/read_correction_2026_09/v2/summary.json,9bdfa1b41203795fbdcb481012e9988d6fb3a011f9aaf9e8601179645059fcc6,,3000,
query_only,medium,v4_to_v5,1024,9.67155844870858,17.338102268250232,0.10292328765840719,query_only,0.5320550149753344,13298942759928,9.669832637783326,,,2373511680,development_exploration,13301316271608,,,0.6171333577616815,148293839245218,,137530226820726,0.001725810925254948,,measurement,,,,"{""Brier"": 0.19405814594118934, ""ROC_AUC"": 0.5320550149753344, ""dislike_PR_AUC"": 0.29218014759191246, ""dislike_only_log_loss"": 2.162267131427017, ""log_loss"": 0.6117859717438253}",evaluation,29860,10763612424492,0.5142100701032744,,,q_v2,/home/gkl/work/evokv/results/read_correction_2026_09/v2/summary.json,9bdfa1b41203795fbdcb481012e9988d6fb3a011f9aaf9e8601179645059fcc6,,3000,
history_conditioned,medium,v4_to_v5,512,18.214106531738043,58.82952441614679,0.10292328765840719,history_conditioned,0.574759350746178,20333658457956,14.78486506421706,,,4716243568512,development_exploration,25049902026468,,,0.6171333577616815,148293839245218,,137530226820726,3.4292414675209826,,measurement,,,,"{""Brier"": 0.1932191681947604, ""ROC_AUC"": 0.574759350746178, ""dislike_PR_AUC"": 0.317502379197706, ""dislike_only_log_loss"": 2.1720650517613684, ""log_loss"": 0.606986235681367}",evaluation,29860,10763612424492,0.5142100701032744,,,h_v1,/home/gkl/work/evokv/results/read_correction_2026_09/runtime/development/v1/medium/v4_to_v5/summary.json,ce301eff55a31e11a92c07e92b91cdf44786b81c3dd99de4b199e854fb869c7e,,3000,
history_conditioned,medium,v4_to_v5,map_all,61.663956451687845,68.63422984991708,0.10292328765840719,history_conditioned,0.5848506759238369,4881764577408,3.5495939258294826,128,209769695088,79924814597232,development_exploration,84806579174640,772.8390231059038,335.0271898801236,0.6171333577616815,148293839245218,148503608940306,137530226820726,58.11436252585836,14339960121384,measurement,64.4967229939312,872.8390231059038,95779961294220,"{""Brier"": 0.1930248488389079, ""ROC_AUC"": 0.5848506759238369, ""dislike_PR_AUC"": 0.3235566250534645, ""dislike_only_log_loss"": 2.1684133954503464, ""log_loss"": 0.6054526019211073}",evaluation,29860,10763612424492,0.5142100701032744,10973382119580,25313342240964,h_v4,/home/gkl/work/evokv/results/read_correction_2026_09/v4/population_run/evaluation/medium/v4_to_v5/summary.json,057fb618ced10653b6cb5f0393d2b7b0f929a3ab6221c25a3954124051e521cc,,3000,map_all
query_only,large,v0_to_v1,128,1.676068795497522,33.77784161598886,0.08156791927531248,query_only,0.5521617135649581,6217364216368,1.6504124456445537,128,546463319550,96651520000,development_exploration,6314015736368,19.123331792143603,7.55371802787167,0.6061777502579979,409186664006700,409733127326250,376715785970692,0.025656349852968295,50570842808460,measurement,9.599262170619758,119.1233317921436,39331357091926,"{""Brier"": 0.4484097044707481, ""ROC_AUC"": 0.5521617135649581, ""dislike_PR_AUC"": 0.6062956029075601, ""dislike_only_log_loss"": 2.3635418393123566, ""log_loss"": 1.337357539092571}",evaluation,23450,32470878036008,0.5246098309826854,33017341355558,83588184164018,q_v5,/home/gkl/work/evokv/results/read_correction_2026_09/v5/population_run/evaluation/large/v0_to_v1/summary.json,bec21dc32433649314ab5b47cd321d8a4dc4daf023216dee169423f5bd825345,query_pure_cross_phi_joint8_c128,3000,cross_phi_joint8
query_only,large,v0_to_v1,256,3.1721648121041834,37.164884067594485,0.08156791927531248,query_only,0.5549244536177044,11853394084204,3.1465084622512154,256,546463319550,96651520000,development_exploration,11950045604204,36.19324001746852,14.29633353531815,0.6061777502579979,409186664006700,409733127326250,376715785970692,0.025656349852968295,50570842808460,measurement,10.974798951014941,136.19324001746853,44967386959762,"{""Brier"": 0.4495921311323464, ""ROC_AUC"": 0.5549244536177044, ""dislike_PR_AUC"": 0.6074315981177044, ""dislike_only_log_loss"": 2.4011432805560986, ""log_loss"": 1.3564711366619222}",evaluation,23450,32470878036008,0.5246098309826854,33017341355558,83588184164018,q_v5,/home/gkl/work/evokv/results/read_correction_2026_09/v5/population_run/evaluation/large/v0_to_v1/summary.json,bec21dc32433649314ab5b47cd321d8a4dc4daf023216dee169423f5bd825345,query_pure_cross_phi_joint8_c256,3000,cross_phi_joint8
query_only,large,v0_to_v1,512,6.127323006324931,49.77930307717031,0.08156791927531248,query_only,0.5652137727324849,22985941502240,6.101666656471964,512,546463319550,96651520000,development_exploration,23082593022240,69.91051391348435,27.614660197602795,0.6061777502579979,409186664006700,409733127326250,376715785970692,0.025656349852968295,50570842808460,measurement,13.691822954097736,169.91051391348435,56099934377798,"{""Brier"": 0.4300216391584747, ""ROC_AUC"": 0.5652137727324849, ""dislike_PR_AUC"": 0.6135363666812453, ""dislike_only_log_loss"": 2.2263515813472563, ""log_loss"": 1.2699786063445384}",evaluation,23450,32470878036008,0.5246098309826854,33017341355558,83588184164018,q_v5,/home/gkl/work/evokv/results/read_correction_2026_09/v5/population_run/evaluation/large/v0_to_v1/summary.json,bec21dc32433649314ab5b47cd321d8a4dc4daf023216dee169423f5bd825345,query_pure_cross_phi_joint8_c512,3000,cross_phi_joint8
query_only,large,v1_to_v2,128,1.4635672715382848,39.48598584649778,0.06563979514096119,query_only,0.5278406910805254,6044572383288,1.4380963995047507,128,609918017625,107058560000,development_exploration,6151630943288,15.868355579494654,6.8170037427379055,0.5675619660024566,458474346489720,459084264507345,420317607732668,0.025470872033534174,51472855706760,measurement,9.78432309505706,115.86835557949465,44918287717965,"{""Brier"": 0.3924431918817404, ""ROC_AUC"": 0.5278406910805254, ""dislike_PR_AUC"": 0.5260951021206651, ""dislike_only_log_loss"": 2.032251423649098, ""log_loss"": 1.169245697217742}",evaluation,25975,38156738757052,0.5019221708614954,38766656774677,90239512481437,q_v5,/home/gkl/work/evokv/results/read_correction_2026_09/v5/population_run/evaluation/large/v1_to_v2/summary.json,bbd19faf68d4194463b40fea6130f9adc771e3f4543f93120c94afd05fc694e2,query_pure_cross_phi_joint8_c128,3000,cross_phi_joint8
query_only,large,v1_to_v2,256,2.7902997462374604,18.052531563520834,0.06563979514096119,query_only,0.5137718155975478,11621062581956,2.764828874203926,256,609918017625,107058560000,development_exploration,11728121141956,30.253114706597543,12.996658358907435,0.5675619660024566,458474346489720,459084264507345,420317607732668,0.025470872033534174,51472855706760,measurement,10.999021709188884,130.25311470659753,50494777916633,"{""Brier"": 0.382693278150345, ""ROC_AUC"": 0.5137718155975478, ""dislike_PR_AUC"": 0.5179003397104432, ""dislike_only_log_loss"": 1.9368217785932178, ""log_loss"": 1.1194558876676055}",evaluation,25975,38156738757052,0.5019221708614954,38766656774677,90239512481437,q_v5,/home/gkl/work/evokv/results/read_correction_2026_09/v5/population_run/evaluation/large/v1_to_v2/summary.json,bbd19faf68d4194463b40fea6130f9adc771e3f4543f93120c94afd05fc694e2,query_pure_cross_phi_joint8_c256,3000,cross_phi_joint8
query_only,large,v1_to_v2,512,5.495279807299113,8.61668418501739,0.06563979514096119,query_only,0.5075781447084844,22990570064256,5.469808935265579,512,609918017625,107058560000,development_exploration,23097628624256,59.58117244544993,25.595914682060556,0.5675619660024566,458474346489720,459084264507345,420317607732668,0.025470872033534174,51472855706760,measurement,13.475583935624789,159.58117244544994,61864285398933,"{""Brier"": 0.4023870129292469, ""ROC_AUC"": 0.5075781447084844, ""dislike_PR_AUC"": 0.5082472149515176, ""dislike_only_log_loss"": 2.1921483257577066, ""log_loss"": 1.1751992280081627}",evaluation,25975,38156738757052,0.5019221708614954,38766656774677,90239512481437,q_v5,/home/gkl/work/evokv/results/read_correction_2026_09/v5/population_run/evaluation/large/v1_to_v2/summary.json,bbd19faf68d4194463b40fea6130f9adc771e3f4543f93120c94afd05fc694e2,query_pure_cross_phi_joint8_c512,3000,cross_phi_joint8
query_only,large,v2_to_v3,128,1.4006266715870113,27.145958462109462,0.11347700989140425,query_only,0.4956881869576128,6167938479172,1.3753049226924925,128,647286282787,113562444800,development_exploration,6281500923972,15.339125103151686,6.768628442654217,0.5783607748798526,488781444575154,489428730857941,448477888605006,0.025321748894518943,51852315391050,measurement,9.650504802632113,115.33912510315169,47232343176907,"{""Brier"": 0.3634001358925559, ""ROC_AUC"": 0.4956881869576128, ""dislike_PR_AUC"": 0.4836434409159204, ""dislike_only_log_loss"": 2.0531433786992874, ""log_loss"": 1.050003449288076}",evaluation,27553,40303555970148,0.46488376498844836,40950842252935,92803157643985,q_v5,/home/gkl/work/evokv/results/read_correction_2026_09/v5/population_run/evaluation/large/v2_to_v3/summary.json,626e37260d11cf28d1b67f287ed5815aa418816a65ae5b9311b8a7c6549b90ef,query_pure_cross_phi_joint8_c128,3000,cross_phi_joint8
query_only,large,v2_to_v3,256,2.671614286220634,-22.909511585531895,0.11347700989140425,query_only,0.43888673626046193,11868036897712,2.646292537326115,256,647286282787,113562444800,development_exploration,11981599342512,29.2584930695858,12.910766881959196,0.5783607748798526,488781444575154,489428730857941,448477888605006,0.025321748894518943,51852315391050,measurement,10.815147999721923,129.2584930695858,52932441595447,"{""Brier"": 0.3532962620132867, ""ROC_AUC"": 0.43888673626046193, ""dislike_PR_AUC"": 0.42987297241341293, ""dislike_only_log_loss"": 1.9047829186699903, ""log_loss"": 1.0055412162966424}",evaluation,27553,40303555970148,0.46488376498844836,40950842252935,92803157643985,q_v5,/home/gkl/work/evokv/results/read_correction_2026_09/v5/population_run/evaluation/large/v2_to_v3/summary.json,626e37260d11cf28d1b67f287ed5815aa418816a65ae5b9311b8a7c6549b90ef,query_pure_cross_phi_joint8_c256,3000,cross_phi_joint8
query_only,large,v2_to_v3,512,5.185638179089573,18.51278840757043,0.11347700989140425,query_only,0.4858915237208818,23142878171476,5.160316430195055,512,647286282787,113562444800,development_exploration,23256440616276,56.79111670678564,25.05996693075169,0.5783607748798526,488781444575154,489428730857941,448477888605006,0.025321748894518943,51852315391050,measurement,13.118821765256659,156.79111670678563,64207282869211,"{""Brier"": 0.3607661330733018, ""ROC_AUC"": 0.4858915237208818, ""dislike_PR_AUC"": 0.4836415041294817, ""dislike_only_log_loss"": 2.0200259538386094, ""log_loss"": 1.036904360977022}",evaluation,27553,40303555970148,0.46488376498844836,40950842252935,92803157643985,q_v5,/home/gkl/work/evokv/results/read_correction_2026_09/v5/population_run/evaluation/large/v2_to_v3/summary.json,626e37260d11cf28d1b67f287ed5815aa418816a65ae5b9311b8a7c6549b90ef,query_pure_cross_phi_joint8_c512,3000,cross_phi_joint8
query_only,large,v3_to_v4,128,1.3417593204701368,47.97008150866236,0.17172477640927797,query_only,0.5635642604935289,6286196226068,1.3162605945347656,128,693520446334,121776793600,development_exploration,6407973019668,15.21072114155208,6.842097011645713,0.6529125216887081,519014397107028,519707917553362,477579914810856,0.025498725935371322,51527100492090,measurement,9.339087230124886,115.21072114155209,48535975762174,"{""Brier"": 0.37907805476096484, ""ROC_AUC"": 0.5635642604935289, ""dislike_PR_AUC"": 0.5430561924111078, ""dislike_only_log_loss"": 2.227567260609308, ""log_loss"": 1.1250365536328215}",evaluation,29546,41434482296172,0.4811877452794301,42128002742506,93655103234596,q_v5,/home/gkl/work/evokv/results/read_correction_2026_09/v5/population_run/evaluation/large/v3_to_v4/summary.json,5d8500fca1f4752f6c42d579d814bd71c37dee3e7ab7a15b7854030cb1f1605d,query_pure_cross_phi_joint8_c128,3000,cross_phi_joint8
query_only,large,v3_to_v4,256,2.5177561750724347,53.27626209412382,0.17172477640927797,query_only,0.5726762872397851,11902521002456,2.4922574491370635,256,693520446334,121776793600,development_exploration,12024297796056,28.542292568557524,12.838913610437674,0.6529125216887081,519014397107028,519707917553362,477579914810856,0.025498725935371322,51527100492090,measurement,10.419756695933309,128.5422925685575,54152300538562,"{""Brier"": 0.39547193922233026, ""ROC_AUC"": 0.5726762872397851, ""dislike_PR_AUC"": 0.5222439469099033, ""dislike_only_log_loss"": 2.4093813077281947, ""log_loss"": 1.2013927865717904}",evaluation,29546,41434482296172,0.4811877452794301,42128002742506,93655103234596,q_v5,/home/gkl/work/evokv/results/read_correction_2026_09/v5/population_run/evaluation/large/v3_to_v4/summary.json,5d8500fca1f4752f6c42d579d814bd71c37dee3e7ab7a15b7854030cb1f1605d,query_pure_cross_phi_joint8_c256,3000,cross_phi_joint8
query_only,large,v3_to_v4,512,4.916259247994298,51.77164790723711,0.17172477640927797,query_only,0.5700924918915317,23357289934852,4.890760522058927,512,693520446334,121776793600,development_exploration,23479066728452,55.732684200483746,25.069714214760356,0.6529125216887081,519014397107028,519707917553362,477579914810856,0.025498725935371322,51527100492090,measurement,12.623834899383011,155.73268420048373,65607069470958,"{""Brier"": 0.3703371582276932, ""ROC_AUC"": 0.5700924918915317, ""dislike_PR_AUC"": 0.5538546208884298, ""dislike_only_log_loss"": 2.216310773885421, ""log_loss"": 1.1289733602561707}",evaluation,29546,41434482296172,0.4811877452794301,42128002742506,93655103234596,q_v5,/home/gkl/work/evokv/results/read_correction_2026_09/v5/population_run/evaluation/large/v3_to_v4/summary.json,5d8500fca1f4752f6c42d579d814bd71c37dee3e7ab7a15b7854030cb1f1605d,query_pure_cross_phi_joint8_c512,3000,cross_phi_joint8
query_only,large,v4_to_v5,128,1.6695811236377576,65.18299094501455,0.1691532688192648,query_only,0.5333816585580502,6324142954840,1.643995320014179,128,558503703120,98423808000,development_exploration,6422566762840,17.684791124267935,7.399024816690233,0.5922757674796575,420439713294060,420998216997180,384681323471496,0.025585803623578564,50485988231820,measurement,10.151933799950104,117.68479112426793,42739460288524,"{""Brier"": 0.3565677402375319, ""ROC_AUC"": 0.5333816585580502, ""dislike_PR_AUC"": 0.49560026228706705, ""dislike_only_log_loss"": 2.2798322709237073, ""log_loss"": 1.1014849104959754}",evaluation,23880,35758389822564,0.4231224986603927,36316893525684,86802881757504,q_v5,/home/gkl/work/evokv/results/read_correction_2026_09/v5/population_run/evaluation/large/v4_to_v5/summary.json,75e83bacbecd1814f95ceca76349c55f98334f5093dccd53a22cffb7d1ee6a46,query_pure_cross_phi_joint8_c128,3000,cross_phi_joint8
query_only,large,v4_to_v5,256,3.128821764006393,69.91303164258238,0.1691532688192648,query_only,0.5413826770144677,11937569162844,3.1032359603828144,256,558503703120,98423808000,development_exploration,12035992970844,33.14158178846414,13.865891001716085,0.5922757674796575,420439713294060,420998216997180,384681323471496,0.025585803623578564,50485988231820,measurement,11.485294840774085,133.14158178846415,48352886496528,"{""Brier"": 0.3668276736288595, ""ROC_AUC"": 0.5413826770144677, ""dislike_PR_AUC"": 0.4909586285746114, ""dislike_only_log_loss"": 2.358517050106605, ""log_loss"": 1.1407229973734578}",evaluation,23880,35758389822564,0.4231224986603927,36316893525684,86802881757504,q_v5,/home/gkl/work/evokv/results/read_correction_2026_09/v5/population_run/evaluation/large/v4_to_v5/summary.json,75e83bacbecd1814f95ceca76349c55f98334f5093dccd53a22cffb7d1ee6a46,query_pure_cross_phi_joint8_c256,3000,cross_phi_joint8
query_only,large,v4_to_v5,512,6.098491694233322,54.11416255807819,0.1691532688192648,query_only,0.5146583735215526,23361334753176,6.072905890609743,512,558503703120,98423808000,development_exploration,23459758561176,64.59737131587208,27.026474336087272,0.5922757674796575,420439713294060,420998216997180,384681323471496,0.025585803623578564,50485988231820,measurement,14.198789846005548,164.59737131587207,59776652086860,"{""Brier"": 0.36813131764236534, ""ROC_AUC"": 0.5146583735215526, ""dislike_PR_AUC"": 0.46974852333342076, ""dislike_only_log_loss"": 2.3953287819446345, ""log_loss"": 1.1379766967866367}",evaluation,23880,35758389822564,0.4231224986603927,36316893525684,86802881757504,q_v5,/home/gkl/work/evokv/results/read_correction_2026_09/v5/population_run/evaluation/large/v4_to_v5/summary.json,75e83bacbecd1814f95ceca76349c55f98334f5093dccd53a22cffb7d1ee6a46,query_pure_cross_phi_joint8_c512,3000,cross_phi_joint8
query_only,max,v0_to_v1,128,1.547241972478897,-528.6911369904627,0.008904192206341977,query_only,0.573006273566965,9771060664412,1.521946810526234,128,909626678166,162397634560,development_exploration,9933458298972,21.373909907361142,7.883999205303445,0.6289861407888325,687575716503120,688485343181286,642010653515120,0.025295161952663046,79520481569898,measurement,8.193078984730848,121.37390990736114,56408147965138,"{""Brier"": 0.5827694176744116, ""ROC_AUC"": 0.573006273566965, ""dislike_PR_AUC"": 0.7990041611328608, ""dislike_only_log_loss"": 2.2082503305162997, ""log_loss"": 1.7195503464704232}",evaluation,24626,45565062988000,0.6200819485824905,46474689666166,125995171236064,q_v5,/home/gkl/work/evokv/results/read_correction_2026_09/v5/population_run/evaluation/max/v0_to_v1/summary.json,7f9e02f5e7ab286ec8c548d05c9707d885add37e26708256bd1c410d144b57ef,query_pure_cross_phi_joint8_c128,3000,cross_phi_joint8
query_only,max,v0_to_v1,256,2.939900346417458,-109.76033854702835,0.008904192206341977,query_only,0.6103086770719315,18712075792168,2.9146051844647953,256,909626678166,162397634560,development_exploration,18874473426728,40.61237108263853,14.980314913311137,0.6289861407888325,687575716503120,688485343181286,642010653515120,0.025295161952663046,79520481569898,measurement,9.491729016471862,140.61237108263853,65349163092894,"{""Brier"": 0.625164307705815, ""ROC_AUC"": 0.6103086770719315, ""dislike_PR_AUC"": 0.8224276949504234, ""dislike_only_log_loss"": 2.439480672353593, ""log_loss"": 1.8779679510719063}",evaluation,24626,45565062988000,0.6200819485824905,46474689666166,125995171236064,q_v5,/home/gkl/work/evokv/results/read_correction_2026_09/v5/population_run/evaluation/max/v0_to_v1/summary.json,7f9e02f5e7ab286ec8c548d05c9707d885add37e26708256bd1c410d144b57ef,query_pure_cross_phi_joint8_c256,3000,cross_phi_joint8
query_only,max,v0_to_v1,512,5.716648054888958,-89.39900156349624,0.008904192206341977,query_only,0.6121216896527262,36539091901792,5.691352892936296,512,909626678166,162397634560,development_exploration,36701489536352,78.9709190098606,29.129282635433903,0.6289861407888325,687575716503120,688485343181286,642010653515120,0.025295161952663046,79520481569898,measurement,12.081038474716921,178.97091900986058,83176179202518,"{""Brier"": 0.6315032558240588, ""ROC_AUC"": 0.6121216896527262, ""dislike_PR_AUC"": 0.8256153595628873, ""dislike_only_log_loss"": 2.4879603394454706, ""log_loss"": 1.9134686685888012}",evaluation,24626,45565062988000,0.6200819485824905,46474689666166,125995171236064,q_v5,/home/gkl/work/evokv/results/read_correction_2026_09/v5/population_run/evaluation/max/v0_to_v1/summary.json,7f9e02f5e7ab286ec8c548d05c9707d885add37e26708256bd1c410d144b57ef,query_pure_cross_phi_joint8_c512,3000,cross_phi_joint8
query_only,max,v1_to_v2,128,1.4992686714954147,70.87417425420008,0.0645937813824845,query_only,0.5661324939304434,10073672521836,1.4740228359738279,128,975041229593,172533473280,development_exploration,10246205995116,19.390400347247354,7.673153116119768,0.5849459661385288,735280200657912,736255241887505,683413599571592,0.025245835521586806,80691545932224,measurement,8.568746912999012,119.39040034724735,63087848311029,"{""Brier"": 0.42828826666333586, ""ROC_AUC"": 0.5661324939304434, ""dislike_PR_AUC"": 0.7005328038508458, ""dislike_only_log_loss"": 1.9167802048438638, ""log_loss"": 1.3534855362863416}",evaluation,26163,51866601086320,0.5203521847560443,52841642315913,133533188248137,q_v5,/home/gkl/work/evokv/results/read_correction_2026_09/v5/population_run/evaluation/max/v1_to_v2/summary.json,c119b0e88e9f44971b65c3f8e9d54a5f14d4a7c3ff166a61ef7a355b40c5ec45,query_pure_cross_phi_joint8_c128,3000,cross_phi_joint8
query_only,max,v1_to_v2,256,2.802222704027685,47.50080766846837,0.0645937813824845,query_only,0.5510347526163292,18978237576328,2.776976868506098,256,975041229593,172533473280,development_exploration,19150771049608,36.2418165111436,14.341581520558941,0.5849459661385288,735280200657912,736255241887505,683413599571592,0.025245835521586806,80691545932224,measurement,9.778186866412963,136.2418165111436,71992413365521,"{""Brier"": 0.48707060613033404, ""ROC_AUC"": 0.5510347526163292, ""dislike_PR_AUC"": 0.6898234592830564, ""dislike_only_log_loss"": 2.2467931598341364, ""log_loss"": 1.509265974394121}",evaluation,26163,51866601086320,0.5203521847560443,52841642315913,133533188248137,q_v5,/home/gkl/work/evokv/results/read_correction_2026_09/v5/population_run/evaluation/max/v1_to_v2/summary.json,c119b0e88e9f44971b65c3f8e9d54a5f14d4a7c3ff166a61ef7a355b40c5ec45,query_pure_cross_phi_joint8_c256,3000,cross_phi_joint8
query_only,max,v1_to_v2,512,5.455268856767675,23.57034767629885,0.0645937813824845,query_only,0.5355771636051643,37109515787064,5.430023021246088,512,975041229593,172533473280,development_exploration,37282049260344,70.55429700207614,27.919687794067286,0.5849459661385288,735280200657912,736255241887505,683413599571592,0.025245835521586806,80691545932224,measurement,12.240821721718527,170.55429700207614,90123691576257,"{""Brier"": 0.5079858949261353, ""ROC_AUC"": 0.5355771636051643, ""dislike_PR_AUC"": 0.6784560842531276, ""dislike_only_log_loss"": 2.3865585337129693, ""log_loss"": 1.5994944076875195}",evaluation,26163,51866601086320,0.5203521847560443,52841642315913,133533188248137,q_v5,/home/gkl/work/evokv/results/read_correction_2026_09/v5/population_run/evaluation/max/v1_to_v2/summary.json,c119b0e88e9f44971b65c3f8e9d54a5f14d4a7c3ff166a61ef7a355b40c5ec45,query_pure_cross_phi_joint8_c512,3000,cross_phi_joint8
query_only,max,v2_to_v3,128,1.6353176697126695,24.988517463743886,0.16994991985021024,query_only,0.5505247550225505,10243776973820,1.6092728906190241,128,936037400380,165787238400,development_exploration,10409564212220,16.825246902170647,7.321907566364367,0.6780067094713722,697479595693638,698415633094018,636546917153350,0.026044779093645398,80301396395082,measurement,10.348892082024484,116.82524690217065,72278280152888,"{""Brier"": 0.48253405539163996, ""ROC_AUC"": 0.5505247550225505, ""dislike_PR_AUC"": 0.6716870589026602, ""dislike_only_log_loss"": 2.355636366810163, ""log_loss"": 1.5397484235956902}",evaluation,25140,60932678540288,0.508056789621162,61868715940668,142170112335750,q_v5,/home/gkl/work/evokv/results/read_correction_2026_09/v5/population_run/evaluation/max/v2_to_v3/summary.json,e713fad9ccb5027ffd4a9767db1cfa1f731da31429e9f0734609c44fb5264317,query_pure_cross_phi_joint8_c128,3000,cross_phi_joint8
query_only,max,v2_to_v3,256,3.0807517124403363,11.249169249128277,0.16994991985021024,query_only,0.52717474374387,19444642812288,3.054706933346691,256,936037400380,165787238400,development_exploration,19610430050688,31.696843473354726,13.793637585638155,0.6780067094713722,697479595693638,698415633094018,636546917153350,0.026044779093645398,80301396395082,measurement,11.666283246037764,131.69684347335473,81479145991356,"{""Brier"": 0.5357158529203766, ""ROC_AUC"": 0.52717474374387, ""dislike_PR_AUC"": 0.6477849209042538, ""dislike_only_log_loss"": 2.680169811562105, ""log_loss"": 1.7040597881366173}",evaluation,25140,60932678540288,0.508056789621162,61868715940668,142170112335750,q_v5,/home/gkl/work/evokv/results/read_correction_2026_09/v5/population_run/evaluation/max/v2_to_v3/summary.json,e713fad9ccb5027ffd4a9767db1cfa1f731da31429e9f0734609c44fb5264317,query_pure_cross_phi_joint8_c256,3000,cross_phi_joint8
query_only,max,v2_to_v3,512,5.897732797011069,29.905730383454316,0.16994991985021024,query_only,0.5588815544384625,37376049062916,5.871688017917424,512,936037400380,165787238400,development_exploration,37541836301316,60.6798375083759,26.406278847594155,0.6780067094713722,697479595693638,698415633094018,636546917153350,0.026044779093645398,80301396395082,measurement,14.2337238073538,160.6798375083759,99410552241984,"{""Brier"": 0.5154556774673446, ""ROC_AUC"": 0.5588815544384625, ""dislike_PR_AUC"": 0.6772453404724832, ""dislike_only_log_loss"": 2.49519001096191, ""log_loss"": 1.5946642779187024}",evaluation,25140,60932678540288,0.508056789621162,61868715940668,142170112335750,q_v5,/home/gkl/work/evokv/results/read_correction_2026_09/v5/population_run/evaluation/max/v2_to_v3/summary.json,e713fad9ccb5027ffd4a9767db1cfa1f731da31429e9f0734609c44fb5264317,query_pure_cross_phi_joint8_c512,3000,cross_phi_joint8
query_only,max,v3_to_v4,128,1.1694558003052733,3.7610637808407965,0.05953653142759896,query_only,0.5670394302584812,10226547978688,1.1447183042225737,128,1259836642392,220996894720,development_exploration,10447544873408,17.199226149721795,7.310399843779863,0.6243367547661879,952852520025750,954112356668142,893368083742950,0.02473749608269952,82169180465424,measurement,7.461575914099794,117.1992261497218,71191817798600,"{""Brier"": 0.5610785849319297, ""ROC_AUC"": 0.5670394302584812, ""dislike_PR_AUC"": 0.7406606933951629, ""dislike_only_log_loss"": 2.449251059740455, ""log_loss"": 1.7394652534517097}",evaluation,33512,59484436282800,0.5648002233385889,60744272925192,142913453390616,q_v5,/home/gkl/work/evokv/results/read_correction_2026_09/v5/population_run/evaluation/max/v3_to_v4/summary.json,5100b3afd4d41fbee601c0ec1deeb6193e8dd916845780f753a95f3d92d22ec2,query_pure_cross_phi_joint8_c128,3000,cross_phi_joint8
query_only,max,v3_to_v4,256,2.184670016868847,-51.9601561836337,0.05953653142759896,query_only,0.5338649486224903,19296147771088,2.1599325207861475,256,1259836642392,220996894720,development_exploration,19517144665808,32.13001609195952,13.6566181858772,0.6243367547661879,952852520025750,954112356668142,893368083742950,0.02473749608269952,82169180465424,measurement,8.41215576237594,132.13001609195953,80261417591000,"{""Brier"": 0.5689435300747211, ""ROC_AUC"": 0.5338649486224903, ""dislike_PR_AUC"": 0.7097499601633669, ""dislike_only_log_loss"": 2.4676013749870593, ""log_loss"": 1.7572656658983015}",evaluation,33512,59484436282800,0.5648002233385889,60744272925192,142913453390616,q_v5,/home/gkl/work/evokv/results/read_correction_2026_09/v5/population_run/evaluation/max/v3_to_v4/summary.json,5100b3afd4d41fbee601c0ec1deeb6193e8dd916845780f753a95f3d92d22ec2,query_pure_cross_phi_joint8_c256,3000,cross_phi_joint8
query_only,max,v3_to_v4,512,4.200875369669726,-32.21912696179793,0.05953653142759896,query_only,0.5456180726892801,37308282895728,4.1761378735870265,512,1259836642392,220996894720,development_exploration,37529279790448,61.782416651305034,26.260144793976586,0.6243367547661879,952852520025750,954112356668142,893368083742950,0.02473749608269952,82169180465424,measurement,10.299997901591098,161.78241665130503,98273552715640,"{""Brier"": 0.5776650478366072, ""ROC_AUC"": 0.5456180726892801, ""dislike_PR_AUC"": 0.7222539355678121, ""dislike_only_log_loss"": 2.485718239817791, ""log_loss"": 1.7618411132039375}",evaluation,33512,59484436282800,0.5648002233385889,60744272925192,142913453390616,q_v5,/home/gkl/work/evokv/results/read_correction_2026_09/v5/population_run/evaluation/max/v3_to_v4/summary.json,5100b3afd4d41fbee601c0ec1deeb6193e8dd916845780f753a95f3d92d22ec2,query_pure_cross_phi_joint8_c512,3000,cross_phi_joint8
query_only,max,v4_to_v5,128,1.4067911077471356,12.234096157839296,0.14486436379483347,query_only,0.5218012266219885,10012656761448,1.3813185324608266,128,1043722706269,184641085440,development_exploration,10197297846888,18.0994298808873,7.56190228530064,0.6489427448517199,780158976176652,781202698882921,724862262117804,0.025472575286308984,78510523511244,measurement,8.517345716694333,118.0994298808873,66537734612005,"{""Brier"": 0.47011929483083925, ""ROC_AUC"": 0.5218012266219885, ""dislike_PR_AUC"": 0.6658324438296079, ""dislike_only_log_loss"": 2.0333562412229678, ""log_loss"": 1.3746020828367098}",evaluation,27999,55296714058848,0.5040783810568864,56340436765117,134850960276361,q_v5,/home/gkl/work/evokv/results/read_correction_2026_09/v5/population_run/evaluation/max/v4_to_v5/summary.json,600856a8f231811fe2319da73df6635eeccfa69fe7a8e174145ce3f8554169fd,query_pure_cross_phi_joint8_c128,3000,cross_phi_joint8
query_only,max,v4_to_v5,256,2.6407629727173014,16.979744797946104,0.14486436379483347,query_only,0.5286759803324174,18957253135768,2.6152903974309925,256,1043722706269,184641085440,development_exploration,19141894221208,33.97540970619461,14.194851992139295,0.6489427448517199,780158976176652,781202698882921,724862262117804,0.025472575286308984,78510523511244,measurement,9.662323375771843,133.97540970619463,75482330986325,"{""Brier"": 0.49788349809067867, ""ROC_AUC"": 0.5286759803324174, ""dislike_PR_AUC"": 0.6631842278752683, ""dislike_only_log_loss"": 2.211800123372427, ""log_loss"": 1.4758327173057546}",evaluation,27999,55296714058848,0.5040783810568864,56340436765117,134850960276361,q_v5,/home/gkl/work/evokv/results/read_correction_2026_09/v5/population_run/evaluation/max/v4_to_v5/summary.json,600856a8f231811fe2319da73df6635eeccfa69fe7a8e174145ce3f8554169fd,query_pure_cross_phi_joint8_c256,3000,cross_phi_joint8
query_only,max,v4_to_v5,512,5.114400058089247,5.306985637883388,0.14486436379483347,query_only,0.5117663120378894,36887714869380,5.088927482802938,512,1043722706269,184641085440,development_exploration,37072355954820,65.80061867353722,27.49135481041041,0.6489427448517199,780158976176652,781202698882921,724862262117804,0.025472575286308984,78510523511244,measurement,11.957561443849645,165.8006186735372,93412792719937,"{""Brier"": 0.5201679826298214, ""ROC_AUC"": 0.5117663120378894, ""dislike_PR_AUC"": 0.6341851954887332, ""dislike_only_log_loss"": 2.364215115846296, ""log_loss"": 1.5683886840053813}",evaluation,27999,55296714058848,0.5040783810568864,56340436765117,134850960276361,q_v5,/home/gkl/work/evokv/results/read_correction_2026_09/v5/population_run/evaluation/max/v4_to_v5/summary.json,600856a8f231811fe2319da73df6635eeccfa69fe7a8e174145ce3f8554169fd,query_pure_cross_phi_joint8_c512,3000,cross_phi_joint8
query_only,medium,v0_to_v1,128,1.5354110663243945,92.97344120059061,0.11899985789955553,query_only,0.6061981239135544,1725697022740,1.5149951893399198,128,178467862794,23255267328,development_exploration,1748952290068,15.287058540732533,6.822469545920432,0.6145597189000803,125170025908124,125348493770918,113907755937620,0.020415876984474546,14194441309624,measurement,10.52241612689097,115.28705854073253,13189690123366,"{""Brier"": 0.19208936029510296, ""ROC_AUC"": 0.6061981239135544, ""dislike_PR_AUC"": 0.3416984777138598, ""dislike_only_log_loss"": 2.204355461125191, ""log_loss"": 0.6026957251983217}",evaluation,26014,11262269970504,0.4955598610005248,11440737833298,25635179142922,q_v5,/home/gkl/work/evokv/results/read_correction_2026_09/v5/population_run/evaluation/medium/v0_to_v1/summary.json,6c43b067194aa31b35c9b24fd7638e4dacbff48c452b4d331c0adb6d93529096,query_pure_cross_phi_joint8_c128,3000,cross_phi_joint8
query_only,medium,v0_to_v1,256,2.8519758068441474,59.3241967329034,0.11899985789955553,query_only,0.5661555708127326,3225366374132,2.8315599298596728,256,178467862794,23255267328,development_exploration,3248621641460,28.395210945267557,12.672513905006046,0.6145597189000803,125170025908124,125348493770918,113907755937620,0.020415876984474546,14194441309624,measurement,11.718816104486823,128.39521094526756,14689359474758,"{""Brier"": 0.1928864954245551, ""ROC_AUC"": 0.5661555708127326, ""dislike_PR_AUC"": 0.30922585479344655, ""dislike_only_log_loss"": 2.181991036716679, ""log_loss"": 0.6035994467831637}",evaluation,26014,11262269970504,0.4955598610005248,11440737833298,25635179142922,q_v5,/home/gkl/work/evokv/results/read_correction_2026_09/v5/population_run/evaluation/medium/v0_to_v1/summary.json,6c43b067194aa31b35c9b24fd7638e4dacbff48c452b4d331c0adb6d93529096,query_pure_cross_phi_joint8_c256,3000,cross_phi_joint8
query_only,medium,v0_to_v1,512,5.592531772730753,77.37629664159158,0.11899985789955553,query_only,0.5876375440519573,6347072175088,5.572115895746279,512,178467862794,23255267328,development_exploration,6370327442416,55.68108923775275,24.84994314609609,0.6145597189000803,125170025908124,125348493770918,113907755937620,0.020415876984474546,14194441309624,measurement,14.209237574298104,155.68108923775276,17811065275714,"{""Brier"": 0.19161251222005515, ""ROC_AUC"": 0.5876375440519573, ""dislike_PR_AUC"": 0.32739637498308577, ""dislike_only_log_loss"": 2.183989453913274, ""log_loss"": 0.601097068446215}",evaluation,26014,11262269970504,0.4955598610005248,11440737833298,25635179142922,q_v5,/home/gkl/work/evokv/results/read_correction_2026_09/v5/population_run/evaluation/medium/v0_to_v1/summary.json,6c43b067194aa31b35c9b24fd7638e4dacbff48c452b4d331c0adb6d93529096,query_pure_cross_phi_joint8_c512,3000,cross_phi_joint8
query_only,medium,v1_to_v2,128,1.5118339587553196,167.32872993747606,0.08292015872378772,query_only,0.5644467385933425,1740324099160,1.4919081388525024,128,181404462195,23243645952,development_exploration,1763567745112,15.23707485000603,6.77802447677112,0.508617648862477,128043672379278,128225076841473,116650888472166,0.019925819902817245,14444716566134,measurement,10.401831250925053,115.23707485000602,13337756114419,"{""Brier"": 0.2188104240736764, ""ROC_AUC"": 0.5644467385933425, ""dislike_PR_AUC"": 0.3590876344420428, ""dislike_only_log_loss"": 2.139574418896964, ""log_loss"": 0.6883590712451185}",evaluation,26001,11392783907112,0.42569749013868924,11574188369307,26018904935441,q_v5,/home/gkl/work/evokv/results/read_correction_2026_09/v5/population_run/evaluation/medium/v1_to_v2/summary.json,98ba801939255c817b1ff615341c257e73ec1168ac2492cf42dfd9c0bfa952dc,query_pure_cross_phi_joint8_c128,3000,cross_phi_joint8
query_only,medium,v1_to_v2,256,2.8576117830970382,168.3625843396858,0.08292015872378772,query_only,0.5653040123046277,3310185888116,2.837685963194221,256,181404462195,23243645952,development_exploration,3333429534068,28.800546765834152,12.811567367416192,0.508617648862477,128043672379278,128225076841473,116650888472166,0.019925819902817245,14444716566134,measurement,11.6261329457463,128.80054676583416,14907617903375,"{""Brier"": 0.2219365819552758, ""ROC_AUC"": 0.5653040123046277, ""dislike_PR_AUC"": 0.36801792908424175, ""dislike_only_log_loss"": 2.176058359996667, ""log_loss"": 0.6933174398962924}",evaluation,26001,11392783907112,0.42569749013868924,11574188369307,26018904935441,q_v5,/home/gkl/work/evokv/results/read_correction_2026_09/v5/population_run/evaluation/medium/v1_to_v2/summary.json,98ba801939255c817b1ff615341c257e73ec1168ac2492cf42dfd9c0bfa952dc,query_pure_cross_phi_joint8_c256,3000,cross_phi_joint8
query_only,medium,v1_to_v2,512,5.554744308285408,163.57678472895591,0.08292015872378772,query_only,0.561335619671208,6456414942020,5.534818488382591,512,181404462195,23243645952,development_exploration,6479658587972,55.983697355013476,24.903656030296247,0.508617648862477,128043672379278,128225076841473,116650888472166,0.019925819902817245,14444716566134,measurement,14.079809817232007,155.98369735501348,18053846957279,"{""Brier"": 0.2269681656828989, ""ROC_AUC"": 0.561335619671208, ""dislike_PR_AUC"": 0.3464944910265577, ""dislike_only_log_loss"": 2.247445031854283, ""log_loss"": 0.7082552386126425}",evaluation,26001,11392783907112,0.42569749013868924,11574188369307,26018904935441,q_v5,/home/gkl/work/evokv/results/read_correction_2026_09/v5/population_run/evaluation/medium/v1_to_v2/summary.json,98ba801939255c817b1ff615341c257e73ec1168ac2492cf42dfd9c0bfa952dc,query_pure_cross_phi_joint8_c512,3000,cross_phi_joint8
query_only,medium,v2_to_v3,128,1.4297729526626062,1.385820648164157,0.08287682637665184,query_only,0.4514319809752677,1750437110308,1.4101036872239054,128,192048416871,24416510976,development_exploration,1774853621284,14.512183418765861,6.629696245990714,0.5331602831794487,136173392585440,136365441002311,124135347362584,0.019669265438700866,14541172424798,measurement,10.270158742619882,114.51218341876586,14004947261011,"{""Brier"": 0.25942338606763504, ""ROC_AUC"": 0.4514319809752677, ""dislike_PR_AUC"": 0.3291855954410098, ""dislike_only_log_loss"": 2.061141586569291, ""log_loss"": 0.7811218550453849}",evaluation,27313,12038045222856,0.4502834568027969,12230093639727,26771266064525,q_v5,/home/gkl/work/evokv/results/read_correction_2026_09/v5/population_run/evaluation/medium/v2_to_v3/summary.json,accf196d21fc56137fed2ff604f85c7c3a30c8e154d1f6dba01a68d95931a543,query_pure_cross_phi_joint8_c128,3000,cross_phi_joint8
query_only,medium,v2_to_v3,256,2.694978051036858,80.59038708484286,0.08287682637665184,query_only,0.5170742119833738,3321003854024,2.675308785598157,256,192048416871,24416510976,development_exploration,3345420365000,27.35400450355568,12.496309875434191,0.5331602831794487,136173392585440,136365441002311,124135347362584,0.019669265438700866,14541172424798,measurement,11.421892445948266,127.35400450355567,15575514004727,"{""Brier"": 0.25896153790052684, ""ROC_AUC"": 0.5170742119833738, ""dislike_PR_AUC"": 0.36891269054510273, ""dislike_only_log_loss"": 2.093828879603829, ""log_loss"": 0.7782741489675011}",evaluation,27313,12038045222856,0.4502834568027969,12230093639727,26771266064525,q_v5,/home/gkl/work/evokv/results/read_correction_2026_09/v5/population_run/evaluation/medium/v2_to_v3/summary.json,accf196d21fc56137fed2ff604f85c7c3a30c8e154d1f6dba01a68d95931a543,query_pure_cross_phi_joint8_c256,3000,cross_phi_joint8
query_only,medium,v2_to_v3,512,5.2516766728772755,64.57620881373511,0.08287682637665184,query_only,0.5038021692619803,6494770569260,5.232007407438575,512,192048416871,24416510976,development_exploration,6519187080236,53.30447396624775,24.351433602442402,0.5331602831794487,136173392585440,136365441002311,124135347362584,0.019669265438700866,14541172424798,measurement,13.749290569628455,153.30447396624774,18749280719963,"{""Brier"": 0.26124234547168534, ""ROC_AUC"": 0.5038021692619803, ""dislike_PR_AUC"": 0.3413167454607453, ""dislike_only_log_loss"": 2.1280078928774717, ""log_loss"": 0.7881478870136498}",evaluation,27313,12038045222856,0.4502834568027969,12230093639727,26771266064525,q_v5,/home/gkl/work/evokv/results/read_correction_2026_09/v5/population_run/evaluation/medium/v2_to_v3/summary.json,accf196d21fc56137fed2ff604f85c7c3a30c8e154d1f6dba01a68d95931a543,query_pure_cross_phi_joint8_c512,3000,cross_phi_joint8
query_only,medium,v3_to_v4,128,1.6825837918597386,98.20847336787074,0.19341059315969744,query_only,0.5783132629382393,1801008212984,1.6626492531487609,128,169421917809,21593410560,development_exploration,1822601623544,16.765749931356265,7.1743382086145076,0.5817782652240544,119023156247786,119192578165595,108321596366354,0.019934538710977837,14533474619548,measurement,10.649642467796715,116.76574993135627,12693583422785,"{""Brier"": 0.21598022521938418, ""ROC_AUC"": 0.5783132629382393, ""dislike_PR_AUC"": 0.4134515324643078, ""dislike_only_log_loss"": 1.9133179191847156, ""log_loss"": 0.6658683623121063}",evaluation,24155,10701559881432,0.38836767206435696,10870981799241,25404456418789,q_v5,/home/gkl/work/evokv/results/read_correction_2026_09/v5/population_run/evaluation/medium/v3_to_v4/summary.json,76cf7a871fa9411d1ce902754c6c8e2b7c1deea820b681c4515eb66d378bbd02,query_pure_cross_phi_joint8_c128,3000,cross_phi_joint8
query_only,medium,v3_to_v4,256,3.13457072714879,88.77832445061624,0.19341059315969744,query_only,0.5600743559815345,3373823640320,3.1146361884378124,256,169421917809,21593410560,development_exploration,3395417050880,31.233766310942258,13.365438704560384,0.5817782652240544,119023156247786,119192578165595,108321596366354,0.019934538710977837,14533474619548,measurement,11.96920065803141,131.23376631094226,14266398850121,"{""Brier"": 0.23131489701428162, ""ROC_AUC"": 0.5600743559815345, ""dislike_PR_AUC"": 0.3670336739472113, ""dislike_only_log_loss"": 2.117871422574066, ""log_loss"": 0.7116862154326264}",evaluation,24155,10701559881432,0.38836767206435696,10870981799241,25404456418789,q_v5,/home/gkl/work/evokv/results/read_correction_2026_09/v5/population_run/evaluation/medium/v3_to_v4/summary.json,76cf7a871fa9411d1ce902754c6c8e2b7c1deea820b681c4515eb66d378bbd02,query_pure_cross_phi_joint8_c256,3000,cross_phi_joint8
query_only,medium,v3_to_v4,512,6.0367829830129205,98.66515754338988,0.19341059315969744,query_only,0.5791965385109773,6517546285812,6.016848444301942,512,169421917809,21593410560,development_exploration,6539139696372,60.15224583329314,25.740128379742412,0.5817782652240544,119023156247786,119192578165595,108321596366354,0.019934538710977837,14533474619548,measurement,14.606716092192425,160.15224583329314,17410121495613,"{""Brier"": 0.22093172776680403, ""ROC_AUC"": 0.5791965385109773, ""dislike_PR_AUC"": 0.39714615176361423, ""dislike_only_log_loss"": 1.9834958480670781, ""log_loss"": 0.6813726692393646}",evaluation,24155,10701559881432,0.38836767206435696,10870981799241,25404456418789,q_v5,/home/gkl/work/evokv/results/read_correction_2026_09/v5/population_run/evaluation/medium/v3_to_v4/summary.json,76cf7a871fa9411d1ce902754c6c8e2b7c1deea820b681c4515eb66d378bbd02,query_pure_cross_phi_joint8_c512,3000,cross_phi_joint8
query_only,medium,v4_to_v5,128,1.3109864500421844,22.705329103314938,0.10292328765840719,query_only,0.5375791412900672,1776309231612,1.2915773300712012,128,209769695088,26693406720,development_exploration,1803002638332,16.430692184817573,7.1227363860875,0.6171333577616815,148293839245218,148503608940306,137530226820726,0.01940911997098318,14339960121384,measurement,8.60341701395804,116.43069218481757,12776384757912,"{""Brier"": 0.19087230453008014, ""ROC_AUC"": 0.5375791412900672, ""dislike_PR_AUC"": 0.30620800669549025, ""dislike_only_log_loss"": 2.086651232869959, ""log_loss"": 0.5995563345427515}",evaluation,29860,10763612424492,0.5142100701032744,10973382119580,25313342240964,q_v5,/home/gkl/work/evokv/results/read_correction_2026_09/v5/population_run/evaluation/medium/v4_to_v5/summary.json,1a3da3ec783bbe0a98b5431bc467c3e6a17f0a5b8df76ea3c2703e5f06890fff,query_pure_cross_phi_joint8_c128,3000,cross_phi_joint8
query_only,medium,v4_to_v5,256,2.426103592515246,33.63488266637997,0.10292328765840719,query_only,0.5488281971435603,3309932366972,2.4066944725442627,256,209769695088,26693406720,development_exploration,3336625773692,30.406539545710338,13.181292861013095,0.6171333577616815,148293839245218,148503608940306,137530226820726,0.01940911997098318,14339960121384,measurement,9.63613476829657,130.40653954571033,14310007893272,"{""Brier"": 0.19314881630687944, ""ROC_AUC"": 0.5488281971435603, ""dislike_PR_AUC"": 0.31020633661026237, ""dislike_only_log_loss"": 2.1355768184953527, ""log_loss"": 0.610356855449877}",evaluation,29860,10763612424492,0.5142100701032744,10973382119580,25313342240964,q_v5,/home/gkl/work/evokv/results/read_correction_2026_09/v5/population_run/evaluation/medium/v4_to_v5/summary.json,1a3da3ec783bbe0a98b5431bc467c3e6a17f0a5b8df76ea3c2703e5f06890fff,query_pure_cross_phi_joint8_c256,3000,cross_phi_joint8
query_only,medium,v4_to_v5,512,4.756866101881606,35.718553849006426,0.10292328765840719,query_only,0.5509727800287103,6515435332756,4.737456981910623,512,209769695088,26693406720,development_exploration,6542128739476,59.61816209610311,25.844586926530088,0.6171333577616815,148293839245218,148503608940306,137530226820726,0.01940911997098318,14339960121384,measurement,11.794670165959879,159.6181620961031,17515510859056,"{""Brier"": 0.19447644479666185, ""ROC_AUC"": 0.5509727800287103, ""dislike_PR_AUC"": 0.3046922217516604, ""dislike_only_log_loss"": 2.200106466535189, ""log_loss"": 0.6152006385740725}",evaluation,29860,10763612424492,0.5142100701032744,10973382119580,25313342240964,q_v5,/home/gkl/work/evokv/results/read_correction_2026_09/v5/population_run/evaluation/medium/v4_to_v5/summary.json,1a3da3ec783bbe0a98b5431bc467c3e6a17f0a5b8df76ea3c2703e5f06890fff,query_pure_cross_phi_joint8_c512,3000,cross_phi_joint8
