scale,edge,budget,method,users,requests,full_history_flops,reuse_append_flops,full_minus_reuse_flops,extra_flops,calibration_flops,full_auc,reuse_auc,baseline_auc,relative_flops_percent,recovery_percent,auc_delta_pp,source_path
medium,v0_to_v1,128,query_only,3000,26014,125170025908124,11262269970504,113907755937620,1641619342292,1639551541460,0.6145597189000803,0.4955598610005248,0.5322484420579291,1.441183112404576,30.830777200063643,3.66885810574043,/home/gkl/work/evokv/results/read_correction_2026_09/v2/query_only/medium/v0_to_v1/summary.json
medium,v0_to_v1,256,query_only,3000,26014,125170025908124,11262269970504,113907755937620,3241531806660,3239464005828,0.6145597189000803,0.4955598610005248,0.540215142859297,2.845751617155183,37.525491750136744,4.465528185877216,/home/gkl/work/evokv/results/read_correction_2026_09/v2/query_only/medium/v0_to_v1/summary.json
medium,v0_to_v1,512,query_only,3000,26014,125170025908124,11262269970504,113907755937620,6514369523972,6512301723140,0.6145597189000803,0.4955598610005248,0.54159606989834,5.718986798001274,38.68593602580019,4.603620889781518,/home/gkl/work/evokv/results/read_correction_2026_09/v2/query_only/medium/v0_to_v1/summary.json
medium,v0_to_v1,1024,query_only,3000,26014,125170025908124,11262269970504,113907755937620,12959342139392,12957274338560,0.6145597189000803,0.4955598610005248,0.5471097597273245,11.377049817827158,43.31929435605839,5.154989872679966,/home/gkl/work/evokv/results/read_correction_2026_09/v2/query_only/medium/v0_to_v1/summary.json
medium,v1_to_v2,128,query_only,3000,26001,128043672379278,11392783907112,116650888472166,1631877958044,1629811190556,0.508617648862477,0.42569749013868924,0.4649698468177557,1.3989417306781864,47.36165159775583,3.927235667906648,/home/gkl/work/evokv/results/read_correction_2026_09/v2/query_only/medium/v1_to_v2/summary.json
medium,v1_to_v2,256,query_only,3000,26001,128043672379278,11392783907112,116650888472166,3311064384440,3308997616952,0.508617648862477,0.42569749013868924,0.4635266200657546,2.838439061893687,45.62114992215175,3.782912992706539,/home/gkl/work/evokv/results/read_correction_2026_09/v2/query_only/medium/v1_to_v2/summary.json
medium,v1_to_v2,512,query_only,3000,26001,128043672379278,11392783907112,116650888472166,6633562955008,6631496187520,0.508617648862477,0.42569749013868924,0.4616201070984488,5.686680180400709,43.32193463283165,3.5922616959759566,/home/gkl/work/evokv/results/read_correction_2026_09/v2/query_only/medium/v1_to_v2/summary.json
medium,v1_to_v2,1024,query_only,3000,26001,128043672379278,11392783907112,116650888472166,13238095744712,13236028977224,0.508617648862477,0.42569749013868924,0.4438075444206262,11.348473996295994,21.840351683675248,1.811005428193696,/home/gkl/work/evokv/results/read_correction_2026_09/v2/query_only/medium/v1_to_v2/summary.json
medium,v2_to_v3,128,query_only,3000,27313,136173392585440,12038045222856,124135347362584,1665708546184,1663537490440,0.5331602831794487,0.4502834568027969,0.4613451761070804,1.3418487010945168,13.34718013212899,1.1061719304283513,/home/gkl/work/evokv/results/read_correction_2026_09/v2/query_only/medium/v2_to_v3/summary.json
medium,v2_to_v3,256,query_only,3000,27313,136173392585440,12038045222856,124135347362584,3341597073732,3339426017988,0.5331602831794487,0.4502834568027969,0.46570661406883723,2.6918981134129414,18.609734397823605,1.5423157266040322,/home/gkl/work/evokv/results/read_correction_2026_09/v2/query_only/medium/v2_to_v3/summary.json
medium,v2_to_v3,512,query_only,3000,27313,136173392585440,12038045222856,124135347362584,6684840910056,6682669854312,0.5331602831794487,0.4502834568027969,0.4673750430182086,5.385122813190675,20.622877301955597,1.709158621541168,/home/gkl/work/evokv/results/read_correction_2026_09/v2/query_only/medium/v2_to_v3/summary.json
medium,v2_to_v3,1024,query_only,3000,27313,136173392585440,12038045222856,124135347362584,13283202583880,13281031528136,0.5331602831794487,0.4502834568027969,0.468369237215828,10.700580347257102,21.822481873082744,1.8085780413031105,/home/gkl/work/evokv/results/read_correction_2026_09/v2/query_only/medium/v2_to_v3/summary.json
medium,v3_to_v4,128,query_only,3000,24155,119023156247786,10701559881432,108321596366354,1711506744196,1709586711556,0.5817782652240544,0.38836767206435696,0.4638471318707229,1.5800235609596451,39.02550453585715,7.5479459806365945,/home/gkl/work/evokv/results/read_correction_2026_09/v2/query_only/medium/v3_to_v4/summary.json
medium,v3_to_v4,256,query_only,3000,24155,119023156247786,10701559881432,108321596366354,3376186714140,3374266681500,0.5817782652240544,0.38836767206435696,0.48399676789733054,3.116817723698803,49.44356680298967,9.562909583297358,/home/gkl/work/evokv/results/read_correction_2026_09/v2/query_only/medium/v3_to_v4/summary.json
medium,v3_to_v4,512,query_only,3000,24155,119023156247786,10701559881432,108321596366354,6706223381792,6704303349152,0.5817782652240544,0.38836767206435696,0.5030423384385029,6.191030788644317,59.290788834642605,11.467466637414592,/home/gkl/work/evokv/results/read_correction_2026_09/v2/query_only/medium/v3_to_v4/summary.json
medium,v3_to_v4,1024,query_only,3000,24155,119023156247786,10701559881432,108321596366354,13357207454772,13355287422132,0.5817782652240544,0.38836767206435696,0.4985359347609817,12.33106592114526,56.960821481820155,11.016826269662472,/home/gkl/work/evokv/results/read_correction_2026_09/v2/query_only/medium/v3_to_v4/summary.json
medium,v4_to_v5,128,query_only,3000,29860,148293839245218,10763612424492,137530226820726,1685814270488,1683440758808,0.6171333577616815,0.5142100701032744,0.5329423344357134,1.225777277809263,18.20021956023175,1.873226433243902,/home/gkl/work/evokv/results/read_correction_2026_09/v2/query_only/medium/v4_to_v5/summary.json
medium,v4_to_v5,256,query_only,3000,29860,148293839245218,10763612424492,137530226820726,3314120981176,3311747469496,0.6171333577616815,0.5142100701032744,0.5306811136395542,2.4097400679023364,16.00322328504087,1.6471043536279817,/home/gkl/work/evokv/results/read_correction_2026_09/v2/query_only/medium/v4_to_v5/summary.json
medium,v4_to_v5,512,query_only,3000,29860,148293839245218,10763612424492,137530226820726,6702133991460,6699760479780,0.6171333577616815,0.5142100701032744,0.5283543477917653,4.873207982268796,13.74254360726841,1.4144277688490914,/home/gkl/work/evokv/results/read_correction_2026_09/v2/query_only/medium/v4_to_v5/summary.json
medium,v4_to_v5,1024,query_only,3000,29860,148293839245218,10763612424492,137530226820726,13301316271608,13298942759928,0.6171333577616815,0.5142100701032744,0.5320550149753344,9.67155844870858,17.338102268250232,1.784494487206001,/home/gkl/work/evokv/results/read_correction_2026_09/v2/query_only/medium/v4_to_v5/summary.json
large,v0_to_v1,128,query_only,3000,23450,409186664006700,32470878036008,376715785970692,5928666171528,5923488411528,0.6061777502579979,0.5246098309826854,0.5338899300538928,1.573776940685263,11.377143310331013,0.9280099071207415,/home/gkl/work/evokv/results/read_correction_2026_09/v2/query_only/large/v0_to_v1/summary.json
large,v0_to_v1,256,query_only,3000,23450,409186664006700,32470878036008,376715785970692,12029771156228,12024593396228,0.6061777502579979,0.5246098309826854,0.5407178956541681,3.1933281280556427,19.748039198001127,1.6108064671482625,/home/gkl/work/evokv/results/read_correction_2026_09/v2/query_only/large/v0_to_v1/summary.json
large,v0_to_v1,512,query_only,3000,23450,409186664006700,32470878036008,376715785970692,23894224345888,23889046585888,0.6061777502579979,0.5246098309826854,0.5427769035661048,6.342772253177343,22.272325621180585,1.816707258341932,/home/gkl/work/evokv/results/read_correction_2026_09/v2/query_only/large/v0_to_v1/summary.json
large,v0_to_v1,1024,query_only,3000,23450,409186664006700,32470878036008,376715785970692,47625601283608,47620423523608,0.6061777502579979,0.5246098309826854,0.5547566159844055,12.642316318359223,36.959119798026244,3.014678500172008,/home/gkl/work/evokv/results/read_correction_2026_09/v2/query_only/large/v0_to_v1/summary.json
large,v1_to_v2,128,query_only,3000,25975,458474346489720,38156738757052,420317607732668,5815471074728,5809735794728,0.5675619660024566,0.5019221708614954,0.48094419140430233,1.383589687355372,-31.95923968401016,-2.097797945719304,/home/gkl/work/evokv/results/read_correction_2026_09/v2/query_only/large/v1_to_v2/summary.json
large,v1_to_v2,256,query_only,3000,25975,458474346489720,38156738757052,420317607732668,11810053297148,11804318017148,0.5675619660024566,0.5019221708614954,0.49926236844031224,2.8097926615197797,-4.052118711630983,-0.2659802421183133,/home/gkl/work/evokv/results/read_correction_2026_09/v2/query_only/large/v1_to_v2/summary.json
large,v1_to_v2,512,query_only,3000,25975,458474346489720,38156738757052,420317607732668,23869630236468,23863894956468,0.5675619660024566,0.5019221708614954,0.4981065297173087,5.678950821315498,-5.81299977550604,-0.3815641144186699,/home/gkl/work/evokv/results/read_correction_2026_09/v2/query_only/large/v1_to_v2/summary.json
large,v1_to_v2,1024,query_only,3000,25975,458474346489720,38156738757052,420317607732668,48217667739568,48211932459568,0.5675619660024566,0.5019221708614954,0.500520100147942,11.47172206267304,-2.1360071440540294,-0.14020707135533605,/home/gkl/work/evokv/results/read_correction_2026_09/v2/query_only/large/v1_to_v2/summary.json
large,v2_to_v3,128,query_only,3000,27553,488781444575154,40303555970148,448477888605006,5971967194108,5965883491708,0.5783607748798526,0.46488376498844836,0.4459164897711357,1.3316079445262845,-16.714641349348263,-1.8967275217312674,/home/gkl/work/evokv/results/read_correction_2026_09/v2/query_only/large/v2_to_v3/summary.json
large,v2_to_v3,256,query_only,3000,27553,488781444575154,40303555970148,448477888605006,11967867041208,11961783338808,0.5783607748798526,0.46488376498844836,0.4676268890424321,2.668552306655328,2.4173390333503457,0.27431240539837476,/home/gkl/work/evokv/results/read_correction_2026_09/v2/query_only/large/v2_to_v3/summary.json
large,v2_to_v3,512,query_only,3000,27553,488781444575154,40303555970148,448477888605006,24100713921548,24094630219148,0.5783607748798526,0.46488376498844836,0.46446488770240113,5.373891229401178,-0.3691296470078695,-0.04188772860472256,/home/gkl/work/evokv/results/read_correction_2026_09/v2/query_only/large/v2_to_v3/summary.json
large,v2_to_v3,1024,query_only,3000,27553,488781444575154,40303555970148,448477888605006,48451705391828,48445621689428,0.5783607748798526,0.46488376498844836,0.45996152349774416,10.80358845394528,-4.337655261990691,-0.49222414907041934,/home/gkl/work/evokv/results/read_correction_2026_09/v2/query_only/large/v2_to_v3/summary.json
large,v3_to_v4,128,query_only,3000,29546,519014397107028,41434482296172,477579914810856,6005301411708,5998777654908,0.6529125216887081,0.4811877452794301,0.5377240873837189,1.257444298947618,32.92264709056524,5.653634210428882,/home/gkl/work/evokv/results/read_correction_2026_09/v2/query_only/large/v3_to_v4/summary.json
large,v3_to_v4,256,query_only,3000,29546,519014397107028,41434482296172,477579914810856,12034600268328,12028076511528,0.6529125216887081,0.4811877452794301,0.5479327362497706,2.5199133998535648,38.86742051203181,6.674499097034047,/home/gkl/work/evokv/results/read_correction_2026_09/v2/query_only/large/v3_to_v4/summary.json
large,v3_to_v4,512,query_only,3000,29546,519014397107028,41434482296172,477579914810856,24279023381948,24272499625148,0.6529125216887081,0.4811877452794301,0.5568318784751541,5.083761403903184,44.04963266071671,7.564413319572405,/home/gkl/work/evokv/results/read_correction_2026_09/v2/query_only/large/v3_to_v4/summary.json
large,v3_to_v4,1024,query_only,3000,29546,519014397107028,41434482296172,477579914810856,48732483441268,48725959684468,0.6529125216887081,0.4811877452794301,0.5444005334175216,10.20404793626389,36.81052289591232,6.32127881380915,/home/gkl/work/evokv/results/read_correction_2026_09/v2/query_only/large/v3_to_v4/summary.json
large,v4_to_v5,128,query_only,3000,23880,420439713294060,35758389822564,384681323471496,6049033250208,6043760546208,0.5922757674796575,0.4231224986603927,0.48531681091842055,1.5724790576312497,36.76802268863075,6.219431225802785,/home/gkl/work/evokv/results/read_correction_2026_09/v2/query_only/large/v4_to_v5/summary.json
large,v4_to_v5,256,query_only,3000,23880,420439713294060,35758389822564,384681323471496,12060477167988,12055204463988,0.5922757674796575,0.4231224986603927,0.4806207828984489,3.1351865640759797,33.99182566166746,5.74982842380562,/home/gkl/work/evokv/results/read_correction_2026_09/v2/query_only/large/v4_to_v5/summary.json
large,v4_to_v5,512,query_only,3000,23880,420439713294060,35758389822564,384681323471496,24284894203948,24279621499948,0.5922757674796575,0.4231224986603927,0.4916974687631965,6.312990187512302,40.54013888201835,6.857497010280378,/home/gkl/work/evokv/results/read_correction_2026_09/v2/query_only/large/v4_to_v5/summary.json
large,v4_to_v5,1024,query_only,3000,23880,420439713294060,35758389822564,384681323471496,48695297231448,48690024527448,0.5922757674796575,0.4231224986603927,0.4967826926284337,12.658607075593107,43.54642064100147,7.366019396804102,/home/gkl/work/evokv/results/read_correction_2026_09/v2/query_only/large/v4_to_v5/summary.json
max,v0_to_v1,128,query_only,3000,24626,687575716503120,45565062988000,642010653515120,9775797895008,9767098021728,0.6289861407888325,0.6200819485824905,0.6139216154939301,1.5226846846674282,-69.18463736859567,-0.6160333088560455,/home/gkl/work/evokv/results/read_correction_2026_09/v2/query_only/max/v0_to_v1/summary.json
max,v0_to_v1,256,query_only,3000,24626,687575716503120,45565062988000,642010653515120,19834621447052,19825921573772,0.6289861407888325,0.6200819485824905,0.6125800295645965,3.089453631096929,-84.25153954505706,-0.7501919017894099,/home/gkl/work/evokv/results/read_correction_2026_09/v2/query_only/max/v0_to_v1/summary.json
max,v0_to_v1,512,query_only,3000,24626,687575716503120,45565062988000,642010653515120,39504307397180,39495607523900,0.6289861407888325,0.6200819485824905,0.6154704383848121,6.153216801136717,-51.79032629589846,-0.461151019767847,/home/gkl/work/evokv/results/read_correction_2026_09/v2/query_only/max/v0_to_v1/summary.json
max,v0_to_v1,1024,query_only,3000,24626,687575716503120,45565062988000,642010653515120,79399514748508,79390814875228,0.6289861407888325,0.6200819485824905,0.6152665502491368,12.367320435226713,-54.080125650522355,-0.481539833335376,/home/gkl/work/evokv/results/read_correction_2026_09/v2/query_only/max/v0_to_v1/summary.json
max,v1_to_v2,128,query_only,3000,26163,735280200657912,51866601086320,683413599571592,10101797944952,10092555080312,0.5849459661385288,0.5203521847560443,0.5170984666514469,1.478138268141644,-5.0372002303610195,-0.3253718104597403,/home/gkl/work/evokv/results/read_correction_2026_09/v2/query_only/max/v1_to_v2/summary.json
max,v1_to_v2,256,query_only,3000,26163,735280200657912,51866601086320,683413599571592,20074376966464,20065134101824,0.5849459661385288,0.5203521847560443,0.524920142289307,2.9373686708967925,7.071822450235639,0.45679575332626676,/home/gkl/work/evokv/results/read_correction_2026_09/v2/query_only/max/v1_to_v2/summary.json
max,v1_to_v2,512,query_only,3000,26163,735280200657912,51866601086320,683413599571592,40200236753248,40190993888608,0.5849459661385288,0.5203521847560443,0.5244291690395715,5.882270528190852,6.3117287705852405,0.40769842835272074,/home/gkl/work/evokv/results/read_correction_2026_09/v2/query_only/max/v1_to_v2/summary.json
max,v1_to_v2,1024,query_only,3000,26163,735280200657912,51866601086320,683413599571592,80301510118868,80292267254228,0.5849459661385288,0.5203521847560443,0.5221725597449665,11.75006031036055,2.818189228066774,0.18203749889221799,/home/gkl/work/evokv/results/read_correction_2026_09/v2/query_only/max/v1_to_v2/summary.json
max,v2_to_v3,128,query_only,3000,25140,697479595693638,60932678540288,636546917153350,10282684434460,10273802975260,0.6780067094713722,0.508056789621162,0.5114640738583033,1.6153851597372213,2.0048754598674803,0.3407284237141317,/home/gkl/work/evokv/results/read_correction_2026_09/v2/query_only/max/v2_to_v3/summary.json
max,v2_to_v3,256,query_only,3000,25140,697479595693638,60932678540288,636546917153350,20524705537072,20515824077872,0.6780067094713722,0.508056789621162,0.510723280052539,3.2243822071841737,1.5689859893592133,0.2666490431377011,/home/gkl/work/evokv/results/read_correction_2026_09/v2/query_only/max/v2_to_v3/summary.json
max,v2_to_v3,512,query_only,3000,25140,697479595693638,60932678540288,636546917153350,40471294295220,40462412836020,0.6780067094713722,0.508056789621162,0.5075758524004875,6.357943649496946,-0.28298761252628085,-0.04809372206744378,/home/gkl/work/evokv/results/read_correction_2026_09/v2/query_only/max/v2_to_v3/summary.json
max,v2_to_v3,1024,query_only,3000,25140,697479595693638,60932678540288,636546917153350,80398209290132,80389327830932,0.6780067094713722,0.508056789621162,0.5168502682727248,12.630366611415594,5.174158751774193,0.879347865156288,/home/gkl/work/evokv/results/read_correction_2026_09/v2/query_only/max/v2_to_v3/summary.json
max,v3_to_v4,128,query_only,3000,33512,952852520025750,59484436282800,893368083742950,10223510526528,10211671407168,0.6243367547661879,0.5648002233385889,0.5585418396841364,1.1443783041469864,-10.51183786556865,-0.6258383654452526,/home/gkl/work/evokv/results/read_correction_2026_09/v2/query_only/max/v3_to_v4/summary.json
max,v3_to_v4,256,query_only,3000,33512,952852520025750,59484436282800,893368083742950,20341709891608,20329870772248,0.6243367547661879,0.5648002233385889,0.5644537792397731,2.276968503999181,-0.5819017173297929,-0.03464440988157902,/home/gkl/work/evokv/results/read_correction_2026_09/v2/query_only/max/v3_to_v4/summary.json
max,v3_to_v4,512,query_only,3000,33512,952852520025750,59484436282800,893368083742950,40472151725984,40460312606624,0.6243367547661879,0.5648002233385889,0.5601467609957026,4.530288518526156,-7.816146206880222,-0.46534623428863275,/home/gkl/work/evokv/results/read_correction_2026_09/v2/query_only/max/v3_to_v4/summary.json
max,v3_to_v4,1024,query_only,3000,33512,952852520025750,59484436282800,893368083742950,80679719344908,80667880225548,0.6243367547661879,0.5648002233385889,0.5616655964407286,9.03096056519992,-5.265047900333798,-0.3134626897860371,/home/gkl/work/evokv/results/read_correction_2026_09/v2/query_only/max/v3_to_v4/summary.json
max,v4_to_v5,128,query_only,3000,27999,780158976176652,55296714058848,724862262117804,9955788251768,9945896765048,0.6489427448517199,0.5040783810568864,0.5109266757215648,1.3734731095919563,4.727383937140959,0.68482946646784,/home/gkl/work/evokv/results/read_correction_2026_09/v2/query_only/max/v4_to_v5/summary.json
max,v4_to_v5,256,query_only,3000,27999,780158976176652,55296714058848,724862262117804,20001656380512,19991764893792,0.6489427448517199,0.5040783810568864,0.518454302071608,2.7593733907561804,9.923711144779375,1.4375921014721627,/home/gkl/work/evokv/results/read_correction_2026_09/v2/query_only/max/v4_to_v5/summary.json
max,v4_to_v5,512,query_only,3000,27999,780158976176652,55296714058848,724862262117804,39942521720148,39932630233428,0.6489427448517199,0.5040783810568864,0.5164215258994589,5.5103602170499775,8.520483933546048,1.2343144842572484,/home/gkl/work/evokv/results/read_correction_2026_09/v2/query_only/max/v4_to_v5/summary.json
max,v4_to_v5,1024,query_only,3000,27999,780158976176652,55296714058848,724862262117804,79794826550512,79784935063792,0.6489427448517199,0.5040783810568864,0.5161957667219109,11.008274360618294,8.364642171200892,1.2117385665024516,/home/gkl/work/evokv/results/read_correction_2026_09/v2/query_only/max/v4_to_v5/summary.json
medium,v0_to_v1,64,history_conditioned,3000,26014,125170025908124,11262269970504,113907755937620,69791712362696,2594066545064,0.6145597189000803,0.4955598610005248,0.6106210453216829,61.27037776156038,96.690186317935,11.506118432115814,/home/gkl/work/evokv/results/read_correction_2026_09/motivation_final/evaluation/c64/medium/v0_to_v1/summary.json
medium,v1_to_v2,64,history_conditioned,3000,26001,128043672379278,11392783907112,116650888472166,71459654777268,2577036035364,0.508617648862477,0.42569749013868924,0.4885474376364493,61.25941749197988,75.79573949818068,6.284994749776008,/home/gkl/work/evokv/results/read_correction_2026_09/motivation_final/evaluation/c64/medium/v1_to_v2/summary.json
medium,v2_to_v3,64,history_conditioned,3000,27313,136173392585440,12038045222856,124135347362584,75830709884456,2625823795880,0.5331602831794487,0.4502834568027969,0.49952197556113653,61.08712103005107,59.411684678373696,4.923851875833963,/home/gkl/work/evokv/results/read_correction_2026_09/motivation_final/evaluation/c64/medium/v2_to_v3/summary.json
medium,v3_to_v4,64,history_conditioned,3000,24155,119023156247786,10701559881432,108321596366354,67122423670900,2620997565124,0.5817782652240544,0.38836767206435696,0.5487926290134291,61.96587377080886,82.94527943286468,16.04249569490721,/home/gkl/work/evokv/results/read_correction_2026_09/motivation_final/evaluation/c64/medium/v3_to_v4/summary.json
medium,v4_to_v5,64,history_conditioned,3000,29860,148293839245218,10763612424492,137530226820726,82541789144240,2616974547008,0.6171333577616815,0.5142100701032744,0.5806808226786447,60.01719843873684,64.58281122536681,6.647075257537038,/home/gkl/work/evokv/results/read_correction_2026_09/motivation_final/evaluation/c64/medium/v4_to_v5/summary.json
large,v0_to_v1,64,history_conditioned,3000,23450,409186664006700,32470878036008,376715785970692,293941720268910,10845641496910,0.6061777502579979,0.5246098309826854,0.5976148093108589,78.02744966248329,89.50207260009054,7.300497832817343,/home/gkl/work/evokv/results/read_correction_2026_09/motivation_final/evaluation/c64/large/v0_to_v1/summary.json
large,v1_to_v2,64,history_conditioned,3000,25975,458474346489720,38156738757052,420317607732668,328795916403830,10865620418230,0.5675619660024566,0.5019221708614954,0.5361699044378649,78.22558711671961,52.17525969242089,3.4247733576369566,/home/gkl/work/evokv/results/read_correction_2026_09/motivation_final/evaluation/c64/large/v1_to_v2/summary.json
large,v2_to_v3,64,history_conditioned,3000,27553,488781444575154,40303555970148,448477888605006,348487198955690,10945019712890,0.5783607748798526,0.46488376498844836,0.5348952378161839,77.70443266214576,61.69661404960829,7.001147282773551,/home/gkl/work/evokv/results/read_correction_2026_09/motivation_final/evaluation/c64/large/v2_to_v3/summary.json
large,v3_to_v4,64,history_conditioned,3000,29546,519014397107028,41434482296172,477579914810856,372365865887790,10961032186190,0.6529125216887081,0.4811877452794301,0.5871083152631877,77.96933127626698,61.680423872739986,10.592056998375766,/home/gkl/work/evokv/results/read_correction_2026_09/motivation_final/evaluation/c64/large/v3_to_v4/summary.json
large,v4_to_v5,64,history_conditioned,3000,23880,420439713294060,35758389822564,384681323471496,301201942127210,11009597473610,0.5922757674796575,0.4231224986603927,0.5277027633171161,78.29908127825404,61.82574264554371,10.458026465672338,/home/gkl/work/evokv/results/read_correction_2026_09/motivation_final/evaluation/c64/large/v4_to_v5/summary.json
max,v0_to_v1,64,history_conditioned,3000,24626,687575716503120,45565062988000,642010653515120,488188210941736,17413834990376,0.6289861407888325,0.6200819485824905,0.6363396451077697,76.04051556914526,182.58474377608016,1.6257696525279197,/home/gkl/work/evokv/results/read_correction_2026_09/motivation_final/evaluation/c64/max/v0_to_v1/summary.json
max,v1_to_v2,64,history_conditioned,3000,26163,735280200657912,51866601086320,683413599571592,525873868943944,17566382764104,0.5849459661385288,0.5203521847560443,0.5527301519572767,76.94811301290989,50.12551751616783,3.2377967201232427,/home/gkl/work/evokv/results/read_correction_2026_09/motivation_final/evaluation/c64/max/v1_to_v2/summary.json
max,v2_to_v3,64,history_conditioned,3000,25140,697479595693638,60932678540288,636546917153350,505323596407160,17720240880120,0.6780067094713722,0.508056789621162,0.6015807678959901,79.38512979796946,55.03031619977105,9.352397827482816,/home/gkl/work/evokv/results/read_correction_2026_09/motivation_final/evaluation/c64/max/v2_to_v3/summary.json
max,v3_to_v4,64,history_conditioned,3000,33512,952852520025750,59484436282800,893368083742950,678947816205980,17567236543260,0.6243367547661879,0.5648002233385889,0.5797348483602217,75.9986648908911,25.08480871075677,1.4934625021632786,/home/gkl/work/evokv/results/read_correction_2026_09/motivation_final/evaluation/c64/max/v3_to_v4/summary.json
max,v4_to_v5,64,history_conditioned,3000,27999,780158976176652,55296714058848,724862262117804,561651460137904,17430376470704,0.6489427448517199,0.5040783810568864,0.5350189061099008,77.48388755912704,21.35827213988555,3.0940525053014367,/home/gkl/work/evokv/results/read_correction_2026_09/motivation_final/evaluation/c64/max/v4_to_v5/summary.json
medium,v0_to_v1,128,history_conditioned,3000,26014,125170025908124,11262269970504,113907755937620,72034819393000,4837173575368,0.6145597189000803,0.4955598610005248,0.6143563243220563,63.23960892746309,99.82907998243522,11.879646332153154,/home/gkl/work/evokv/results/read_correction_2026_09/v4/population_run/evaluation/medium/v0_to_v1/summary.json
medium,v1_to_v2,128,history_conditioned,3000,26001,128043672379278,11392783907112,116650888472166,73735745655916,4853126914012,0.508617648862477,0.42569749013868924,0.4845087752188486,63.210616414216204,70.9251959780534,5.881128508015937,/home/gkl/work/evokv/results/read_correction_2026_09/v4/population_run/evaluation/medium/v1_to_v2/summary.json
medium,v2_to_v3,128,history_conditioned,3000,27313,136173392585440,12038045222856,124135347362584,78065090409064,4860204320488,0.5331602831794487,0.4502834568027969,0.5023136182990103,62.88707613718236,62.78010847055243,5.203016149621343,/home/gkl/work/evokv/results/read_correction_2026_09/v4/population_run/evaluation/medium/v2_to_v3/summary.json
medium,v3_to_v4,128,history_conditioned,3000,24155,119023156247786,10701559881432,108321596366354,69406699506332,4905273400556,0.5817782652240544,0.38836767206435696,0.5548763329740747,64.07466454943288,86.09076586215366,16.65086609097177,/home/gkl/work/evokv/results/read_correction_2026_09/v4/population_run/evaluation/medium/v3_to_v4/summary.json
medium,v4_to_v5,128,history_conditioned,3000,29860,148293839245218,10763612424492,137530226820726,84806579174640,4881764577408,0.6171333577616815,0.5142100701032744,0.5848506759238369,61.663956451687845,68.63422984991708,7.064060582056253,/home/gkl/work/evokv/results/read_correction_2026_09/v4/population_run/evaluation/medium/v4_to_v5/summary.json
large,v0_to_v1,128,history_conditioned,3000,23450,409186664006700,32470878036008,376715785970692,303524363178870,20428284406870,0.6061777502579979,0.5246098309826854,0.5986859525283798,80.57118243579094,90.81526438803539,7.407612154569431,/home/gkl/work/evokv/results/read_correction_2026_09/v4/population_run/evaluation/large/v0_to_v1/summary.json
large,v1_to_v2,128,history_conditioned,3000,25975,458474346489720,38156738757052,420317607732668,338204874546830,20274578561230,0.5675619660024566,0.5019221708614954,0.5413759492731264,80.46412244569501,60.1064922992282,3.9453778411631,/home/gkl/work/evokv/results/read_correction_2026_09/v4/population_run/evaluation/large/v1_to_v2/summary.json
large,v2_to_v3,128,history_conditioned,3000,27553,488781444575154,40303555970148,448477888605006,357927100064010,20384920821210,0.5783607748798526,0.46488376498844836,0.5394693512485292,79.8093081416667,65.72748641461222,7.458558626008088,/home/gkl/work/evokv/results/read_correction_2026_09/v4/population_run/evaluation/large/v2_to_v3/summary.json
large,v3_to_v4,128,history_conditioned,3000,29546,519014397107028,41434482296172,477579914810856,381901177585450,20496343883850,0.6529125216887081,0.4811877452794301,0.5895769218259439,79.96592104102635,63.117960502208426,10.83891765465138,/home/gkl/work/evokv/results/read_correction_2026_09/v4/population_run/evaluation/large/v3_to_v4/summary.json
large,v4_to_v5,128,history_conditioned,3000,23880,420439713294060,35758389822564,384681323471496,310721329102350,20528984448750,0.5922757674796575,0.4231224986603927,0.5248069581510225,80.77369764102252,60.113801051800316,10.168445949062981,/home/gkl/work/evokv/results/read_correction_2026_09/v4/population_run/evaluation/large/v4_to_v5/summary.json
max,v0_to_v1,128,history_conditioned,3000,24626,687575716503120,45565062988000,642010653515120,503300207232348,32525831280988,0.6289861407888325,0.6200819485824905,0.6363909438564078,78.39437001188249,183.16086283830722,1.630899527391727,/home/gkl/work/evokv/results/read_correction_2026_09/v4/population_run/evaluation/max/v0_to_v1/summary.json
max,v1_to_v2,128,history_conditioned,3000,26163,735280200657912,51866601086320,683413599571592,541115385814988,32807899635148,0.5849459661385288,0.5203521847560443,0.5528583479189905,79.178316930508,50.323982382243194,3.250616316294619,/home/gkl/work/evokv/results/read_correction_2026_09/v4/population_run/evaluation/max/v1_to_v2/summary.json
max,v2_to_v3,128,history_conditioned,3000,25140,697479595693638,60932678540288,636546917153350,520568523561132,32965168034092,0.6780067094713722,0.508056789621162,0.6032981032886245,81.78007143434523,56.04081117037652,9.524131366746257,/home/gkl/work/evokv/results/read_correction_2026_09/v4/population_run/evaluation/max/v2_to_v3/summary.json
max,v3_to_v4,128,history_conditioned,3000,33512,952852520025750,59484436282800,893368083742950,694328162448992,32947582786272,0.6243367547661879,0.5648002233385889,0.5797159300119142,77.72027847020915,25.053032677027833,1.4915706673325313,/home/gkl/work/evokv/results/read_correction_2026_09/v4/population_run/evaluation/max/v3_to_v4/summary.json
max,v4_to_v5,128,history_conditioned,3000,27999,780158976176652,55296714058848,724862262117804,576965597897544,32744514230344,0.6489427448517199,0.5040783810568864,0.5351822641358941,79.59658379949929,21.471038331455397,3.110388307900769,/home/gkl/work/evokv/results/read_correction_2026_09/v4/population_run/evaluation/max/v4_to_v5/summary.json
medium,v0_to_v1,256,history_conditioned,3000,26014,125170025908124,11262269970504,113907755937620,76482220312360,9284574494728,0.6145597189000803,0.4955598610005248,0.6128271629179138,67.14399707272297,98.54406886466293,11.726730191738904,/home/gkl/work/evokv/results/read_correction_2026_09/motivation_final/evaluation/c256/medium/v0_to_v1/summary.json
medium,v1_to_v2,256,history_conditioned,3000,26001,128043672379278,11392783907112,116650888472166,78248006744008,9365388002104,0.508617648862477,0.42569749013868924,0.4872889486168976,67.07879191394133,74.27802771503777,6.1591458478208345,/home/gkl/work/evokv/results/read_correction_2026_09/motivation_final/evaluation/c256/medium/v1_to_v2/summary.json
medium,v2_to_v3,256,history_conditioned,3000,27313,136173392585440,12038045222856,124135347362584,82575611201980,9370725113404,0.5331602831794487,0.4502834568027969,0.5009438872199512,66.52062684513771,61.127377376779485,5.066043041715429,/home/gkl/work/evokv/results/read_correction_2026_09/motivation_final/evaluation/c256/medium/v2_to_v3/summary.json
medium,v3_to_v4,256,history_conditioned,3000,24155,119023156247786,10701559881432,108321596366354,73917964638388,9416538532612,0.5817782652240544,0.38836767206435696,0.5583064468932238,68.23936049501188,87.86425399592768,16.99387748288669,/home/gkl/work/evokv/results/read_correction_2026_09/motivation_final/evaluation/c256/medium/v3_to_v4/summary.json
medium,v4_to_v5,256,history_conditioned,3000,29860,148293839245218,10763612424492,137530226820726,89283930023392,9359115426160,0.6171333577616815,0.5142100701032744,0.589299363099865,64.91949594453573,72.95656280025274,7.508929299659062,/home/gkl/work/evokv/results/read_correction_2026_09/motivation_final/evaluation/c256/medium/v4_to_v5/summary.json
large,v0_to_v1,256,history_conditioned,3000,23450,409186664006700,32470878036008,376715785970692,322588190457810,39492111685810,0.6061777502579979,0.5246098309826854,0.5953354486870772,85.6317155986946,86.7076398818938,7.0725617704391786,/home/gkl/work/evokv/results/read_correction_2026_09/motivation_final/evaluation/c256/large/v0_to_v1/summary.json
large,v1_to_v2,256,history_conditioned,3000,25975,458474346489720,38156738757052,420317607732668,357209713265290,39279417279690,0.5675619660024566,0.5019221708614954,0.5412031646728798,84.9856648148045,59.843260825279266,3.928099381138439,/home/gkl/work/evokv/results/read_correction_2026_09/motivation_final/evaluation/c256/large/v1_to_v2/summary.json
large,v2_to_v3,256,history_conditioned,3000,27553,488781444575154,40303555970148,448477888605006,377050605106230,39508425863430,0.5783607748798526,0.46488376498844836,0.5381691515228755,84.07339908753336,64.58170391038688,7.328538653442712,/home/gkl/work/evokv/results/read_correction_2026_09/motivation_final/evaluation/c256/large/v2_to_v3/summary.json
large,v3_to_v4,256,history_conditioned,3000,29546,519014397107028,41434482296172,477579914810856,400942189121070,39537355419470,0.6529125216887081,0.4811877452794301,0.588347096820486,83.95290017166276,62.40180000913737,10.715935154105594,/home/gkl/work/evokv/results/read_correction_2026_09/motivation_final/evaluation/c256/large/v3_to_v4/summary.json
large,v4_to_v5,256,history_conditioned,3000,23880,420439713294060,35758389822564,384681323471496,329766782807010,39574438153410,0.5922757674796575,0.4231224986603927,0.5232459412560017,85.7246668050015,59.19095935567634,10.012344259560896,/home/gkl/work/evokv/results/read_correction_2026_09/motivation_final/evaluation/c256/large/v4_to_v5/summary.json
max,v0_to_v1,256,history_conditioned,3000,24626,687575716503120,45565062988000,642010653515120,533735416090536,62961040139176,0.6289861407888325,0.6200819485824905,0.6377514610886444,83.13497808303363,198.44037613618508,1.7669512506153895,/home/gkl/work/evokv/results/read_correction_2026_09/motivation_final/evaluation/c256/max/v0_to_v1/summary.json
max,v1_to_v2,256,history_conditioned,3000,26163,735280200657912,51866601086320,683413599571592,571518398022664,63210911842824,0.5849459661385288,0.5203521847560443,0.552097903416018,83.62701567263643,49.146710380671514,3.1745718659973776,/home/gkl/work/evokv/results/read_correction_2026_09/motivation_final/evaluation/c256/max/v1_to_v2/summary.json
max,v2_to_v3,256,history_conditioned,3000,25140,697479595693638,60932678540288,636546917153350,551241227240992,63637871713952,0.6780067094713722,0.508056789621162,0.6046872119315234,86.59867990660506,56.85817468788993,9.663042231036146,/home/gkl/work/evokv/results/read_correction_2026_09/motivation_final/evaluation/c256/max/v2_to_v3/summary.json
max,v3_to_v4,256,history_conditioned,3000,33512,952852520025750,59484436282800,893368083742950,724876780757488,63496201094768,0.6243367547661879,0.5648002233385889,0.5769983040048738,81.13976690553653,20.488396575670063,1.2198080666284916,/home/gkl/work/evokv/results/read_correction_2026_09/motivation_final/evaluation/c256/max/v3_to_v4/summary.json
max,v4_to_v5,256,history_conditioned,3000,27999,780158976176652,55296714058848,724862262117804,607393099962776,63172016295576,0.6489427448517199,0.5040783810568864,0.5373128575019005,83.79427812784424,22.94178883916749,3.3234476445014094,/home/gkl/work/evokv/results/read_correction_2026_09/motivation_final/evaluation/c256/max/v4_to_v5/summary.json
large,v0_to_v1,layers_1,layer,3000,23450,409186664006700,32470878036008,376715785970692,64398152212264,18822705982644,0.6061777502579979,0.5246098309826854,0.5828667464740283,17.09462534104533,71.421357819256,5.825691549134282,/home/gkl/work/evokv/results/selective_recompute_2026_09/layer/large/v0_to_v1/summary.json
large,v0_to_v1,layers_2,layer,3000,23450,409186664006700,32470878036008,376715785970692,104796134892124,18822705982644,0.6061777502579979,0.5246098309826854,0.5859903112028437,27.81835505568036,75.25076128641157,6.1380480220158296,/home/gkl/work/evokv/results/selective_recompute_2026_09/layer/large/v0_to_v1/summary.json
large,v0_to_v1,layers_3,layer,3000,23450,409186664006700,32470878036008,376715785970692,145194117571984,18822705982644,0.6061777502579979,0.5246098309826854,0.5863543795436303,38.54208477031539,75.69709894467375,6.174454856094491,/home/gkl/work/evokv/results/selective_recompute_2026_09/layer/large/v0_to_v1/summary.json
large,v0_to_v1,layers_5,layer,3000,23450,409186664006700,32470878036008,376715785970692,225990082931704,18822705982644,0.6061777502579979,0.5246098309826854,0.6001597284715056,59.98954419958545,92.62207269725737,7.554989748882013,/home/gkl/work/evokv/results/selective_recompute_2026_09/layer/large/v0_to_v1/summary.json
large,v0_to_v1,layers_8,layer,3000,23450,409186664006700,32470878036008,376715785970692,347184030971284,18822705982644,0.6061777502579979,0.5246098309826854,0.604025556702213,92.16073334349053,97.36147056967252,7.94157257195276,/home/gkl/work/evokv/results/selective_recompute_2026_09/layer/large/v0_to_v1/summary.json
large,v0_to_v1,fraction_0.03125,tail,3000,23450,409186664006700,32470878036008,376715785970692,17053033160520,0,0.6061777502579979,0.5246098309826854,0.5247482407980736,4.52676362276114,0.1696865834237889,0.013840981538815189,/home/gkl/work/evokv/results/selective_recompute_2026_09/tail/large/v0_to_v1/summary.json
large,v0_to_v1,fraction_0.0625,tail,3000,23450,409186664006700,32470878036008,376715785970692,34086952335540,0,0.6061777502579979,0.5246098309826854,0.5251493250773994,9.048453397753796,0.6614047526369506,0.05394940947139881,/home/gkl/work/evokv/results/selective_recompute_2026_09/tail/large/v0_to_v1/summary.json
large,v0_to_v1,fraction_0.125,tail,3000,23450,409186664006700,32470878036008,376715785970692,67024278704340,0,0.6061777502579979,0.5246098309826854,0.5264885769980506,17.791736157707604,2.303290352453334,0.18787460153651958,/home/gkl/work/evokv/results/selective_recompute_2026_09/tail/large/v0_to_v1/summary.json
large,v0_to_v1,fraction_0.25,tail,3000,23450,409186664006700,32470878036008,376715785970692,129498572288460,0,0.6061777502579979,0.5246098309826854,0.5312226249283339,34.37566916787895,8.107101424677326,0.661279394564851,/home/gkl/work/evokv/results/selective_recompute_2026_09/tail/large/v0_to_v1/summary.json
large,v0_to_v1,fraction_0.5,tail,3000,23450,409186664006700,32470878036008,376715785970692,240852484583760,0,0.6061777502579979,0.5246098309826854,0.549140515078546,63.934800067682325,30.073936314426835,2.4530684095860567,/home/gkl/work/evokv/results/selective_recompute_2026_09/tail/large/v0_to_v1/summary.json
large,v0_to_v1,fraction_0.03125,deviation,3000,23450,409186664006700,32470878036008,376715785970692,31712657171178,0,0.6061777502579979,0.5246098309826854,0.525512167870657,8.418191738226017,1.1062399237204668,0.09023368879715887,/home/gkl/work/evokv/results/selective_recompute_2026_09/deviation/large/v0_to_v1/summary.json
large,v0_to_v1,fraction_0.0625,deviation,3000,23450,409186664006700,32470878036008,376715785970692,48741076449026,0,0.6061777502579979,0.5246098309826854,0.5290151569774109,12.938421553913324,5.4008071235167,0.44053259947254286,/home/gkl/work/evokv/results/selective_recompute_2026_09/deviation/large/v0_to_v1/summary.json
large,v0_to_v1,fraction_0.125,deviation,3000,23450,409186664006700,32470878036008,376715785970692,82800218168226,0,0.6061777502579979,0.5246098309826854,0.5372790459809654,21.979492564898184,15.532105159527454,1.2669214998279998,/home/gkl/work/evokv/results/selective_recompute_2026_09/deviation/large/v0_to_v1/summary.json
large,v0_to_v1,fraction_0.25,deviation,3000,23450,409186664006700,32470878036008,376715785970692,150916591021634,0,0.6061777502579979,0.5246098309826854,0.5534463332186675,40.06112741805174,35.35274957627836,2.883650223598211,/home/gkl/work/evokv/results/selective_recompute_2026_09/deviation/large/v0_to_v1/summary.json
large,v0_to_v1,fraction_0.5,deviation,3000,23450,409186664006700,32470878036008,376715785970692,287148453870954,0,0.6061777502579979,0.5246098309826854,0.575244688453159,76.2241627679743,62.076926713758695,5.063485747047358,/home/gkl/work/evokv/results/selective_recompute_2026_09/deviation/large/v0_to_v1/summary.json
large,v0_to_v1,fraction_0.03125,query,3000,23450,409186664006700,32470878036008,376715785970692,17073474627368,0,0.6061777502579979,0.5246098309826854,0.5243978956541681,4.532189853253533,-0.2598268172098895,-0.02119353285173764,/home/gkl/work/evokv/results/selective_recompute_2026_09/query/large/v0_to_v1/summary.json
large,v0_to_v1,fraction_0.0625,query,3000,23450,409186664006700,32470878036008,376715785970692,34101893905216,0,0.6061777502579979,0.5246098309826854,0.5300044270152505,9.05241966894084,6.613624670695542,0.5394596032565091,/home/gkl/work/evokv/results/selective_recompute_2026_09/query/large/v0_to_v1/summary.json
large,v0_to_v1,fraction_0.125,query,3000,23450,409186664006700,32470878036008,376715785970692,68161035624416,0,0.6061777502579979,0.5246098309826854,0.5397863877995642,18.093490679925697,18.606036480658595,1.5176556816878795,/home/gkl/work/evokv/results/selective_recompute_2026_09/query/large/v0_to_v1/summary.json
large,v0_to_v1,fraction_0.25,query,3000,23450,409186664006700,32470878036008,376715785970692,136277408477824,0,0.6061777502579979,0.5246098309826854,0.5597118018575852,36.17512553307925,43.034039836693225,3.5101970874899746,/home/gkl/work/evokv/results/selective_recompute_2026_09/query/large/v0_to_v1/summary.json
large,v0_to_v1,fraction_0.5,query,3000,23450,409186664006700,32470878036008,376715785970692,272509271327144,0,0.6061777502579979,0.5246098309826854,0.5888191611053778,72.33816088300182,78.7188525748334,6.420933012269236,/home/gkl/work/evokv/results/selective_recompute_2026_09/query/large/v0_to_v1/summary.json
large,v1_to_v2,layers_1,layer,3000,25975,458474346489720,38156738757052,420317607732668,70106683802404,19029465006044,0.5675619660024566,0.5019221708614954,0.5299011732334085,16.679454420332902,42.62506047105768,2.7979002371913086,/home/gkl/work/evokv/results/selective_recompute_2026_09/layer/large/v1_to_v2/summary.json
large,v1_to_v2,layers_2,layer,3000,25975,458474346489720,38156738757052,420317607732668,115369365989596,19029465006044,0.5675619660024566,0.5019221708614954,0.5324840622543069,27.44814013667818,46.56000422789251,3.0561891392811513,/home/gkl/work/evokv/results/selective_recompute_2026_09/layer/large/v1_to_v2/summary.json
large,v1_to_v2,layers_3,layer,3000,25975,458474346489720,38156738757052,420317607732668,160632048176788,19029465006044,0.5675619660024566,0.5019221708614954,0.5401722742754921,38.21682585302346,58.27273429457659,3.8250103413996706,/home/gkl/work/evokv/results/selective_recompute_2026_09/layer/large/v1_to_v2/summary.json
large,v1_to_v2,layers_5,layer,3000,25975,458474346489720,38156738757052,420317607732668,251157412551172,19029465006044,0.5675619660024566,0.5019221708614954,0.5506427909714193,59.75419728571402,74.224211098308,4.872062010992395,/home/gkl/work/evokv/results/selective_recompute_2026_09/layer/large/v1_to_v2/summary.json
large,v1_to_v2,layers_8,layer,3000,25975,458474346489720,38156738757052,420317607732668,386945459112748,19029465006044,0.5675619660024566,0.5019221708614954,0.5599109461362836,92.06025443474985,88.34393091912845,5.798877527478819,/home/gkl/work/evokv/results/selective_recompute_2026_09/layer/large/v1_to_v2/summary.json
large,v1_to_v2,fraction_0.03125,tail,3000,25975,458474346489720,38156738757052,420317607732668,19194020542590,0,0.5675619660024566,0.5019221708614954,0.5020152757763308,4.566551624170324,0.141842177653727,0.009310491483538463,/home/gkl/work/evokv/results/selective_recompute_2026_09/tail/large/v1_to_v2/summary.json
large,v1_to_v2,fraction_0.0625,tail,3000,25975,458474346489720,38156738757052,420317607732668,38373053346480,0,0.5675619660024566,0.5019221708614954,0.5021457537072639,9.129537435625627,0.34062087684516307,0.022358284576851073,/home/gkl/work/evokv/results/selective_recompute_2026_09/tail/large/v1_to_v2/summary.json
large,v1_to_v2,fraction_0.125,tail,3000,25975,458474346489720,38156738757052,420317607732668,75436693312140,0,0.5675619660024566,0.5019221708614954,0.5028556838715211,17.947545361963407,1.4221753861678568,0.09335130100257549,/home/gkl/work/evokv/results/selective_recompute_2026_09/tail/large/v1_to_v2/summary.json
large,v1_to_v2,fraction_0.25,tail,3000,25975,458474346489720,38156738757052,420317607732668,145682101188390,0,0.5675619660024566,0.5019221708614954,0.5057758728868917,34.6600043653292,5.870984236194761,0.3853702025396366,/home/gkl/work/evokv/results/selective_recompute_2026_09/tail/large/v1_to_v2/summary.json
large,v1_to_v2,fraction_0.5,tail,3000,25975,458474346489720,38156738757052,420317607732668,270647104908060,0,0.5675619660024566,0.5019221708614954,0.5160594829932289,64.39109376550267,21.537715194530556,1.4137312131733526,/home/gkl/work/evokv/results/selective_recompute_2026_09/tail/large/v1_to_v2/summary.json
large,v1_to_v2,fraction_0.03125,deviation,3000,25975,458474346489720,38156738757052,420317607732668,35657474528544,0,0.5675619660024566,0.5019221708614954,0.5120269271439484,8.483459620188693,15.394253228172142,1.0104756282452998,/home/gkl/work/evokv/results/selective_recompute_2026_09/deviation/large/v1_to_v2/summary.json
large,v1_to_v2,fraction_0.0625,deviation,3000,25975,458474346489720,38156738757052,420317607732668,54830330182460,0,0.5675619660024566,0.5019221708614954,0.5181775056557041,13.044975793003989,24.764450832456813,1.625533479420871,/home/gkl/work/evokv/results/selective_recompute_2026_09/deviation/large/v1_to_v2/summary.json
large,v1_to_v2,fraction_0.125,deviation,3000,25975,458474346489720,38156738757052,420317607732668,93175444220724,0,0.5675619660024566,0.5019221708614954,0.523885490406968,22.167866039051546,33.46037186482142,2.1963319545472593,/home/gkl/work/evokv/results/selective_recompute_2026_09/deviation/large/v1_to_v2/summary.json
large,v1_to_v2,fraction_0.25,deviation,3000,25975,458474346489720,38156738757052,420317607732668,169865284691504,0,0.5675619660024566,0.5019221708614954,0.5311644790203928,40.41355431379938,44.549663959339995,2.924230815889739,/home/gkl/work/evokv/results/selective_recompute_2026_09/deviation/large/v1_to_v2/summary.json
large,v1_to_v2,fraction_0.5,deviation,3000,25975,458474346489720,38156738757052,420317607732668,323245090667732,0,0.5675619660024566,0.5019221708614954,0.5462361995727717,76.90496061095865,67.51091866772609,4.4314028711276325,/home/gkl/work/evokv/results/selective_recompute_2026_09/deviation/large/v1_to_v2/summary.json
large,v1_to_v2,fraction_0.03125,query,3000,25975,458474346489720,38156738757052,420317607732668,19216823776906,0,0.5675619660024566,0.5019221708614954,0.5022171493619748,4.571976863060269,0.4493897335388873,0.029497850047943697,/home/gkl/work/evokv/results/selective_recompute_2026_09/query/large/v1_to_v2/summary.json
large,v1_to_v2,fraction_0.0625,query,3000,25975,458474346489720,38156738757052,420317607732668,38389679430822,0,0.5675619660024566,0.5019221708614954,0.5041981653048262,9.133493035875563,3.467400284298772,0.227599444333082,/home/gkl/work/evokv/results/selective_recompute_2026_09/query/large/v1_to_v2/summary.json
large,v1_to_v2,fraction_0.125,query,3000,25975,458474346489720,38156738757052,420317607732668,76734793469086,0,0.5675619660024566,0.5019221708614954,0.5136952668843696,18.25638328192312,17.93591219715352,1.177309602287424,/home/gkl/work/evokv/results/selective_recompute_2026_09/query/large/v1_to_v2/summary.json
large,v1_to_v2,fraction_0.25,query,3000,25975,458474346489720,38156738757052,420317607732668,153424633939866,0,0.5675619660024566,0.5019221708614954,0.5373263331830981,36.502071556670955,53.9370396351366,3.5404162321602706,/home/gkl/work/evokv/results/selective_recompute_2026_09/query/large/v1_to_v2/summary.json
large,v1_to_v2,fraction_0.5,query,3000,25975,458474346489720,38156738757052,420317607732668,306804439916094,0,0.5675619660024566,0.5019221708614954,0.549476041284573,72.99347785383023,72.44670755135026,4.755387042307757,/home/gkl/work/evokv/results/selective_recompute_2026_09/query/large/v1_to_v2/summary.json
large,v2_to_v3,layers_1,layer,3000,27553,488781444575154,40303555970148,448477888605006,74429073912118,19998540267304,0.5783607748798526,0.46488376498844836,0.5008227078420883,16.595929432246976,31.67068191877185,3.593894285363991,/home/gkl/work/evokv/results/selective_recompute_2026_09/layer/large/v2_to_v3/summary.json
large,v2_to_v3,layers_2,layer,3000,27553,488781444575154,40303555970148,448477888605006,122686394803204,19998540267304,0.5783607748798526,0.46488376498844836,0.5053942817753933,27.35617472353453,35.69931638638772,4.051051678694489,/home/gkl/work/evokv/results/selective_recompute_2026_09/layer/large/v2_to_v3/summary.json
large,v2_to_v3,layers_3,layer,3000,27553,488781444575154,40303555970148,448477888605006,170943715694290,19998540267304,0.5783607748798526,0.46488376498844836,0.5201761137563654,38.11642001482208,48.725595449537295,5.529234876791706,/home/gkl/work/evokv/results/selective_recompute_2026_09/layer/large/v2_to_v3/summary.json
large,v2_to_v3,layers_5,layer,3000,27553,488781444575154,40303555970148,448477888605006,267458357476462,19998540267304,0.5783607748798526,0.46488376498844836,0.5399489783196334,59.63691059739719,66.15015094513092,7.506521333118505,/home/gkl/work/evokv/results/selective_recompute_2026_09/layer/large/v2_to_v3/summary.json
large,v2_to_v3,layers_8,layer,3000,27553,488781444575154,40303555970148,448477888605006,412230320149720,19998540267304,0.5783607748798526,0.46488376498844836,0.5654360301882961,91.91764647125986,88.61025268120366,10.055226519984778,/home/gkl/work/evokv/results/selective_recompute_2026_09/layer/large/v2_to_v3/summary.json
large,v2_to_v3,fraction_0.03125,tail,3000,27553,488781444575154,40303555970148,448477888605006,20364287287224,0,0.5783607748798526,0.46488376498844836,0.46497817568794503,4.54075614531795,0.08319808530998624,0.009441069949667202,/home/gkl/work/evokv/results/selective_recompute_2026_09/tail/large/v2_to_v3/summary.json
large,v2_to_v3,fraction_0.0625,tail,3000,27553,488781444575154,40303555970148,448477888605006,40711399441644,0,0.5783607748798526,0.46488376498844836,0.4652270968025218,9.077682640782387,0.30255627496881116,0.034333181407342206,/home/gkl/work/evokv/results/selective_recompute_2026_09/tail/large/v2_to_v3/summary.json
large,v2_to_v3,fraction_0.125,tail,3000,27553,488781444575154,40303555970148,448477888605006,80052323457744,0,0.5783607748798526,0.46488376498844836,0.46633846984406463,17.84978155929769,1.2819379511395335,0.14547048556162734,/home/gkl/work/evokv/results/selective_recompute_2026_09/tail/large/v2_to_v3/summary.json
large,v2_to_v3,fraction_0.25,tail,3000,27553,488781444575154,40303555970148,448477888605006,154677553013694,0,0.5783607748798526,0.46488376498844836,0.47098200593956324,34.489449077371404,5.373988050047149,0.6098240951114886,/home/gkl/work/evokv/results/selective_recompute_2026_09/tail/large/v2_to_v3/summary.json
large,v2_to_v3,fraction_0.5,tail,3000,27553,488781444575154,40303555970148,448477888605006,287692038428844,0,0.5783607748798526,0.46488376498844836,0.48842951121762523,64.14854460801007,20.749353769287534,2.3545746229176876,/home/gkl/work/evokv/results/selective_recompute_2026_09/tail/large/v2_to_v3/summary.json
large,v2_to_v3,fraction_0.03125,deviation,3000,27553,488781444575154,40303555970148,448477888605006,37843307459599,0,0.5783607748798526,0.46488376498844836,0.4721004610387837,8.43816572034597,6.3596106887568125,0.7216696050335369,/home/gkl/work/evokv/results/selective_recompute_2026_09/deviation/large/v2_to_v3/summary.json
large,v2_to_v3,fraction_0.0625,deviation,3000,27553,488781444575154,40303555970148,448477888605006,58183861598167,0,0.5783607748798526,0.46488376498844836,0.4769183505236542,12.973629932826423,10.605307230709357,1.2034585535205866,/home/gkl/work/evokv/results/selective_recompute_2026_09/deviation/large/v2_to_v3/summary.json
large,v2_to_v3,fraction_0.125,deviation,3000,27553,488781444575154,40303555970148,448477888605006,98864539229967,0,0.5783607748798526,0.46488376498844836,0.48450793012351434,22.044462334026306,17.293516240731062,1.9624165135065985,/home/gkl/work/evokv/results/selective_recompute_2026_09/deviation/large/v2_to_v3/summary.json
large,v2_to_v3,fraction_0.25,deviation,3000,27553,488781444575154,40303555970148,448477888605006,180227883645907,0,0.5783607748798526,0.46488376498844836,0.5003813793761792,40.18657067052007,31.281767489028418,3.5497614387730856,/home/gkl/work/evokv/results/selective_recompute_2026_09/deviation/large/v2_to_v3/summary.json
large,v2_to_v3,fraction_0.5,deviation,3000,27553,488781444575154,40303555970148,448477888605006,342953033174807,0,0.5783607748798526,0.46488376498844836,0.5380002972984391,76.4704441152194,64.43290352817911,7.3116532309990765,/home/gkl/work/evokv/results/selective_recompute_2026_09/deviation/large/v2_to_v3/summary.json
large,v2_to_v3,fraction_0.03125,query,3000,27553,488781444575154,40303555970148,448477888605006,20388486409640,0,0.5783607748798526,0.46488376498844836,0.46334675499535843,4.546151979322447,-1.3544681821990345,-0.15370099930899217,/home/gkl/work/evokv/results/selective_recompute_2026_09/query/large/v2_to_v3/summary.json
large,v2_to_v3,fraction_0.0625,query,3000,27553,488781444575154,40303555970148,448477888605006,40729040548208,0,0.5783607748798526,0.46488376498844836,0.46341617237339405,9.081616191802901,-1.2932951057300208,-0.14675926150543028,/home/gkl/work/evokv/results/selective_recompute_2026_09/query/large/v2_to_v3/summary.json
large,v2_to_v3,fraction_0.125,query,3000,27553,488781444575154,40303555970148,448477888605006,81409718180008,0,0.5783607748798526,0.46488376498844836,0.47306046831026005,18.152448593002784,7.205603434243355,0.8176703321811696,/home/gkl/work/evokv/results/selective_recompute_2026_09/query/large/v2_to_v3/summary.json
large,v2_to_v3,fraction_0.25,query,3000,27553,488781444575154,40303555970148,448477888605006,162773062595948,0,0.5783607748798526,0.46488376498844836,0.5069694450329423,36.294556929496544,37.08740658990687,4.2085680044493925,/home/gkl/work/evokv/results/selective_recompute_2026_09/query/large/v2_to_v3/summary.json
large,v2_to_v3,fraction_0.5,query,3000,27553,488781444575154,40303555970148,448477888605006,325498212124848,0,0.5783607748798526,0.46488376498844836,0.5502205358045952,72.57843037419588,75.20181479738741,8.533677081614682,/home/gkl/work/evokv/results/selective_recompute_2026_09/query/large/v2_to_v3/summary.json
large,v3_to_v4,layers_1,layer,3000,29546,519014397107028,41434482296172,477579914810856,77694781647652,19848424783064,0.6529125216887081,0.4811877452794301,0.544438021476122,16.26843576083445,36.832353210316704,6.3250276196691875,/home/gkl/work/evokv/results/selective_recompute_2026_09/layer/large/v3_to_v4/summary.json
large,v3_to_v4,layers_2,layer,3000,29546,519014397107028,41434482296172,477579914810856,128931508467184,19848424783064,0.6529125216887081,0.4811877452794301,0.5503709130309405,26.996844814599648,40.287237053448635,6.9183167751510455,/home/gkl/work/evokv/results/selective_recompute_2026_09/layer/large/v3_to_v4/summary.json
large,v3_to_v4,layers_3,layer,3000,29546,519014397107028,41434482296172,477579914810856,180168235286716,19848424783064,0.6529125216887081,0.4811877452794301,0.5744599517149582,37.725253868364845,54.31493834834238,9.327220643552813,/home/gkl/work/evokv/results/selective_recompute_2026_09/layer/large/v3_to_v4/summary.json
large,v3_to_v4,layers_5,layer,3000,29546,519014397107028,41434482296172,477579914810856,282641688925780,19848424783064,0.6529125216887081,0.4811877452794301,0.5908868232710498,59.18207197589525,63.88075168033404,10.969907799161971,/home/gkl/work/evokv/results/selective_recompute_2026_09/layer/large/v3_to_v4/summary.json
large,v3_to_v4,layers_8,layer,3000,29546,519014397107028,41434482296172,477579914810856,436351869384376,19848424783064,0.6529125216887081,0.4811877452794301,0.6356830195965544,91.36729913719084,89.96679311371471,15.44952743171243,/home/gkl/work/evokv/results/selective_recompute_2026_09/layer/large/v3_to_v4/summary.json
large,v3_to_v4,fraction_0.03125,tail,3000,29546,519014397107028,41434482296172,477579914810856,21841575623478,0,0.6529125216887081,0.4811877452794301,0.4814258444907095,4.573386557122756,0.1386516356334973,0.023809921127943,/home/gkl/work/evokv/results/selective_recompute_2026_09/tail/large/v3_to_v4/summary.json
large,v3_to_v4,fraction_0.0625,tail,3000,29546,519014397107028,41434482296172,477579914810856,43667523174438,0,0.6529125216887081,0.4811877452794301,0.48204946105406865,9.143500767140173,0.5018004930079523,0.08617157746385606,/home/gkl/work/evokv/results/selective_recompute_2026_09/tail/large/v3_to_v4/summary.json
large,v3_to_v4,fraction_0.125,tail,3000,29546,519014397107028,41434482296172,477579914810856,85825086703518,0,0.6529125216887081,0.4811877452794301,0.484703141378574,17.970832533338164,2.047110599093486,0.3515396099143919,/home/gkl/work/evokv/results/selective_recompute_2026_09/tail/large/v3_to_v4/summary.json
large,v3_to_v4,fraction_0.25,tail,3000,29546,519014397107028,41434482296172,477579914810856,165654149086398,0,0.6529125216887081,0.4811877452794301,0.49424032200617213,34.68616328892407,7.600869833502274,1.3052576726742038,/home/gkl/work/evokv/results/selective_recompute_2026_09/tail/large/v3_to_v4/summary.json
large,v3_to_v4,fraction_0.5,tail,3000,29546,519014397107028,41434482296172,477579914810856,307367319783108,0,0.6529125216887081,0.4811877452794301,0.5267218540530566,64.35934809043212,26.515747887831516,4.553410877362651,/home/gkl/work/evokv/results/selective_recompute_2026_09/tail/large/v3_to_v4/summary.json
large,v3_to_v4,fraction_0.03125,deviation,3000,29546,519014397107028,41434482296172,477579914810856,40556281616442,0,0.6529125216887081,0.4811877452794301,0.5026484514610783,8.49204088335754,12.4971519138858,2.1460706181648193,/home/gkl/work/evokv/results/selective_recompute_2026_09/deviation/large/v3_to_v4/summary.json
large,v3_to_v4,fraction_0.0625,deviation,3000,29546,519014397107028,41434482296172,477579914810856,62375207757946,0,0.6529125216887081,0.4811877452794301,0.5182470370787704,13.060684887187834,21.58063185420346,3.705929179934031,/home/gkl/work/evokv/results/selective_recompute_2026_09/deviation/large/v3_to_v4/summary.json
large,v3_to_v4,fraction_0.125,deviation,3000,29546,519014397107028,41434482296172,477579914810856,106014118563338,0,0.6529125216887081,0.4811877452794301,0.5381212950788339,22.198194537834482,33.15395191647358,5.693354979940379,/home/gkl/work/evokv/results/selective_recompute_2026_09/deviation/large/v3_to_v4/summary.json
large,v3_to_v4,fraction_0.25,deviation,3000,29546,519014397107028,41434482296172,477579914810856,193292047228730,0,0.6529125216887081,0.4811877452794301,0.5668053478464669,40.4732362551894,49.857454676767894,8.561760256703677,/home/gkl/work/evokv/results/selective_recompute_2026_09/deviation/large/v3_to_v4/summary.json
large,v3_to_v4,fraction_0.5,deviation,3000,29546,519014397107028,41434482296172,477579914810856,367847638016894,0,0.6529125216887081,0.4811877452794301,0.6031525157317518,77.02326387879585,71.02339744012161,12.196477045232168,/home/gkl/work/evokv/results/selective_recompute_2026_09/deviation/large/v3_to_v4/summary.json
large,v3_to_v4,fraction_0.03125,query,3000,29546,519014397107028,41434482296172,477579914810856,21867505812644,0,0.6529125216887081,0.4811877452794301,0.48779000021415847,4.578816054545459,3.844672313908264,0.660225493472838,/home/gkl/work/evokv/results/selective_recompute_2026_09/query/large/v3_to_v4/summary.json
large,v3_to_v4,fraction_0.0625,query,3000,29546,519014397107028,41434482296172,477579914810856,43686431954148,0,0.6529125216887081,0.4811877452794301,0.4896108589399781,9.147460058375753,4.905007790182164,0.8423113660547987,/home/gkl/work/evokv/results/selective_recompute_2026_09/query/large/v3_to_v4/summary.json
large,v3_to_v4,fraction_0.125,query,3000,29546,519014397107028,41434482296172,477579914810856,87325342759540,0,0.6529125216887081,0.4811877452794301,0.5077387660749964,18.2849697090224,15.461380326555929,2.655102079556626,/home/gkl/work/evokv/results/selective_recompute_2026_09/query/large/v3_to_v4/summary.json
large,v3_to_v4,fraction_0.25,query,3000,29546,519014397107028,41434482296172,477579914810856,174603271424932,0,0.6529125216887081,0.4811877452794301,0.5676377723453401,36.560011426377315,50.34219806457658,8.645002706590999,/home/gkl/work/evokv/results/selective_recompute_2026_09/query/large/v3_to_v4/summary.json
large,v3_to_v4,fraction_0.5,query,3000,29546,519014397107028,41434482296172,477579914810856,349158862213096,0,0.6529125216887081,0.4811877452794301,0.6193809475595726,73.11003904998375,80.47365393027597,13.819320228014254,/home/gkl/work/evokv/results/selective_recompute_2026_09/query/large/v3_to_v4/summary.json
large,v4_to_v5,layers_1,layer,3000,23880,420439713294060,35758389822564,384681323471496,66626362055144,19808881106564,0.5922757674796575,0.4231224986603927,0.49429510395707577,17.319884795519805,42.07580840351886,7.1172605296683065,/home/gkl/work/evokv/results/selective_recompute_2026_09/layer/large/v4_to_v5/summary.json
large,v4_to_v5,layers_2,layer,3000,23880,420439713294060,35758389822564,384681323471496,108136597876076,19808881106564,0.5922757674796575,0.4231224986603927,0.5016603146214146,28.11069612119827,46.42997236130104,7.853781596102189,/home/gkl/work/evokv/results/selective_recompute_2026_09/layer/large/v4_to_v5/summary.json
large,v4_to_v5,layers_3,layer,3000,23880,420439713294060,35758389822564,384681323471496,149646833697008,19808881106564,0.5922757674796575,0.4231224986603927,0.5229106952118354,38.901507446876735,58.99276865767426,9.978819655144273,/home/gkl/work/evokv/results/selective_recompute_2026_09/layer/large/v4_to_v5/summary.json
large,v4_to_v5,layers_5,layer,3000,23880,420439713294060,35758389822564,384681323471496,232667305338872,19808881106564,0.5922757674796575,0.4231224986603927,0.5388540023208032,60.483130098233666,68.4181301775883,11.573150366041046,/home/gkl/work/evokv/results/selective_recompute_2026_09/layer/large/v4_to_v5/summary.json
large,v4_to_v5,layers_8,layer,3000,23880,420439713294060,35758389822564,384681323471496,357198012801668,19808881106564,0.5922757674796575,0.4231224986603927,0.5758441655222339,92.85556407526906,90.28596841661971,15.272166686184125,/home/gkl/work/evokv/results/selective_recompute_2026_09/layer/large/v4_to_v5/summary.json
large,v4_to_v5,fraction_0.03125,tail,3000,23880,420439713294060,35758389822564,384681323471496,17494027762890,0,0.5922757674796575,0.4231224986603927,0.42354578263230175,4.5476675615592415,0.25023694479195435,0.042328397190904976,/home/gkl/work/evokv/results/selective_recompute_2026_09/tail/large/v4_to_v5/summary.json
large,v4_to_v5,fraction_0.0625,tail,3000,23880,420439713294060,35758389822564,384681323471496,34964370171570,0,0.5922757674796575,0.4231224986603927,0.4246314252357177,9.089177986609682,0.8920469499984767,0.1508926575324976,/home/gkl/work/evokv/results/selective_recompute_2026_09/tail/large/v4_to_v5/summary.json
large,v4_to_v5,fraction_0.125,tail,3000,23880,420439713294060,35758389822564,384681323471496,68760615595020,0,0.5922757674796575,0.4231224986603927,0.42839654860379206,17.874695598554318,3.1179119269841165,0.5274049943399362,/home/gkl/work/evokv/results/selective_recompute_2026_09/tail/large/v4_to_v5/summary.json
large,v4_to_v5,fraction_0.25,tail,3000,23880,420439713294060,35758389822564,384681323471496,132874368222570,0,0.5922757674796575,0.4231224986603927,0.4400118843572901,34.54141392242966,9.98466409475256,1.6889385696897408,/home/gkl/work/evokv/results/selective_recompute_2026_09/tail/large/v4_to_v5/summary.json
large,v4_to_v5,fraction_0.5,tail,3000,23880,420439713294060,35758389822564,384681323471496,247229368198290,0,0.5922757674796575,0.4231224986603927,0.47365817479834915,64.2686174538466,29.875672217692888,5.053567613795646,/home/gkl/work/evokv/results/selective_recompute_2026_09/tail/large/v4_to_v5/summary.json
large,v4_to_v5,fraction_0.03125,deviation,3000,23880,420439713294060,35758389822564,384681323471496,32521119159318,0,0.5922757674796575,0.4231224986603927,0.4340872465835578,8.45404161185583,6.482137767541816,1.0964747923165097,/home/gkl/work/evokv/results/selective_recompute_2026_09/deviation/large/v4_to_v5/summary.json
large,v4_to_v5,fraction_0.0625,deviation,3000,23880,420439713294060,35758389822564,384681323471496,49985824792950,0,0.5922757674796575,0.4231224986603927,0.44347461133644905,12.994086726608092,12.031758427206027,2.0352112676056358,/home/gkl/work/evokv/results/selective_recompute_2026_09/deviation/large/v4_to_v5/summary.json
large,v4_to_v5,fraction_0.125,deviation,3000,23880,420439713294060,35758389822564,384681323471496,84926965315410,0,0.5922757674796575,0.4231224986603927,0.46206183840254933,22.077226039725552,23.020152086899458,3.8939339742156633,/home/gkl/work/evokv/results/selective_recompute_2026_09/deviation/large/v4_to_v5/summary.json
large,v4_to_v5,fraction_0.25,deviation,3000,23880,420439713294060,35758389822564,384681323471496,154799031034790,0,0.5922757674796575,0.4231224986603927,0.49232175060947697,40.24084913658675,40.90920171517442,6.919925194908427,/home/gkl/work/evokv/results/selective_recompute_2026_09/deviation/large/v4_to_v5/summary.json
large,v4_to_v5,fraction_0.5,deviation,3000,23880,420439713294060,35758389822564,384681323471496,294544732744758,0,0.5922757674796575,0.4231224986603927,0.5359940737901838,76.56850353084091,66.7273981269561,11.287157512979112,/home/gkl/work/evokv/results/selective_recompute_2026_09/deviation/large/v4_to_v5/summary.json
large,v4_to_v5,fraction_0.03125,query,3000,23880,420439713294060,35758389822564,384681323471496,17514913346640,0,0.5922757674796575,0.4231224986603927,0.4485069499891767,4.553096882525885,15.00677551546846,2.5384451328783975,/home/gkl/work/evokv/results/selective_recompute_2026_09/query/large/v4_to_v5/summary.json
large,v4_to_v5,fraction_0.0625,query,3000,23880,420439713294060,35758389822564,384681323471496,34979618980272,0,0.5922757674796575,0.4231224986603927,0.4612918072810762,9.093141997278147,22.564925222619426,3.816930862068352,/home/gkl/work/evokv/results/selective_recompute_2026_09/query/large/v4_to_v5/summary.json
large,v4_to_v5,fraction_0.125,query,3000,23880,420439713294060,35758389822564,384681323471496,69920759502732,0,0.5922757674796575,0.4231224986603927,0.48265907615002185,18.17628131039561,35.19682351113309,5.9536577489629146,/home/gkl/work/evokv/results/selective_recompute_2026_09/query/large/v4_to_v5/summary.json
large,v4_to_v5,fraction_0.25,query,3000,23880,420439713294060,35758389822564,384681323471496,139792825222112,0,0.5922757674796575,0.4231224986603927,0.5211508096196225,36.33990440725681,57.952359799780204,9.802831095922976,/home/gkl/work/evokv/results/selective_recompute_2026_09/query/large/v4_to_v5/summary.json
large,v4_to_v5,fraction_0.5,query,3000,23880,420439713294060,35758389822564,384681323471496,279538526932080,0,0.5922757674796575,0.4231224986603927,0.5583852000894255,72.66755880151098,79.96458027279209,13.526270142903279,/home/gkl/work/evokv/results/selective_recompute_2026_09/query/large/v4_to_v5/summary.json
max,v0_to_v1,layers_1,layer,3000,24626,687575716503120,45565062988000,642010653515120,117447760726972,69431347568844,0.6289861407888325,0.6200819485824905,0.6211268004057034,18.29374015585646,11.734380828714686,0.10448518232129,/home/gkl/work/evokv/results/selective_recompute_2026_09/layer/max/v0_to_v1/summary.json
max,v0_to_v1,layers_2,layer,3000,24626,687575716503120,45565062988000,642010653515120,160083012329164,69431347568844,0.6289861407888325,0.6200819485824905,0.6211361843784751,24.93463487758056,11.839769083529438,0.1054235795984515,/home/gkl/work/evokv/results/selective_recompute_2026_09/layer/max/v0_to_v1/summary.json
max,v0_to_v1,layers_4,layer,3000,24626,687575716503120,45565062988000,642010653515120,245353515533548,69431347568844,0.6289861407888325,0.6200819485824905,0.6164785801791455,38.21642432102876,-40.46822350463852,-0.3603368403345075,/home/gkl/work/evokv/results/selective_recompute_2026_09/layer/max/v0_to_v1/summary.json
max,v0_to_v1,layers_8,layer,3000,24626,687575716503120,45565062988000,642010653515120,415894521942316,69431347568844,0.6289861407888325,0.6200819485824905,0.6172861100604057,64.78000320792516,-31.399125909406415,-0.279583852208487,/home/gkl/work/evokv/results/selective_recompute_2026_09/layer/max/v0_to_v1/summary.json
max,v0_to_v1,layers_12,layer,3000,24626,687575716503120,45565062988000,642010653515120,586435528351084,69431347568844,0.6289861407888325,0.6200819485824905,0.631227843920719,91.34358209482156,125.17581696282102,1.1145895338228407,/home/gkl/work/evokv/results/selective_recompute_2026_09/layer/max/v0_to_v1/summary.json
max,v0_to_v1,fraction_0.03125,tail,3000,24626,687575716503120,45565062988000,642010653515120,28140978484530,0,0.6289861407888325,0.6200819485824905,0.620043881779985,4.383257245102281,-0.42751550756504136,-0.0038066802505509756,/home/gkl/work/evokv/results/selective_recompute_2026_09/tail/max/v0_to_v1/summary.json
max,v0_to_v1,fraction_0.0625,tail,3000,24626,687575716503120,45565062988000,642010653515120,56227123557708,0,0.6289861407888325,0.6200819485824905,0.6201630555115625,8.757973602128674,0.9108847517258204,0.008110692907192796,/home/gkl/work/evokv/results/selective_recompute_2026_09/tail/max/v0_to_v1/summary.json
max,v0_to_v1,fraction_0.125,tail,3000,24626,687575716503120,45565062988000,642010653515120,110641159006344,0,0.6289861407888325,0.6200819485824905,0.6203269392449385,17.23353941255716,2.751408064546183,0.024499066244798584,/home/gkl/work/evokv/results/selective_recompute_2026_09/tail/max/v0_to_v1/summary.json
max,v0_to_v1,fraction_0.25,tail,3000,24626,687575716503120,45565062988000,642010653515120,214189833322230,0,0.6289861407888325,0.6200819485824905,0.6211888625892615,33.362348763140204,12.431380423061755,0.1106914006770987,/home/gkl/work/evokv/results/selective_recompute_2026_09/tail/max/v0_to_v1/summary.json
max,v0_to_v1,fraction_0.5,tail,3000,24626,687575716503120,45565062988000,642010653515120,400156575127716,0,0.6289861407888325,0.6200819485824905,0.6239400410242968,62.32865030148474,43.328943854764574,0.3858092441806238,/home/gkl/work/evokv/results/selective_recompute_2026_09/tail/max/v0_to_v1/summary.json
max,v0_to_v1,fraction_0.03125,deviation,3000,24626,687575716503120,45565062988000,642010653515120,43374489537064,0,0.6289861407888325,0.6200819485824905,0.6194020371007616,6.7560389067659745,-7.63585809889305,-0.06799114817289675,/home/gkl/work/evokv/results/selective_recompute_2026_09/deviation/max/v0_to_v1/summary.json
max,v0_to_v1,fraction_0.0625,deviation,3000,24626,687575716503120,45565062988000,642010653515120,71452061447224,0,0.6289861407888325,0.6200819485824905,0.6188528750346238,11.12941990230404,-13.803313308885206,-0.12290735478667214,/home/gkl/work/evokv/results/selective_recompute_2026_09/deviation/max/v0_to_v1/summary.json
max,v0_to_v1,fraction_0.125,deviation,3000,24626,687575716503120,45565062988000,642010653515120,127609636972184,0,0.6289861407888325,0.6200819485824905,0.6180783025006754,19.876560657288014,-22.50227797630027,-0.20036460818151358,/home/gkl/work/evokv/results/selective_recompute_2026_09/deviation/max/v0_to_v1/summary.json
max,v0_to_v1,fraction_0.25,deviation,3000,24626,687575716503120,45565062988000,642010653515120,239927453332424,0,0.6289861407888325,0.6200819485824905,0.6192977969544797,37.37125731773756,-8.806544264086211,-0.07841516280108207,/home/gkl/work/evokv/results/selective_recompute_2026_09/deviation/max/v0_to_v1/summary.json
max,v0_to_v1,fraction_0.5,deviation,3000,24626,687575716503120,45565062988000,642010653515120,464560730607224,0,0.6289861407888325,0.6200819485824905,0.6251933050745067,72.36028375287438,57.40393259228571,0.5111356492016106,/home/gkl/work/evokv/results/selective_recompute_2026_09/deviation/max/v0_to_v1/summary.json
max,v0_to_v1,fraction_0.03125,query,3000,24626,687575716503120,45565062988000,642010653515120,28159464241476,0,0.6289861407888325,0.6200819485824905,0.617767324540333,4.386136598714995,-25.994767279495164,-0.23146240421575426,/home/gkl/work/evokv/results/selective_recompute_2026_09/query/max/v0_to_v1/summary.json
max,v0_to_v1,fraction_0.0625,query,3000,24626,687575716503120,45565062988000,642010653515120,56237036151636,0,0.6289861407888325,0.6200819485824905,0.6159557504118444,8.759517594253062,-46.339949487021634,-0.4126198170646189,/home/gkl/work/evokv/results/selective_recompute_2026_09/query/max/v0_to_v1/summary.json
max,v0_to_v1,fraction_0.125,query,3000,24626,687575716503120,45565062988000,642010653515120,112394611676596,0,0.6289861407888325,0.6200819485824905,0.6162074704899695,17.506658349237036,-43.512965609182146,-0.3874478092521061,/home/gkl/work/evokv/results/selective_recompute_2026_09/query/max/v0_to_v1/summary.json
max,v0_to_v1,fraction_0.25,query,3000,24626,687575716503120,45565062988000,642010653515120,224712428036836,0,0.6289861407888325,0.6200819485824905,0.6217069277669058,35.00135500968658,18.249596895021,0.16249791844152872,/home/gkl/work/evokv/results/selective_recompute_2026_09/query/max/v0_to_v1/summary.json
max,v0_to_v1,fraction_0.5,query,3000,24626,687575716503120,45565062988000,642010653515120,449345705311636,0,0.6289861407888325,0.6200819485824905,0.6211552699633289,69.9903814448234,12.05411289385586,0.10733213808383768,/home/gkl/work/evokv/results/selective_recompute_2026_09/query/max/v0_to_v1/summary.json
max,v1_to_v2,layers_1,layer,3000,26163,735280200657912,51866601086320,683413599571592,118295628352056,66895630614592,0.5849459661385288,0.5203521847560443,0.5315991209054653,17.309522143868865,17.411793997356583,1.1246936149421072,/home/gkl/work/evokv/results/selective_recompute_2026_09/layer/max/v1_to_v2/summary.json
max,v1_to_v2,layers_2,layer,3000,26163,735280200657912,51866601086320,683413599571592,163885444326624,66895630614592,0.5849459661385288,0.5203521847560443,0.531673520376056,23.980418948255938,17.526974544149592,1.1321335620011697,/home/gkl/work/evokv/results/selective_recompute_2026_09/layer/max/v1_to_v2/summary.json
max,v1_to_v2,layers_4,layer,3000,26163,735280200657912,51866601086320,683413599571592,255065076275760,66895630614592,0.5849459661385288,0.5203521847560443,0.5462505899915077,37.322212557030085,40.094270193146016,2.5898405235463384,/home/gkl/work/evokv/results/selective_recompute_2026_09/layer/max/v1_to_v2/summary.json
max,v1_to_v2,layers_8,layer,3000,26163,735280200657912,51866601086320,683413599571592,437424340174032,66895630614592,0.5849459661385288,0.5203521847560443,0.5496056681099933,64.00579977457838,45.28838957534935,2.925348335394906,/home/gkl/work/evokv/results/selective_recompute_2026_09/layer/max/v1_to_v2/summary.json
max,v1_to_v2,layers_12,layer,3000,26163,735280200657912,51866601086320,683413599571592,619783604072304,66895630614592,0.5849459661385288,0.5203521847560443,0.5685335125719068,90.68938699212667,74.5912791984764,4.8181327815862485,/home/gkl/work/evokv/results/selective_recompute_2026_09/layer/max/v1_to_v2/summary.json
max,v1_to_v2,fraction_0.03125,tail,3000,26163,735280200657912,51866601086320,683413599571592,30541493860110,0,0.5849459661385288,0.5203521847560443,0.5206355084699682,4.468961969626503,0.4386238239347745,0.028332371392392197,/home/gkl/work/evokv/results/selective_recompute_2026_09/tail/max/v1_to_v2/summary.json
max,v1_to_v2,fraction_0.0625,tail,3000,26163,735280200657912,51866601086320,683413599571592,61052703180414,0,0.5849459661385288,0.5203521847560443,0.5209066953070125,8.93349257589925,0.8584581040158561,0.055451055096822355,/home/gkl/work/evokv/results/selective_recompute_2026_09/tail/max/v1_to_v2/summary.json
max,v1_to_v2,fraction_0.125,tail,3000,26163,735280200657912,51866601086320,683413599571592,120063491762064,0,0.5849459661385288,0.5203521847560443,0.5222794466862045,17.56820347697611,2.9836648186737738,0.192726193016024,/home/gkl/work/evokv/results/selective_recompute_2026_09/tail/max/v1_to_v2/summary.json
max,v1_to_v2,fraction_0.25,tail,3000,26163,735280200657912,51866601086320,683413599571592,232058232237168,0,0.5849459661385288,0.5203521847560443,0.5269560323025582,33.955752765622044,10.223658385023128,0.6603847546513886,/home/gkl/work/evokv/results/selective_recompute_2026_09/tail/max/v1_to_v2/summary.json
max,v1_to_v2,fraction_0.5,tail,3000,26163,735280200657912,51866601086320,683413599571592,431941997657460,0,0.5849459661385288,0.5203521847560443,0.5394536833584346,63.203599976387544,29.57172996156242,1.9101498602390299,/home/gkl/work/evokv/results/selective_recompute_2026_09/tail/max/v1_to_v2/summary.json
max,v1_to_v2,fraction_0.03125,deviation,3000,26163,735280200657912,51866601086320,683413599571592,46989525399441,0,0.5849459661385288,0.5203521847560443,0.5230097614482313,6.875708272252276,4.114291864181934,0.2657576692187025,/home/gkl/work/evokv/results/selective_recompute_2026_09/deviation/max/v1_to_v2/summary.json
max,v1_to_v2,fraction_0.0625,deviation,3000,26163,735280200657912,51866601086320,683413599571592,77491476654481,0,0.5849459661385288,0.5203521847560443,0.524307953619048,11.338884198830355,6.124070736128806,0.395576886300375,/home/gkl/work/evokv/results/selective_recompute_2026_09/deviation/max/v1_to_v2/summary.json
max,v1_to_v2,fraction_0.125,deviation,3000,26163,735280200657912,51866601086320,683413599571592,138492714152801,0,0.5849459661385288,0.5203521847560443,0.5279078810086406,20.264846096070844,11.697250247444353,0.7555696252596333,/home/gkl/work/evokv/results/selective_recompute_2026_09/deviation/max/v1_to_v2/summary.json
max,v1_to_v2,fraction_0.25,deviation,3000,26163,735280200657912,51866601086320,683413599571592,260495245079521,0,0.5849459661385288,0.5203521847560443,0.5374010624096164,38.11677807448027,26.39399225231787,1.7048877653572103,/home/gkl/work/evokv/results/selective_recompute_2026_09/deviation/max/v1_to_v2/summary.json
max,v1_to_v2,fraction_0.5,deviation,3000,26163,735280200657912,51866601086320,683413599571592,504502160101761,0,0.5849459661385288,0.5203521847560443,0.5565606608390489,73.82091319488164,56.05566868519486,3.6208476083004593,/home/gkl/work/evokv/results/selective_recompute_2026_09/deviation/max/v1_to_v2/summary.json
max,v1_to_v2,fraction_0.03125,query,3000,26163,735280200657912,51866601086320,683413599571592,30561277944092,0,0.5849459661385288,0.5203521847560443,0.5291697551967334,4.471856861386691,13.650803919462282,0.8817570440689093,/home/gkl/work/evokv/results/selective_recompute_2026_09/query/max/v1_to_v2/summary.json
max,v1_to_v2,fraction_0.0625,query,3000,26163,735280200657912,51866601086320,683413599571592,61063229199132,0,0.5849459661385288,0.5203521847560443,0.5354254190992335,8.935032787964769,23.335426445983707,1.507323434318919,/home/gkl/work/evokv/results/selective_recompute_2026_09/query/max/v1_to_v2/summary.json
max,v1_to_v2,fraction_0.125,query,3000,26163,735280200657912,51866601086320,683413599571592,122064466697452,0,0.5849459661385288,0.5203521847560443,0.5436077922391589,17.86099468520526,36.00285814730254,2.3255607483114615,/home/gkl/work/evokv/results/selective_recompute_2026_09/query/max/v1_to_v2/summary.json
max,v1_to_v2,fraction_0.25,query,3000,26163,735280200657912,51866601086320,683413599571592,244066997624172,0,0.5849459661385288,0.5203521847560443,0.5552429103738765,35.71292666361469,54.01561090104154,3.489072561783224,/home/gkl/work/evokv/results/selective_recompute_2026_09/query/max/v1_to_v2/summary.json
max,v1_to_v2,fraction_0.5,query,3000,26163,735280200657912,51866601086320,683413599571592,488073912646412,0,0.5849459661385288,0.5203521847560443,0.5677640844159242,71.41706178401607,73.40009927447333,4.74118996598799,/home/gkl/work/evokv/results/selective_recompute_2026_09/query/max/v1_to_v2/summary.json
max,v2_to_v3,layers_1,layer,3000,25140,697479595693638,60932678540288,636546917153350,119745881324186,70930203855436,0.6780067094713722,0.508056789621162,0.5222931835263158,18.811791887971413,8.376817075113344,1.4236393905153855,/home/gkl/work/evokv/results/selective_recompute_2026_09/layer/max/v2_to_v3/summary.json
max,v2_to_v3,layers_2,layer,3000,25140,697479595693638,60932678540288,636546917153350,162988034495384,70930203855436,0.6780067094713722,0.508056789621162,0.52231640791324,25.605030847414927,8.390482504873251,1.4259618292078002,/home/gkl/work/evokv/results/selective_recompute_2026_09/layer/max/v2_to_v3/summary.json
max,v2_to_v3,layers_4,layer,3000,25140,697479595693638,60932678540288,636546917153350,249472340837780,70930203855436,0.6780067094713722,0.508056789621162,0.5319117726604732,39.19150876630195,14.036477957939859,2.3854983039311217,/home/gkl/work/evokv/results/selective_recompute_2026_09/layer/max/v2_to_v3/summary.json
max,v2_to_v3,layers_8,layer,3000,25140,697479595693638,60932678540288,636546917153350,422440953522572,70930203855436,0.6780067094713722,0.508056789621162,0.5585592316789495,66.364464604076,29.71607288917769,5.050244205778753,/home/gkl/work/evokv/results/selective_recompute_2026_09/layer/max/v2_to_v3/summary.json
max,v2_to_v3,layers_12,layer,3000,25140,697479595693638,60932678540288,636546917153350,595409566207364,70930203855436,0.6780067094713722,0.508056789621162,0.614242463976748,93.53742044185006,62.48056748080582,10.618567435558601,/home/gkl/work/evokv/results/selective_recompute_2026_09/layer/max/v2_to_v3/summary.json
max,v2_to_v3,fraction_0.03125,tail,3000,25140,697479595693638,60932678540288,636546917153350,29327633525268,0,0.6780067094713722,0.508056789621162,0.5080994981885113,4.607301164291509,0.02513008972700834,0.004270856734933659,/home/gkl/work/evokv/results/selective_recompute_2026_09/tail/max/v2_to_v3/summary.json
max,v2_to_v3,fraction_0.0625,tail,3000,25140,697479595693638,60932678540288,636546917153350,58631590133964,0,0.6780067094713722,0.508056789621162,0.5084339732435079,9.21088274155275,0.22193809957568456,0.03771836223459557,/home/gkl/work/evokv/results/selective_recompute_2026_09/tail/max/v2_to_v3/summary.json
max,v2_to_v3,fraction_0.125,tail,3000,25140,697479595693638,60932678540288,636546917153350,115237703722752,0,0.6780067094713722,0.508056789621162,0.5098143693656726,18.103567956639743,1.0341750946747825,0.1757579744510629,/home/gkl/work/evokv/results/selective_recompute_2026_09/tail/max/v2_to_v3/summary.json
max,v2_to_v3,fraction_0.25,tail,3000,25140,697479595693638,60932678540288,636546917153350,222440975742096,0,0.6780067094713722,0.508056789621162,0.5158353591885032,34.94494588660586,4.576977485012694,0.7778569567341242,/home/gkl/work/evokv/results/selective_recompute_2026_09/tail/max/v2_to_v3/summary.json
max,v2_to_v3,fraction_0.5,tail,3000,25140,697479595693638,60932678540288,636546917153350,412824104850084,0,0.6780067094713722,0.508056789621162,0.5383797812970286,64.85368065188993,17.84231007734076,3.0322991675866606,/home/gkl/work/evokv/results/selective_recompute_2026_09/tail/max/v2_to_v3/summary.json
max,v2_to_v3,fraction_0.03125,deviation,3000,25140,697479595693638,60932678540288,636546917153350,45105712857249,0,0.6780067094713722,0.508056789621162,0.5143003251063103,7.0859997341535506,3.6737501792594163,0.6243535485148333,/home/gkl/work/evokv/results/selective_recompute_2026_09/deviation/max/v2_to_v3/summary.json
max,v2_to_v3,fraction_0.0625,deviation,3000,25140,697479595693638,60932678540288,636546917153350,74400788907489,0,0.6780067094713722,0.508056789621162,0.5182015225151925,11.688186196896648,5.969248413280706,1.0144732894030506,/home/gkl/work/evokv/results/selective_recompute_2026_09/deviation/max/v2_to_v3/summary.json
max,v2_to_v3,fraction_0.125,deviation,3000,25140,697479595693638,60932678540288,636546917153350,132991444229889,0,0.6780067094713722,0.508056789621162,0.5272961012924614,20.8926381773443,11.320577078386684,1.9239311671299442,/home/gkl/work/evokv/results/selective_recompute_2026_09/deviation/max/v2_to_v3/summary.json
max,v2_to_v3,fraction_0.25,deviation,3000,25140,697479595693638,60932678540288,636546917153350,250170709765889,0,0.6780067094713722,0.508056789621162,0.5504691481438003,39.30122085653281,24.95579789623884,4.241235852263836,/home/gkl/work/evokv/results/selective_recompute_2026_09/deviation/max/v2_to_v3/summary.json
max,v2_to_v3,fraction_0.5,deviation,3000,25140,697479595693638,60932678540288,636546917153350,484533460643489,0,0.6780067094713722,0.508056789621162,0.6031784200562997,76.11904913628862,55.97038852326361,9.512163043513777,/home/gkl/work/evokv/results/selective_recompute_2026_09/deviation/max/v2_to_v3/summary.json
max,v2_to_v3,fraction_0.03125,query,3000,25140,697479595693638,60932678540288,636546917153350,29346631361098,0,0.6780067094713722,0.508056789621162,0.5145016717642845,4.610285678915342,3.792224291016388,0.6444882143122554,/home/gkl/work/evokv/results/selective_recompute_2026_09/query/max/v2_to_v3/summary.json
max,v2_to_v3,fraction_0.0625,query,3000,25140,697479595693638,60932678540288,636546917153350,58641707411338,0,0.6780067094713722,0.508056789621162,0.5185831856086792,9.21247214165844,6.193822272346447,1.0526395987517256,/home/gkl/work/evokv/results/selective_recompute_2026_09/query/max/v2_to_v3/summary.json
max,v2_to_v3,fraction_0.125,query,3000,25140,697479595693638,60932678540288,636546917153350,117232362733738,0,0.6780067094713722,0.508056789621162,0.5307362473619729,18.416924122106092,13.344788724113583,2.2679457740810927,/home/gkl/work/evokv/results/selective_recompute_2026_09/query/max/v2_to_v3/summary.json
max,v2_to_v3,fraction_0.25,query,3000,25140,697479595693638,60932678540288,636546917153350,234411628269738,0,0.6780067094713722,0.508056789621162,0.5593249410660928,36.8255068012946,30.166622902862976,5.126815144493079,/home/gkl/work/evokv/results/selective_recompute_2026_09/query/max/v2_to_v3/summary.json
max,v2_to_v3,fraction_0.5,query,3000,25140,697479595693638,60932678540288,636546917153350,468774379147338,0,0.6780067094713722,0.508056789621162,0.6062395529078675,73.64333508105042,57.77158551957036,9.81827632867055,/home/gkl/work/evokv/results/selective_recompute_2026_09/query/max/v2_to_v3/summary.json
max,v3_to_v4,layers_1,layer,3000,33512,952852520025750,59484436282800,893368083742950,137885677284514,71247692016948,0.6243367547661879,0.5648002233385889,0.5670523293240608,15.434363482833804,3.7827295804267846,0.2252105985471875,/home/gkl/work/evokv/results/selective_recompute_2026_09/layer/max/v3_to_v4/summary.json
max,v3_to_v4,layers_2,layer,3000,33512,952852520025750,59484436282800,893368083742950,196963786937728,71247692016948,0.6243367547661879,0.5648002233385889,0.5670706634602745,22.04732747027491,3.8135243475622467,0.22704401216855352,/home/gkl/work/evokv/results/selective_recompute_2026_09/layer/max/v3_to_v4/summary.json
max,v3_to_v4,layers_4,layer,3000,33512,952852520025750,59484436282800,893368083742950,315120006244156,71247692016948,0.6243367547661879,0.5648002233385889,0.5734786686828016,35.273255445157126,14.576672735405078,0.8678445344212693,/home/gkl/work/evokv/results/selective_recompute_2026_09/layer/max/v3_to_v4/summary.json
max,v3_to_v4,layers_8,layer,3000,33512,952852520025750,59484436282800,893368083742950,551432444857012,71247692016948,0.6243367547661879,0.5648002233385889,0.5667268746792422,61.725111394921555,3.2360826108861285,0.19266513406532848,/home/gkl/work/evokv/results/selective_recompute_2026_09/layer/max/v3_to_v4/summary.json
max,v3_to_v4,layers_12,layer,3000,33512,952852520025750,59484436282800,893368083742950,787744883469868,71247692016948,0.6243367547661879,0.5648002233385889,0.5894560806557901,88.17696734468599,41.41298917822354,2.4655857317201213,/home/gkl/work/evokv/results/selective_recompute_2026_09/layer/max/v3_to_v4/summary.json
max,v3_to_v4,fraction_0.03125,tail,3000,33512,952852520025750,59484436282800,893368083742950,39856222205094,0,0.6243367547661879,0.5648002233385889,0.5650185478270777,4.461343866025315,0.366706765163665,0.021832448848879693,/home/gkl/work/evokv/results/selective_recompute_2026_09/tail/max/v3_to_v4/summary.json
max,v3_to_v4,fraction_0.0625,tail,3000,33512,952852520025750,59484436282800,893368083742950,79689298375284,0,0.6243367547661879,0.5648002233385889,0.5653777159387519,8.920096858778438,0.9699802563493439,0.057749260016293213,/home/gkl/work/evokv/results/selective_recompute_2026_09/tail/max/v3_to_v4/summary.json
max,v3_to_v4,fraction_0.125,tail,3000,33512,952852520025750,59484436282800,893368083742950,156672439144302,0,0.6243367547661879,0.5648002233385889,0.5662582648716904,17.537277410660394,2.4489863586940137,0.1458041533101473,/home/gkl/work/evokv/results/selective_recompute_2026_09/tail/max/v3_to_v4/summary.json
max,v3_to_v4,fraction_0.25,tail,3000,33512,952852520025750,59484436282800,893368083742950,302595435079362,0,0.6243367547661879,0.5648002233385889,0.571113413258272,33.87130574573204,10.603892716458352,0.6313189919683104,/home/gkl/work/evokv/results/selective_recompute_2026_09/tail/max/v3_to_v4/summary.json
max,v3_to_v4,fraction_0.5,tail,3000,33512,952852520025750,59484436282800,893368083742950,562258369740966,0,0.6243367547661879,0.5648002233385889,0.5821950034503524,62.9369215189856,29.216986100234664,1.739478011176343,/home/gkl/work/evokv/results/selective_recompute_2026_09/tail/max/v3_to_v4/summary.json
max,v3_to_v4,fraction_0.03125,deviation,3000,33512,952852520025750,59484436282800,893368083742950,61257465978463,0,0.6243367547661879,0.5648002233385889,0.5734569094186446,6.856912295524618,14.540124982898702,0.8656686080055653,/home/gkl/work/evokv/results/selective_recompute_2026_09/deviation/max/v3_to_v4/summary.json
max,v3_to_v4,fraction_0.0625,deviation,3000,33512,952852520025750,59484436282800,893368083742950,101078496416143,0,0.6243367547661879,0.5648002233385889,0.5766577526446501,11.314316937835272,19.916392543762623,1.185752930606121,/home/gkl/work/evokv/results/selective_recompute_2026_09/deviation/max/v3_to_v4/summary.json
max,v3_to_v4,fraction_0.125,deviation,3000,33512,952852520025750,59484436282800,893368083742950,180719452327583,0,0.6243367547661879,0.5648002233385889,0.583150034152575,20.22900253727686,30.821094837042892,1.8349810813986123,/home/gkl/work/evokv/results/selective_recompute_2026_09/deviation/max/v3_to_v4/summary.json
max,v3_to_v4,fraction_0.25,deviation,3000,33512,952852520025750,59484436282800,893368083742950,340003795662143,0,0.6243367547661879,0.5648002233385889,0.595027991900298,38.058645909715835,50.77179982926679,3.0227768561709056,/home/gkl/work/evokv/results/selective_recompute_2026_09/deviation/max/v3_to_v4/summary.json
max,v3_to_v4,fraction_0.5,deviation,3000,33512,952852520025750,59484436282800,893368083742950,658572298950623,0,0.6243367547661879,0.5648002233385889,0.6146154465441379,73.71791212770871,83.67169200330079,4.981522320554898,/home/gkl/work/evokv/results/selective_recompute_2026_09/deviation/max/v3_to_v4/summary.json
max,v3_to_v4,fraction_0.03125,query,3000,33512,952852520025750,59484436282800,893368083742950,39881742239862,0,0.6243367547661879,0.5648002233385889,0.5740076653519743,4.46420047521389,15.465197237065075,0.9207442013385414,/home/gkl/work/evokv/results/selective_recompute_2026_09/query/max/v3_to_v4/summary.json
max,v3_to_v4,fraction_0.0625,query,3000,33512,952852520025750,59484436282800,893368083742950,79702772677542,0,0.6243367547661879,0.5648002233385889,0.5780971584446808,8.921605117524546,22.33407756087029,1.3296935106091867,/home/gkl/work/evokv/results/selective_recompute_2026_09/query/max/v3_to_v4/summary.json
max,v3_to_v4,fraction_0.125,query,3000,33512,952852520025750,59484436282800,893368083742950,159343728588982,0,0.6243367547661879,0.5648002233385889,0.5824190624972635,17.83629071696613,29.593324864920028,1.761883915867457,/home/gkl/work/evokv/results/selective_recompute_2026_09/query/max/v3_to_v4/summary.json
max,v3_to_v4,fraction_0.25,query,3000,33512,952852520025750,59484436282800,893368083742950,318628071923542,0,0.6243367547661879,0.5648002233385889,0.5893884449242548,35.66593408940511,41.2993854295443,2.458822158566587,/home/gkl/work/evokv/results/selective_recompute_2026_09/query/max/v3_to_v4/summary.json
max,v3_to_v4,fraction_0.5,query,3000,33512,952852520025750,59484436282800,893368083742950,637196575212022,0,0.6243367547661879,0.5648002233385889,0.6104067826205769,71.32520030739798,76.60264746435405,4.560655928198798,/home/gkl/work/evokv/results/selective_recompute_2026_09/query/max/v3_to_v4/summary.json
max,v4_to_v5,layers_1,layer,3000,27999,780158976176652,55296714058848,724862262117804,121834006909780,67244379571368,0.6489427448517199,0.5040783810568864,0.511591205260359,16.807883825241774,5.186109272610831,0.7512824203472546,/home/gkl/work/evokv/results/selective_recompute_2026_09/layer/max/v4_to_v5/summary.json
max,v4_to_v5,layers_2,layer,3000,27999,780158976176652,55296714058848,724862262117804,170202944014480,67244379571368,0.6489427448517199,0.5040783810568864,0.511589576968568,23.48072908599272,5.184985261330001,0.751119591168159,/home/gkl/work/evokv/results/selective_recompute_2026_09/layer/max/v4_to_v5/summary.json
max,v4_to_v5,layers_4,layer,3000,27999,780158976176652,55296714058848,724862262117804,266940818223880,67244379571368,0.6489427448517199,0.5040783810568864,0.5181640764561655,36.826419607494614,9.723368142649742,1.4085695399279063,/home/gkl/work/evokv/results/selective_recompute_2026_09/layer/max/v4_to_v5/summary.json
max,v4_to_v5,layers_8,layer,3000,27999,780158976176652,55296714058848,724862262117804,460416566642680,67244379571368,0.6489427448517199,0.5040783810568864,0.5656001854593732,63.51780065049841,42.46855664904451,6.152180440248678,/home/gkl/work/evokv/results/selective_recompute_2026_09/layer/max/v4_to_v5/summary.json
max,v4_to_v5,layers_12,layer,3000,27999,780158976176652,55296714058848,724862262117804,653892315061480,67244379571368,0.6489427448517199,0.5040783810568864,0.5967649304670974,90.2091816935022,63.98160802437229,9.268654941021104,/home/gkl/work/evokv/results/selective_recompute_2026_09/layer/max/v4_to_v5/summary.json
max,v4_to_v5,fraction_0.03125,tail,3000,27999,780158976176652,55296714058848,724862262117804,32714905242636,0,0.6489427448517199,0.5040783810568864,0.5044024556577456,4.513258166738331,0.2237089870619414,0.032407460085914774,/home/gkl/work/evokv/results/selective_recompute_2026_09/tail/max/v4_to_v5/summary.json
max,v4_to_v5,fraction_0.0625,tail,3000,27999,780158976176652,55296714058848,724862262117804,65391933812682,0,0.6489427448517199,0.5040783810568864,0.5048632260502994,9.021290972112238,0.5417792014912479,0.07848449934130253,/home/gkl/work/evokv/results/selective_recompute_2026_09/tail/max/v4_to_v5/summary.json
max,v4_to_v5,fraction_0.125,tail,3000,27999,780158976176652,55296714058848,724862262117804,128547926101452,0,0.6489427448517199,0.5040783810568864,0.5068983040981939,17.73411761372128,1.9465953996120655,0.2819923041307515,/home/gkl/work/evokv/results/selective_recompute_2026_09/tail/max/v4_to_v5/summary.json
max,v4_to_v5,fraction_0.25,tail,3000,27999,780158976176652,55296714058848,724862262117804,248205129728610,0,0.6489427448517199,0.5040783810568864,0.5133491480454475,34.24169565724638,6.399618750744651,0.9270766988561108,/home/gkl/work/evokv/results/selective_recompute_2026_09/tail/max/v4_to_v5/summary.json
max,v4_to_v5,fraction_0.5,tail,3000,27999,780158976176652,55296714058848,724862262117804,460950640613874,0,0.6489427448517199,0.5040783810568864,0.5361866473971926,63.59148002368492,22.164364995783245,3.210826634030617,/home/gkl/work/evokv/results/selective_recompute_2026_09/tail/max/v4_to_v5/summary.json
max,v4_to_v5,fraction_0.03125,deviation,3000,27999,780158976176652,55296714058848,724862262117804,50325044494435,0,0.6489427448517199,0.5040783810568864,0.5128482465229095,6.9427044453110485,6.053845981364722,0.8769865466023097,/home/gkl/work/evokv/results/selective_recompute_2026_09/deviation/max/v4_to_v5/summary.json
max,v4_to_v5,fraction_0.0625,deviation,3000,27999,780158976176652,55296714058848,724862262117804,82992162957715,0,0.6489427448517199,0.5040783810568864,0.5180260334965618,11.449370079667244,9.628076964068976,1.394765243967544,/home/gkl/work/evokv/results/selective_recompute_2026_09/deviation/max/v4_to_v5/summary.json
max,v4_to_v5,fraction_0.125,deviation,3000,27999,780158976176652,55296714058848,724862262117804,148342489718755,0,0.6489427448517199,0.5040783810568864,0.525570193270943,20.464921057601767,14.835817209327434,2.1491812214056605,/home/gkl/work/evokv/results/selective_recompute_2026_09/deviation/max/v4_to_v5/summary.json
max,v4_to_v5,fraction_0.25,deviation,3000,27999,780158976176652,55296714058848,724862262117804,279030846257875,0,0.6489427448517199,0.5040783810568864,0.5394090257177026,38.494326555591485,24.388775634878535,3.5330644660816146,/home/gkl/work/evokv/results/selective_recompute_2026_09/deviation/max/v4_to_v5/summary.json
max,v4_to_v5,fraction_0.5,deviation,3000,27999,780158976176652,55296714058848,724862262117804,540408582268115,0,0.6489427448517199,0.5040783810568864,0.5736889322941688,74.5532786724505,48.052225829583264,6.961055123728244,/home/gkl/work/evokv/results/selective_recompute_2026_09/deviation/max/v4_to_v5/summary.json
max,v4_to_v5,fraction_0.03125,query,3000,27999,780158976176652,55296714058848,724862262117804,32736081846648,0,0.6489427448517199,0.5040783810568864,0.5142104503845073,4.516179632666235,6.994176526375117,1.0132069327620896,/home/gkl/work/evokv/results/selective_recompute_2026_09/query/max/v4_to_v5/summary.json
max,v4_to_v5,fraction_0.0625,query,3000,27999,780158976176652,55296714058848,724862262117804,65403200309928,0,0.6489427448517199,0.5040783810568864,0.5198655634422896,9.02284526702243,10.897906132223158,1.578718238540322,/home/gkl/work/evokv/results/selective_recompute_2026_09/query/max/v4_to_v5/summary.json
max,v4_to_v5,fraction_0.125,query,3000,27999,780158976176652,55296714058848,724862262117804,130753527070968,0,0.6489427448517199,0.5040783810568864,0.5282510323592626,18.038396244956957,16.686402831693748,2.4172651302376225,/home/gkl/work/evokv/results/selective_recompute_2026_09/query/max/v4_to_v5/summary.json
max,v4_to_v5,fraction_0.25,query,3000,27999,780158976176652,55296714058848,724862262117804,261441883610088,0,0.6489427448517199,0.5040783810568864,0.553168965339641,36.06780174294667,33.88727427283631,4.9090584282754595,/home/gkl/work/evokv/results/selective_recompute_2026_09/query/max/v4_to_v5/summary.json
max,v4_to_v5,fraction_0.5,query,3000,27999,780158976176652,55296714058848,724862262117804,522819619620328,0,0.6489427448517199,0.5040783810568864,0.5922186368010155,72.12675385980569,60.84329743715244,8.81402557441291,/home/gkl/work/evokv/results/selective_recompute_2026_09/query/max/v4_to_v5/summary.json
medium,v0_to_v1,layers_1,layer,3000,26014,125170025908124,11262269970504,113907755937620,23116754090712,2619761803204,0.6145597189000803,0.4955598610005248,0.5023017485730132,20.294275750082875,5.665458506832073,0.6741887572488447,/home/gkl/work/evokv/results/selective_recompute_2026_09/layer/medium/v0_to_v1/summary.json
medium,v0_to_v1,layers_2,layer,3000,26014,125170025908124,11262269970504,113907755937620,45782501280236,2619761803204,0.6145597189000803,0.4955598610005248,0.5737613414019725,40.1926110328327,65.71560822152867,7.820148040144775,/home/gkl/work/evokv/results/selective_recompute_2026_09/layer/medium/v0_to_v1/summary.json
medium,v0_to_v1,layers_3,layer,3000,26014,125170025908124,11262269970504,113907755937620,66279493567744,2619761803204,0.6145597189000803,0.4955598610005248,0.602885351984604,58.18698913183844,90.18959591924025,10.732549098407922,/home/gkl/work/evokv/results/selective_recompute_2026_09/layer/medium/v0_to_v1/summary.json
medium,v0_to_v1,layers_5,layer,3000,26014,125170025908124,11262269970504,113907755937620,107273478142760,2619761803204,0.6145597189000803,0.4955598610005248,0.6130320407820081,94.1757453298499,98.71623534259875,11.747217978148333,/home/gkl/work/evokv/results/selective_recompute_2026_09/layer/medium/v0_to_v1/summary.json
medium,v0_to_v1,fraction_0.03125,tail,3000,26014,125170025908124,11262269970504,113907755937620,5563439155956,0,0.6145597189000803,0.4955598610005248,0.4957678652382977,4.884161846716338,0.1747936858449587,0.020800423777289634,/home/gkl/work/evokv/results/selective_recompute_2026_09/tail/medium/v0_to_v1/summary.json
medium,v0_to_v1,fraction_0.0625,tail,3000,26014,125170025908124,11262269970504,113907755937620,11121153051242,0,0.6145597189000803,0.4955598610005248,0.4962792301597786,9.763297467937429,0.6045126203940525,0.07193691592538021,/home/gkl/work/evokv/results/selective_recompute_2026_09/tail/medium/v0_to_v1/summary.json
medium,v0_to_v1,fraction_0.125,tail,3000,26014,125170025908124,11262269970504,113907755937620,21796062322242,0,0.6145597189000803,0.4955598610005248,0.4982731845807742,19.134836028354655,2.2801065716730813,0.2713323580249394,/home/gkl/work/evokv/results/selective_recompute_2026_09/tail/medium/v0_to_v1/summary.json
medium,v0_to_v1,fraction_0.25,tail,3000,26014,125170025908124,11262269970504,113907755937620,41830634798986,0,0.6145597189000803,0.4955598610005248,0.506172735956395,36.723254228530294,8.918392965501054,1.061287495587021,/home/gkl/work/evokv/results/selective_recompute_2026_09/tail/medium/v0_to_v1/summary.json
medium,v0_to_v1,fraction_0.5,tail,3000,26014,125170025908124,11262269970504,113907755937620,76632113572460,0,0.6145597189000803,0.4955598610005248,0.5328650957055509,67.27558886721157,31.348974161393006,3.7305234705026056,/home/gkl/work/evokv/results/selective_recompute_2026_09/tail/medium/v0_to_v1/summary.json
medium,v0_to_v1,fraction_0.03125,deviation,3000,26014,125170025908124,11262269970504,113907755937620,11496624808130,0,0.6145597189000803,0.4955598610005248,0.5047961358513029,10.092925379397315,7.7615847731298855,0.9236274850778103,/home/gkl/work/evokv/results/selective_recompute_2026_09/deviation/medium/v0_to_v1/summary.json
medium,v0_to_v1,fraction_0.0625,deviation,3000,26014,125170025908124,11262269970504,113907755937620,17051928180206,0,0.6145597189000803,0.4955598610005248,0.5128300147607452,14.96994479422828,14.512751582273026,1.7270153760220397,/home/gkl/work/evokv/results/selective_recompute_2026_09/deviation/medium/v0_to_v1/summary.json
medium,v0_to_v1,fraction_0.125,deviation,3000,26014,125170025908124,11262269970504,113907755937620,28160877404654,0,0.6145597189000803,0.4955598610005248,0.5259228129069817,24.72252848179707,25.515116103823807,3.036295190645694,/home/gkl/work/evokv/results/selective_recompute_2026_09/deviation/medium/v0_to_v1/summary.json
medium,v0_to_v1,fraction_0.25,deviation,3000,26014,125170025908124,11262269970504,113907755937620,50380105637774,0,0.6145597189000803,0.4955598610005248,0.5491333347974978,44.22886327895351,45.01977963889075,5.357347379697303,/home/gkl/work/evokv/results/selective_recompute_2026_09/deviation/medium/v0_to_v1/summary.json
medium,v0_to_v1,fraction_0.5,deviation,3000,26014,125170025908124,11262269970504,113907755937620,94817207169842,0,0.6145597189000803,0.4955598610005248,0.582133139102076,83.24034337202404,72.75074074006481,8.657327810155119,/home/gkl/work/evokv/results/selective_recompute_2026_09/deviation/medium/v0_to_v1/summary.json
medium,v0_to_v1,fraction_0.03125,query,3000,26014,125170025908124,11262269970504,113907755937620,5575604453888,0,0.6145597189000803,0.4955598610005248,0.4998464225270671,4.894841802468132,3.602156844725394,0.4286561526542332,/home/gkl/work/evokv/results/selective_recompute_2026_09/query/medium/v0_to_v1/summary.json
medium,v0_to_v1,fraction_0.0625,query,3000,26014,125170025908124,11262269970504,113907755937620,11130907825964,0,0.6145597189000803,0.4955598610005248,0.5028514248888519,9.771861217299099,6.127371928865446,0.7291563888327135,/home/gkl/work/evokv/results/selective_recompute_2026_09/query/medium/v0_to_v1/summary.json
medium,v0_to_v1,fraction_0.125,query,3000,26014,125170025908124,11262269970504,113907755937620,22239857050412,0,0.6145597189000803,0.4955598610005248,0.5074383600395849,19.52444490486789,9.981943885249331,1.1878499039060075,/home/gkl/work/evokv/results/selective_recompute_2026_09/query/medium/v0_to_v1/summary.json
medium,v0_to_v1,fraction_0.25,query,3000,26014,125170025908124,11262269970504,113907755937620,44459085283532,0,0.6145597189000803,0.4955598610005248,0.5249461059069532,39.03077970202433,24.69435293883506,2.9386244906428436,/home/gkl/work/evokv/results/selective_recompute_2026_09/query/medium/v0_to_v1/summary.json
medium,v0_to_v1,fraction_0.5,query,3000,26014,125170025908124,11262269970504,113907755937620,88896186815600,0,0.6145597189000803,0.4955598610005248,0.5688095219754158,78.04225979509486,61.5544104571276,7.324966097489099,/home/gkl/work/evokv/results/selective_recompute_2026_09/query/medium/v0_to_v1/summary.json
medium,v1_to_v2,layers_1,layer,3000,26001,128043672379278,11392783907112,116650888472166,25723211791154,2533286554856,0.508617648862477,0.42569749013868924,0.49182894165818797,22.051449524357288,79.75316562018021,6.6131451519498725,/home/gkl/work/evokv/results/selective_recompute_2026_09/layer/medium/v1_to_v2/summary.json
medium,v1_to_v2,layers_2,layer,3000,26001,128043672379278,11392783907112,116650888472166,46690000887836,2533286554856,0.508617648862477,0.42569749013868924,0.49340093749543895,40.02541386470166,81.64896015488124,6.770344735674971,/home/gkl/work/evokv/results/selective_recompute_2026_09/layer/medium/v1_to_v2/summary.json
medium,v1_to_v2,layers_3,layer,3000,26001,128043672379278,11392783907112,116650888472166,67656789984518,2533286554856,0.508617648862477,0.42569749013868924,0.5068733074045284,57.99937820504603,97.89636020384492,8.117581726583916,/home/gkl/work/evokv/results/selective_recompute_2026_09/layer/medium/v1_to_v2/summary.json
medium,v1_to_v2,layers_5,layer,3000,26001,128043672379278,11392783907112,116650888472166,109590368177882,2533286554856,0.508617648862477,0.42569749013868924,0.5073431961252041,93.94730688573478,98.46303630276665,8.164570598651483,/home/gkl/work/evokv/results/selective_recompute_2026_09/layer/medium/v1_to_v2/summary.json
medium,v1_to_v2,fraction_0.03125,tail,3000,26001,128043672379278,11392783907112,116650888472166,5715937191792,0,0.508617648862477,0.42569749013868924,0.4259222842964806,4.900037425052169,0.2710971146837372,0.02247941577913637,/home/gkl/work/evokv/results/selective_recompute_2026_09/tail/medium/v1_to_v2/summary.json
medium,v1_to_v2,fraction_0.0625,tail,3000,26001,128043672379278,11392783907112,116650888472166,11427084316042,0,0.508617648862477,0.42569749013868924,0.42644589055946047,9.7959685225789,0.9025554609274237,0.07484004207712336,/home/gkl/work/evokv/results/selective_recompute_2026_09/tail/medium/v1_to_v2/summary.json
medium,v1_to_v2,fraction_0.125,tail,3000,26001,128043672379278,11392783907112,116650888472166,22392835837758,0,0.508617648862477,0.42569749013868924,0.4285062143148378,19.19645545014528,3.387263386102067,0.28087241761485804,/home/gkl/work/evokv/results/selective_recompute_2026_09/tail/medium/v1_to_v2/summary.json
medium,v1_to_v2,fraction_0.25,tail,3000,26001,128043672379278,11392783907112,116650888472166,42956343668598,0,0.508617648862477,0.42569749013868924,0.4348451197164067,36.82470337878977,11.031852469299784,0.9147629577717475,/home/gkl/work/evokv/results/selective_recompute_2026_09/tail/medium/v1_to_v2/summary.json
medium,v1_to_v2,fraction_0.5,tail,3000,26001,128043672379278,11392783907112,116650888472166,78612931168462,0,0.508617648862477,0.42569749013868924,0.4552496899066224,67.39162658604164,35.63934298096727,2.955219976793316,/home/gkl/work/evokv/results/selective_recompute_2026_09/tail/medium/v1_to_v2/summary.json
medium,v1_to_v2,fraction_0.03125,deviation,3000,26001,128043672379278,11392783907112,116650888472166,11797897583370,0,0.508617648862477,0.42569749013868924,0.4484050546633006,10.113851457020912,27.384854146567296,2.2707564524611366,/home/gkl/work/evokv/results/selective_recompute_2026_09/deviation/medium/v1_to_v2/summary.json
medium,v1_to_v2,fraction_0.0625,deviation,3000,26001,128043672379278,11392783907112,116650888472166,17506574210670,0,0.508617648862477,0.42569749013868924,0.46059638036457423,15.007664699311084,42.087341320866734,3.4898890225884993,/home/gkl/work/evokv/results/selective_recompute_2026_09/deviation/medium/v1_to_v2/summary.json
medium,v1_to_v2,fraction_0.125,deviation,3000,26001,128043672379278,11392783907112,116650888472166,28923275412390,0,0.508617648862477,0.42569749013868924,0.4734788283731733,24.79473220582573,57.623307733462866,4.778133823448405,/home/gkl/work/evokv/results/selective_recompute_2026_09/deviation/medium/v1_to_v2/summary.json
medium,v1_to_v2,fraction_0.25,deviation,3000,26001,128043672379278,11392783907112,116650888472166,51756353764230,0,0.508617648862477,0.42569749013868924,0.4855398989657041,44.36858942277114,72.1687099350035,5.984240882701486,/home/gkl/work/evokv/results/selective_recompute_2026_09/deviation/medium/v1_to_v2/summary.json
medium,v1_to_v2,fraction_0.5,deviation,3000,26001,128043672379278,11392783907112,116650888472166,97422765757350,0,0.508617648862477,0.42569749013868924,0.4988883882183114,83.51652270577947,88.26671246906997,7.319089807962214,/home/gkl/work/evokv/results/selective_recompute_2026_09/deviation/medium/v1_to_v2/summary.json
medium,v1_to_v2,fraction_0.03125,query,3000,26001,128043672379278,11392783907112,116650888472166,5728301222850,0,0.508617648862477,0.42569749013868924,0.4421766557067775,4.910636599409036,19.873533555309997,1.647916556808826,/home/gkl/work/evokv/results/selective_recompute_2026_09/query/medium/v1_to_v2/summary.json
medium,v1_to_v2,fraction_0.0625,query,3000,26001,128043672379278,11392783907112,116650888472166,11436977850150,0,0.508617648862477,0.42569749013868924,0.45324368693080885,9.804449841699208,33.22014479479922,2.7546196792119613,/home/gkl/work/evokv/results/selective_recompute_2026_09/query/medium/v1_to_v2/summary.json
medium,v1_to_v2,fraction_0.125,query,3000,26001,128043672379278,11392783907112,116650888472166,22853679051870,0,0.508617648862477,0.42569749013868924,0.46764753241237933,19.591517348213856,50.59088515909421,4.195004227369009,/home/gkl/work/evokv/results/selective_recompute_2026_09/query/medium/v1_to_v2/summary.json
medium,v1_to_v2,fraction_0.25,query,3000,26001,128043672379278,11392783907112,116650888472166,45686757403710,0,0.508617648862477,0.42569749013868924,0.4886172108533742,39.16537456515926,75.87988455771593,6.291972071468494,/home/gkl/work/evokv/results/selective_recompute_2026_09/query/medium/v1_to_v2/summary.json
medium,v1_to_v2,fraction_0.5,query,3000,26001,128043672379278,11392783907112,116650888472166,91353169396830,0,0.508617648862477,0.42569749013868924,0.5025122293848228,78.3133078481676,92.63699012203809,7.6814739246133525,/home/gkl/work/evokv/results/selective_recompute_2026_09/query/medium/v1_to_v2/summary.json
medium,v2_to_v3,layers_1,layer,3000,27313,136173392585440,12038045222856,124135347362584,27270301218348,2609381366108,0.5331602831794487,0.4502834568027969,0.5145700315963038,21.96819987033574,77.5688182138424,6.428657479350686,/home/gkl/work/evokv/results/selective_recompute_2026_09/layer/medium/v2_to_v3/summary.json
medium,v2_to_v3,layers_2,layer,3000,27313,136173392585440,12038045222856,124135347362584,49568586928972,2609381366108,0.5331602831794487,0.4502834568027969,0.5157827243553806,39.9310816637813,79.0320653145042,6.549926755258372,/home/gkl/work/evokv/results/selective_recompute_2026_09/layer/medium/v2_to_v3/summary.json
medium,v2_to_v3,layers_3,layer,3000,27313,136173392585440,12038045222856,124135347362584,71866872639596,2609381366108,0.5331602831794487,0.4502834568027969,0.5304937726889405,57.89396345722685,96.78256201752983,8.021031588614358,/home/gkl/work/evokv/results/selective_recompute_2026_09/layer/medium/v2_to_v3/summary.json
medium,v2_to_v3,layers_5,layer,3000,27313,136173392585440,12038045222856,124135347362584,116463444060844,2609381366108,0.5331602831794487,0.4502834568027969,0.5323038002584926,93.81972704411797,98.96655921998786,8.202034345569565,/home/gkl/work/evokv/results/selective_recompute_2026_09/layer/medium/v2_to_v3/summary.json
medium,v2_to_v3,fraction_0.03125,tail,3000,27313,136173392585440,12038045222856,124135347362584,6088771085862,0,0.5331602831794487,0.4502834568027969,0.45049717539405143,4.904945460922949,0.2578749701191843,0.02137185912545192,/home/gkl/work/evokv/results/selective_recompute_2026_09/tail/medium/v2_to_v3/summary.json
medium,v2_to_v3,fraction_0.0625,tail,3000,27313,136173392585440,12038045222856,124135347362584,12173524633676,0,0.5331602831794487,0.4502834568027969,0.451061556133344,9.806654504392403,0.9388623630577068,0.07780993305470663,/home/gkl/work/evokv/results/selective_recompute_2026_09/tail/medium/v2_to_v3/summary.json
medium,v2_to_v3,fraction_0.125,tail,3000,27313,136173392585440,12038045222856,124135347362584,23854619148862,0,0.5331602831794487,0.4502834568027969,0.4531996468586042,19.216620934878126,3.518703820238031,0.29161900558072884,/home/gkl/work/evokv/results/selective_recompute_2026_09/tail/medium/v2_to_v3/summary.json
medium,v2_to_v3,fraction_0.25,tail,3000,27313,136173392585440,12038045222856,124135347362584,45753824435342,0,0.5331602831794487,0.4502834568027969,0.4601353653440596,36.858014584436404,11.887410476468435,0.9851908541262666,/home/gkl/work/evokv/results/selective_recompute_2026_09/tail/medium/v2_to_v3/summary.json
medium,v2_to_v3,fraction_0.5,tail,3000,27313,136173392585440,12038045222856,124135347362584,83699007156374,0,0.5331602831794487,0.4502834568027969,0.48124694610476054,67.42560353248906,37.360853034168194,3.0963489301963634,/home/gkl/work/evokv/results/selective_recompute_2026_09/tail/medium/v2_to_v3/summary.json
medium,v2_to_v3,fraction_0.03125,deviation,3000,27313,136173392585440,12038045222856,124135347362584,12552365268628,0,0.5331602831794487,0.4502834568027969,0.4817605171926541,10.111838034306292,37.980532998214514,3.1477060389857203,/home/gkl/work/evokv/results/selective_recompute_2026_09/deviation/medium/v2_to_v3/summary.json
medium,v2_to_v3,fraction_0.0625,deviation,3000,27313,136173392585440,12038045222856,124135347362584,18634493383744,0,0.5331602831794487,0.4502834568027969,0.49772881345687675,15.011432101861326,57.24803751347096,4.744535665407984,/home/gkl/work/evokv/results/selective_recompute_2026_09/deviation/medium/v2_to_v3/summary.json
medium,v2_to_v3,fraction_0.125,deviation,3000,27313,136173392585440,12038045222856,124135347362584,30798148966948,0,0.5331602831794487,0.4502834568027969,0.5111980657456051,24.810136372350428,73.5001708028351,6.09146089428082,/home/gkl/work/evokv/results/selective_recompute_2026_09/deviation/medium/v2_to_v3/summary.json
medium,v2_to_v3,fraction_0.25,deviation,3000,27313,136173392585440,12038045222856,124135347362584,55125910926292,0,0.5331602831794487,0.4502834568027969,0.5195093554649183,44.40790805964077,83.52865534149336,6.922589866212137,/home/gkl/work/evokv/results/selective_recompute_2026_09/deviation/medium/v2_to_v3/summary.json
medium,v2_to_v3,fraction_0.5,deviation,3000,27313,136173392585440,12038045222856,124135347362584,103781945595316,0,0.5331602831794487,0.4502834568027969,0.5284682290887331,83.6038628805555,94.33852103675937,7.818477228593624,/home/gkl/work/evokv/results/selective_recompute_2026_09/deviation/medium/v2_to_v3/summary.json
medium,v2_to_v3,fraction_0.03125,query,3000,27313,136173392585440,12038045222856,124135347362584,6101860477790,0,0.5331602831794487,0.4502834568027969,0.4729254597249825,4.9154899127701475,27.320065103946035,2.2642002922185602,/home/gkl/work/evokv/results/selective_recompute_2026_09/query/medium/v2_to_v3/summary.json
medium,v2_to_v3,fraction_0.0625,query,3000,27313,136173392585440,12038045222856,124135347362584,12183988592906,0,0.5331602831794487,0.4502834568027969,0.4853335433961156,9.815083980325182,42.29178182333616,3.505008659331871,/home/gkl/work/evokv/results/selective_recompute_2026_09/query/medium/v2_to_v3/summary.json
medium,v2_to_v3,fraction_0.125,query,3000,27313,136173392585440,12038045222856,124135347362584,24347644176110,0,0.5331602831794487,0.4502834568027969,0.4985442721083919,19.613788250814284,58.2319780034327,4.826081530559501,/home/gkl/work/evokv/results/selective_recompute_2026_09/query/medium/v2_to_v3/summary.json
medium,v2_to_v3,fraction_0.25,query,3000,27313,136173392585440,12038045222856,124135347362584,48675406135454,0,0.5331602831794487,0.4502834568027969,0.5154832983697858,39.21155993810462,78.67077495302965,6.519984156698888,/home/gkl/work/evokv/results/selective_recompute_2026_09/query/medium/v2_to_v3/summary.json
medium,v2_to_v3,fraction_0.5,query,3000,27313,136173392585440,12038045222856,124135347362584,97331440804478,0,0.5331602831794487,0.4502834568027969,0.5291124222304332,78.40751475901936,95.11581086536886,7.882896542763628,/home/gkl/work/evokv/results/selective_recompute_2026_09/query/medium/v2_to_v3/summary.json
medium,v3_to_v4,layers_1,layer,3000,24155,119023156247786,10701559881432,108321596366354,24067797914406,2498915287720,0.5817782652240544,0.38836767206435696,0.5726148379962607,22.218836060176223,95.26218958429668,18.42471659319037,/home/gkl/work/evokv/results/selective_recompute_2026_09/layer/medium/v3_to_v4/summary.json
medium,v3_to_v4,layers_2,layer,3000,24155,119023156247786,10701559881432,108321596366354,43554944198660,2498915287720,0.5817782652240544,0.38836767206435696,0.5736635259104932,40.208920159700206,95.80439769043004,18.529585384613622,/home/gkl/work/evokv/results/selective_recompute_2026_09/layer/medium/v3_to_v4/summary.json
medium,v3_to_v4,layers_3,layer,3000,24155,119023156247786,10701559881432,108321596366354,63042090482914,2498915287720,0.5817782652240544,0.38836767206435696,0.5781806482282539,58.19900425922419,98.13990695285754,18.981297616389693,/home/gkl/work/evokv/results/selective_recompute_2026_09/layer/medium/v3_to_v4/summary.json
medium,v3_to_v4,layers_5,layer,3000,24155,119023156247786,10701559881432,108321596366354,102016383051422,2498915287720,0.5817782652240544,0.38836767206435696,0.5802682866129789,94.17917245827216,99.21928856821782,19.190061454862196,/home/gkl/work/evokv/results/selective_recompute_2026_09/layer/medium/v3_to_v4/summary.json
medium,v3_to_v4,fraction_0.03125,tail,3000,24155,119023156247786,10701559881432,108321596366354,5359733750528,0,0.5817782652240544,0.38836767206435696,0.3888120215963254,4.947982609488941,0.22974415450012542,0.04443495319684243,/home/gkl/work/evokv/results/selective_recompute_2026_09/tail/medium/v3_to_v4/summary.json
medium,v3_to_v4,fraction_0.0625,tail,3000,24155,119023156247786,10701559881432,108321596366354,10715044330558,0,0.5817782652240544,0.38836767206435696,0.3900620949169583,9.891881849967106,0.8760755162992967,0.16944228526013516,/home/gkl/work/evokv/results/selective_recompute_2026_09/tail/medium/v3_to_v4/summary.json
medium,v3_to_v4,fraction_0.125,tail,3000,24155,119023156247786,10701559881432,108321596366354,20989506823954,0,0.5817782652240544,0.38836767206435696,0.3947238091661075,19.37702870715225,3.286343833557415,0.6356137101750536,/home/gkl/work/evokv/results/selective_recompute_2026_09/tail/medium/v3_to_v4/summary.json
medium,v3_to_v4,fraction_0.25,tail,3000,24155,119023156247786,10701559881432,108321596366354,40229872062050,0,0.5817782652240544,0.38836767206435696,0.4100719704734209,37.13929023533657,11.221876762015258,2.170429840906396,/home/gkl/work/evokv/results/selective_recompute_2026_09/tail/medium/v3_to_v4/summary.json
medium,v3_to_v4,fraction_0.5,tail,3000,24155,119023156247786,10701559881432,108321596366354,73475055760082,0,0.5817782652240544,0.38836767206435696,0.4597298823170307,67.83047723150455,36.89674339282471,7.136221025267375,/home/gkl/work/evokv/results/selective_recompute_2026_09/tail/medium/v3_to_v4/summary.json
medium,v3_to_v4,fraction_0.03125,deviation,3000,24155,119023156247786,10701559881432,108321596366354,11054859248759,0,0.5817782652240544,0.38836767206435696,0.44331122734880973,10.205591146727942,28.407728029191432,5.494355528445277,/home/gkl/work/evokv/results/selective_recompute_2026_09/deviation/medium/v3_to_v4/summary.json
medium,v3_to_v4,fraction_0.0625,deviation,3000,24155,119023156247786,10701559881432,108321596366354,16407856726787,0,0.5817782652240544,0.38836767206435696,0.48096587675131985,15.147354984775205,47.87649072070493,9.25982046869629,/home/gkl/work/evokv/results/selective_recompute_2026_09/deviation/medium/v3_to_v4/summary.json
medium,v3_to_v4,fraction_0.125,deviation,3000,24155,119023156247786,10701559881432,108321596366354,27113982793787,0,0.5817782652240544,0.38836767206435696,0.5223798211483301,25.03100369946997,69.288939604937,13.401214908397318,/home/gkl/work/evokv/results/selective_recompute_2026_09/deviation/medium/v3_to_v4/summary.json
medium,v3_to_v4,fraction_0.25,deviation,3000,24155,119023156247786,10701559881432,108321596366354,48526544561099,0,0.5817782652240544,0.38836767206435696,0.5549661931851209,44.79858697519337,86.13722671498398,16.65985211207639,/home/gkl/work/evokv/results/selective_recompute_2026_09/deviation/medium/v3_to_v4/summary.json
medium,v3_to_v4,fraction_0.5,deviation,3000,24155,119023156247786,10701559881432,108321596366354,91351599730907,0,0.5817782652240544,0.38836767206435696,0.5744400787686333,84.33369041381845,96.20590251260852,18.60724067042764,/home/gkl/work/evokv/results/selective_recompute_2026_09/deviation/medium/v3_to_v4/summary.json
medium,v3_to_v4,fraction_0.03125,query,3000,24155,119023156247786,10701559881432,108321596366354,5371280910592,0,0.5817782652240544,0.38836767206435696,0.42453957209366533,4.9586426813964355,18.70212972225443,3.617190002930837,/home/gkl/work/evokv/results/selective_recompute_2026_09/query/medium/v3_to_v4/summary.json
medium,v3_to_v4,fraction_0.0625,query,3000,24155,119023156247786,10701559881432,108321596366354,10724278388620,0,0.5817782652240544,0.38836767206435696,0.4493838690434376,9.900406519443699,31.547494882402884,6.1016196979080615,/home/gkl/work/evokv/results/selective_recompute_2026_09/query/medium/v3_to_v4/summary.json
medium,v3_to_v4,fraction_0.125,query,3000,24155,119023156247786,10701559881432,108321596366354,21430404455620,0,0.5817782652240544,0.38836767206435696,0.48931067559345165,19.784055234138464,52.1910418038721,10.09430035290947,/home/gkl/work/evokv/results/selective_recompute_2026_09/query/medium/v3_to_v4/summary.json
medium,v3_to_v4,fraction_0.25,query,3000,24155,119023156247786,10701559881432,108321596366354,42842966222932,0,0.5817782652240544,0.38836767206435696,0.5429264443104829,39.55163850986187,79.9122580212078,15.45587722461259,/home/gkl/work/evokv/results/selective_recompute_2026_09/query/medium/v3_to_v4/summary.json
medium,v3_to_v4,fraction_0.5,query,3000,24155,119023156247786,10701559881432,108321596366354,85668021392740,0,0.5817782652240544,0.38836767206435696,0.5787198177746702,79.08674194848695,98.41867635095929,19.03521457103132,/home/gkl/work/evokv/results/selective_recompute_2026_09/query/medium/v3_to_v4/summary.json
medium,v4_to_v5,layers_1,layer,3000,29860,148293839245218,10763612424492,137530226820726,29377075843106,2515669528268,0.6171333577616815,0.5142100701032744,0.5715420806374073,21.360450369502942,55.70363310236703,5.7332010534132944,/home/gkl/work/evokv/results/selective_recompute_2026_09/layer/medium/v4_to_v5/summary.json
medium,v4_to_v5,layers_2,layer,3000,29860,148293839245218,10763612424492,137530226820726,53658967238120,2515669528268,0.6171333577616815,0.5142100701032744,0.5720226237598208,39.01612647528442,56.17052755681587,5.781255365654648,/home/gkl/work/evokv/results/selective_recompute_2026_09/layer/medium/v4_to_v5/summary.json
medium,v4_to_v5,layers_3,layer,3000,29860,148293839245218,10763612424492,137530226820726,77940858633134,2515669528268,0.6171333577616815,0.5142100701032744,0.6051298783020902,56.67180258106591,88.33745041313703,9.091980819881584,/home/gkl/work/evokv/results/selective_recompute_2026_09/layer/medium/v4_to_v5/summary.json
medium,v4_to_v5,layers_5,layer,3000,29860,148293839245218,10763612424492,137530226820726,126504641423162,2515669528268,0.6171333577616815,0.5142100701032744,0.614410829420342,91.98315479262888,97.35479850743265,10.020075931706762,/home/gkl/work/evokv/results/selective_recompute_2026_09/layer/medium/v4_to_v5/summary.json
medium,v4_to_v5,fraction_0.03125,tail,3000,29860,148293839245218,10763612424492,137530226820726,6644765927262,0,0.6171333577616815,0.5142100701032744,0.5144300532478253,4.831494923602223,0.2137350540929717,0.021998314455096146,/home/gkl/work/evokv/results/selective_recompute_2026_09/tail/medium/v4_to_v5/summary.json
medium,v4_to_v5,fraction_0.0625,tail,3000,29860,148293839245218,10763612424492,137530226820726,13284269780898,0,0.6171333577616815,0.5142100701032744,0.514909390474865,9.6591637256691,0.6794578637164935,0.06993203715905949,/home/gkl/work/evokv/results/selective_recompute_2026_09/tail/medium/v4_to_v5/summary.json
medium,v4_to_v5,fraction_0.125,tail,3000,29860,148293839245218,10763612424492,137530226820726,26028067419762,0,0.6171333577616815,0.5142100701032744,0.5168883513605106,18.925343192875133,2.6022111401310877,0.2678281257236237,/home/gkl/work/evokv/results/selective_recompute_2026_09/tail/medium/v4_to_v5/summary.json
medium,v4_to_v5,fraction_0.25,tail,3000,29860,148293839245218,10763612424492,137530226820726,49911959031420,0,0.6171333577616815,0.5142100701032744,0.5241228330964552,36.29162852794641,9.631214877317587,0.991276299318089,/home/gkl/work/evokv/results/selective_recompute_2026_09/tail/medium/v4_to_v5/summary.json
medium,v4_to_v5,fraction_0.5,tail,3000,29860,148293839245218,10763612424492,137530226820726,91262549621928,0,0.6171333577616815,0.5142100701032744,0.547468333666748,66.35817574916891,32.3136428306242,3.325826356347361,/home/gkl/work/evokv/results/selective_recompute_2026_09/tail/medium/v4_to_v5/summary.json
medium,v4_to_v5,fraction_0.03125,deviation,3000,29860,148293839245218,10763612424492,137530226820726,13701692969775,0,0.6171333577616815,0.5142100701032744,0.538600754206545,9.962677504804446,23.697925569790407,2.439068410327061,/home/gkl/work/evokv/results/selective_recompute_2026_09/deviation/medium/v4_to_v5/summary.json
medium,v4_to_v5,fraction_0.0625,deviation,3000,29860,148293839245218,10763612424492,137530226820726,20338330459815,0,0.6171333577616815,0.5142100701032744,0.5515374791880238,14.78826213696754,36.267214091174004,3.7327409084749408,/home/gkl/work/evokv/results/selective_recompute_2026_09/deviation/medium/v4_to_v5/summary.json
medium,v4_to_v5,fraction_0.125,deviation,3000,29860,148293839245218,10763612424492,137530226820726,33611174304903,0,0.6171333577616815,0.5142100701032744,0.5684691469287722,24.439117917485866,52.71797866152374,5.42590768254978,/home/gkl/work/evokv/results/selective_recompute_2026_09/deviation/medium/v4_to_v5/summary.json
medium,v4_to_v5,fraction_0.25,deviation,3000,29860,148293839245218,10763612424492,137530226820726,60157494050283,0,0.6171333577616815,0.5142100701032744,0.5913541593443308,43.741289054005385,74.95299751509151,7.714408924105642,/home/gkl/work/evokv/results/selective_recompute_2026_09/deviation/medium/v4_to_v5/summary.json
medium,v4_to_v5,fraction_0.5,deviation,3000,29860,148293839245218,10763612424492,137530226820726,113250284973747,0,0.6171333577616815,0.5142100701032744,0.6082025089908621,82.34574143571471,91.32281044066522,9.399243888758779,/home/gkl/work/evokv/results/selective_recompute_2026_09/deviation/medium/v4_to_v5/summary.json
medium,v4_to_v5,fraction_0.03125,query,3000,29860,148293839245218,10763612424492,137530226820726,6659062923206,0,0.6171333577616815,0.5142100701032744,0.5272578116680965,4.841890453570072,12.677151946531648,1.3047741564822135,/home/gkl/work/evokv/results/selective_recompute_2026_09/query/medium/v4_to_v5/summary.json
medium,v4_to_v5,fraction_0.0625,query,3000,29860,148293839245218,10763612424492,137530226820726,13295700413246,0,0.6171333577616815,0.5142100701032744,0.5373807065682357,9.667475085733168,22.512530440984843,2.3170636464961314,/home/gkl/work/evokv/results/selective_recompute_2026_09/query/medium/v4_to_v5/summary.json
medium,v4_to_v5,fraction_0.125,query,3000,29860,148293839245218,10763612424492,137530226820726,26568544258334,0,0.6171333577616815,0.5142100701032744,0.5576255718487274,19.318330866251493,42.18238916885853,4.341550174545306,/home/gkl/work/evokv/results/selective_recompute_2026_09/query/medium/v4_to_v5/summary.json
medium,v4_to_v5,fraction_0.25,query,3000,29860,148293839245218,10763612424492,137530226820726,53114864003714,0,0.6171333577616815,0.5142100701032744,0.5881476897292549,38.62050200277101,71.83759993304201,7.393761962598056,/home/gkl/work/evokv/results/selective_recompute_2026_09/query/medium/v4_to_v5/summary.json
medium,v4_to_v5,fraction_0.5,query,3000,29860,148293839245218,10763612424492,137530226820726,106207654927178,0,0.6171333577616815,0.5142100701032744,0.6150938671123458,77.22495438448034,98.01843616179013,10.088379700907147,/home/gkl/work/evokv/results/selective_recompute_2026_09/query/medium/v4_to_v5/summary.json
