baseline,scale,edge,budget,full_auc,reuse_auc,baseline_auc,extra_flops,full_minus_reuse_flops,auc_defined,auc_gap,calibration_flops,full_history_flops,kind,metrics,partition,recompute_flops,recovery_percent,relative_flops_percent,requests,reuse_append_flops,selection_flops,selection_sort_comparisons_estimate,users
layer,large,v0_to_v1,layers_1,0.6061777502579979,0.5246098309826854,0.5828667464740283,64398152212264,376715785970692,True,0.08156791927531248,18822705982644,409186664006700,measurement,"{""Brier"": 0.4345416866908128, ""ROC_AUC"": 0.5828667464740283, ""dislike_PR_AUC"": 0.6313608836261778, ""dislike_only_log_loss"": 2.2459705049662504, ""log_loss"": 1.277176683117445}",evaluation,45575446229620,71.421357819256,17.09462534104533,23450,32470878036008,0,0.0,3000
layer,large,v0_to_v1,layers_2,0.6061777502579979,0.5246098309826854,0.5859903112028437,104796134892124,376715785970692,True,0.08156791927531248,18822705982644,409186664006700,measurement,"{""Brier"": 0.4342158646523315, ""ROC_AUC"": 0.5859903112028437, ""dislike_PR_AUC"": 0.6331219568797383, ""dislike_only_log_loss"": 2.2430835139190584, ""log_loss"": 1.2755454322121609}",evaluation,85973428909480,75.25076128641157,27.81835505568036,23450,32470878036008,0,0.0,3000
layer,large,v0_to_v1,layers_3,0.6061777502579979,0.5246098309826854,0.5863543795436303,145194117571984,376715785970692,True,0.08156791927531248,18822705982644,409186664006700,measurement,"{""Brier"": 0.4329949510822996, ""ROC_AUC"": 0.5863543795436303, ""dislike_PR_AUC"": 0.6332200583434769, ""dislike_only_log_loss"": 2.231876218371932, ""log_loss"": 1.2700002620715143}",evaluation,126371411589340,75.69709894467375,38.54208477031539,23450,32470878036008,0,0.0,3000
layer,large,v0_to_v1,layers_5,0.6061777502579979,0.5246098309826854,0.6001597284715056,225990082931704,376715785970692,True,0.08156791927531248,18822705982644,409186664006700,measurement,"{""Brier"": 0.43243801655647146, ""ROC_AUC"": 0.6001597284715056, ""dislike_PR_AUC"": 0.6425761490456349, ""dislike_only_log_loss"": 2.229025641575769, ""log_loss"": 1.2676591346788775}",evaluation,207167376949060,92.62207269725737,59.98954419958545,23450,32470878036008,0,0.0,3000
layer,large,v0_to_v1,layers_8,0.6061777502579979,0.5246098309826854,0.604025556702213,347184030971284,376715785970692,True,0.08156791927531248,18822705982644,409186664006700,measurement,"{""Brier"": 0.43155958538460704, ""ROC_AUC"": 0.604025556702213, ""dislike_PR_AUC"": 0.6441951219536146, ""dislike_only_log_loss"": 2.223067834560085, ""log_loss"": 1.2645205661392833}",evaluation,328361324988640,97.36147056967252,92.16073334349053,23450,32470878036008,0,0.0,3000
layer,large,v0_to_v1,reuse,0.6061777502579979,0.5246098309826854,0.5246098309826854,0,376715785970692,True,0.08156791927531248,0,409186664006700,reference,"{""Brier"": 0.44674499267359985, ""ROC_AUC"": 0.5246098309826854, ""dislike_PR_AUC"": 0.5976042045624672, ""dislike_only_log_loss"": 2.373514942325469, ""log_loss"": 1.343743347274982}",evaluation,0,0.0,0.0,23450,32470878036008,0,,3000
layer,large,v0_to_v1,full,0.6061777502579979,0.5246098309826854,0.6061777502579979,376715785970692,376715785970692,True,0.08156791927531248,0,409186664006700,reference,"{""Brier"": 0.43076937947883287, ""ROC_AUC"": 0.6061777502579979, ""dislike_PR_AUC"": 0.64470920153162, ""dislike_only_log_loss"": 2.217105364627281, ""log_loss"": 1.2615040085587288}",evaluation,409186664006700,100.0,100.0,23450,32470878036008,0,,3000
tail,large,v0_to_v1,fraction_0.03125,0.6061777502579979,0.5246098309826854,0.5247482407980736,17053033160520,376715785970692,True,0.08156791927531248,0,409186664006700,measurement,"{""Brier"": 0.4467254215628743, ""ROC_AUC"": 0.5247482407980736, ""dislike_PR_AUC"": 0.5977215934066237, ""dislike_only_log_loss"": 2.373322219697476, ""log_loss"": 1.3436379276892672}",evaluation,17053033160520,0.1696865834237889,4.52676362276114,23450,32470878036008,0,0.0,3000
tail,large,v0_to_v1,fraction_0.0625,0.6061777502579979,0.5246098309826854,0.5251493250773994,34086952335540,376715785970692,True,0.08156791927531248,0,409186664006700,measurement,"{""Brier"": 0.44667917203071356, ""ROC_AUC"": 0.5251493250773994, ""dislike_PR_AUC"": 0.5980173867817159, ""dislike_only_log_loss"": 2.3728615055367066, ""log_loss"": 1.3433829392478294}",evaluation,34086952335540,0.6614047526369506,9.048453397753796,23450,32470878036008,0,0.0,3000
tail,large,v0_to_v1,fraction_0.125,0.6061777502579979,0.5246098309826854,0.5264885769980506,67024278704340,376715785970692,True,0.08156791927531248,0,409186664006700,measurement,"{""Brier"": 0.44650023513711506, ""ROC_AUC"": 0.5264885769980506, ""dislike_PR_AUC"": 0.5989443449747772, ""dislike_only_log_loss"": 2.371035962568391, ""log_loss"": 1.3423948137344643}",evaluation,67024278704340,2.303290352453334,17.791736157707604,23450,32470878036008,0,0.0,3000
tail,large,v0_to_v1,fraction_0.25,0.6061777502579979,0.5246098309826854,0.5312226249283339,129498572288460,376715785970692,True,0.08156791927531248,0,409186664006700,measurement,"{""Brier"": 0.44585637682288903, ""ROC_AUC"": 0.5312226249283339, ""dislike_PR_AUC"": 0.601961563865135, ""dislike_only_log_loss"": 2.364372046631015, ""log_loss"": 1.338807027575636}",evaluation,129498572288460,8.107101424677326,34.37566916787895,23450,32470878036008,0,0.0,3000
tail,large,v0_to_v1,fraction_0.5,0.6061777502579979,0.5246098309826854,0.549140515078546,240852484583760,376715785970692,True,0.08156791927531248,0,409186664006700,measurement,"{""Brier"": 0.443158542599928, ""ROC_AUC"": 0.549140515078546, ""dislike_PR_AUC"": 0.6130808692850616, ""dislike_only_log_loss"": 2.336122765297945, ""log_loss"": 1.3237232242624766}",evaluation,240852484583760,30.073936314426835,63.934800067682325,23450,32470878036008,0,0.0,3000
tail,large,v0_to_v1,reuse,0.6061777502579979,0.5246098309826854,0.5246098309826854,0,376715785970692,True,0.08156791927531248,0,409186664006700,reference,"{""Brier"": 0.44674499267359985, ""ROC_AUC"": 0.5246098309826854, ""dislike_PR_AUC"": 0.5976042045624672, ""dislike_only_log_loss"": 2.373514942325469, ""log_loss"": 1.343743347274982}",evaluation,0,0.0,0.0,23450,32470878036008,0,,3000
tail,large,v0_to_v1,full,0.6061777502579979,0.5246098309826854,0.6061777502579979,376715785970692,376715785970692,True,0.08156791927531248,0,409186664006700,reference,"{""Brier"": 0.43076937947883287, ""ROC_AUC"": 0.6061777502579979, ""dislike_PR_AUC"": 0.64470920153162, ""dislike_only_log_loss"": 2.217105364627281, ""log_loss"": 1.2615040085587288}",evaluation,409186664006700,100.0,100.0,23450,32470878036008,0,,3000
deviation,large,v0_to_v1,fraction_0.03125,0.6061777502579979,0.5246098309826854,0.525512167870657,31712657171178,376715785970692,True,0.08156791927531248,0,409186664006700,measurement,"{""Brier"": 0.44512237992541104, ""ROC_AUC"": 0.525512167870657, ""dislike_PR_AUC"": 0.5983566305546013, ""dislike_only_log_loss"": 2.3545892236528503, ""log_loss"": 1.3342699578660988}",evaluation,17047524889968,1.1062399237204668,8.418191738226017,23450,32470878036008,14665132281210,231872940.70201522,3000
deviation,large,v0_to_v1,fraction_0.0625,0.6061777502579979,0.5246098309826854,0.5290151569774109,48741076449026,376715785970692,True,0.08156791927531248,0,409186664006700,measurement,"{""Brier"": 0.44405177125041695, ""ROC_AUC"": 0.5290151569774109, ""dislike_PR_AUC"": 0.600446900663758, ""dislike_only_log_loss"": 2.3424769782542456, ""log_loss"": 1.3280472340064362}",evaluation,34075944167816,5.4008071235167,12.938421553913324,23450,32470878036008,14665132281210,236860202.79505494,3000
deviation,large,v0_to_v1,fraction_0.125,0.6061777502579979,0.5246098309826854,0.5372790459809654,82800218168226,376715785970692,True,0.08156791927531248,0,409186664006700,measurement,"{""Brier"": 0.44223847095861646, ""ROC_AUC"": 0.5372790459809654, ""dislike_PR_AUC"": 0.6055215450897065, ""dislike_only_log_loss"": 2.3227446525499937, ""log_loss"": 1.3177630100477684}",evaluation,68135085887016,15.532105159527454,21.979492564898184,23450,32470878036008,14665132281210,248266556.5093511,3000
deviation,large,v0_to_v1,fraction_0.25,0.6061777502579979,0.5246098309826854,0.5534463332186675,150916591021634,376715785970692,True,0.08156791927531248,0,409186664006700,measurement,"{""Brier"": 0.4392669997205645, ""ROC_AUC"": 0.5534463332186675, ""dislike_PR_AUC"": 0.6147898998268831, ""dislike_only_log_loss"": 2.291837207105388, ""log_loss"": 1.3014909222007662}",evaluation,136251458740424,35.35274957627836,40.06112741805174,23450,32470878036008,14665132281210,273941570.4781636,3000
deviation,large,v0_to_v1,fraction_0.5,0.6061777502579979,0.5246098309826854,0.575244688453159,287148453870954,376715785970692,True,0.08156791927531248,0,409186664006700,measurement,"{""Brier"": 0.43573948493237796, ""ROC_AUC"": 0.575244688453159, ""dislike_PR_AUC"": 0.6269807904820988, ""dislike_only_log_loss"": 2.2591430679838207, ""log_loss"": 1.284094939919929}",evaluation,272483321589744,62.076926713758695,76.2241627679743,23450,32470878036008,14665132281210,331017855.38328326,3000
deviation,large,v0_to_v1,reuse,0.6061777502579979,0.5246098309826854,0.5246098309826854,0,376715785970692,True,0.08156791927531248,0,409186664006700,reference,"{""Brier"": 0.44674499267359985, ""ROC_AUC"": 0.5246098309826854, ""dislike_PR_AUC"": 0.5976042045624672, ""dislike_only_log_loss"": 2.373514942325469, ""log_loss"": 1.343743347274982}",evaluation,0,0.0,0.0,23450,32470878036008,0,,3000
deviation,large,v0_to_v1,full,0.6061777502579979,0.5246098309826854,0.6061777502579979,376715785970692,376715785970692,True,0.08156791927531248,0,409186664006700,reference,"{""Brier"": 0.43076937947883287, ""ROC_AUC"": 0.6061777502579979, ""dislike_PR_AUC"": 0.64470920153162, ""dislike_only_log_loss"": 2.217105364627281, ""log_loss"": 1.2615040085587288}",evaluation,409186664006700,100.0,100.0,23450,32470878036008,0,,3000
query,large,v0_to_v1,fraction_0.03125,0.6061777502579979,0.5246098309826854,0.5243978956541681,17073474627368,376715785970692,True,0.08156791927531248,0,409186664006700,measurement,"{""Brier"": 0.4455146477948101, ""ROC_AUC"": 0.5243978956541681, ""dislike_PR_AUC"": 0.5978097972990062, ""dislike_only_log_loss"": 2.3598837646844957, ""log_loss"": 1.336985978488186}",evaluation,17047524889968,-0.2598268172098895,4.532189853253533,23450,32470878036008,25949737400,231872940.70201522,3000
query,large,v0_to_v1,fraction_0.0625,0.6061777502579979,0.5246098309826854,0.5300044270152505,34101893905216,376715785970692,True,0.08156791927531248,0,409186664006700,measurement,"{""Brier"": 0.44430457994271005, ""ROC_AUC"": 0.5300044270152505, ""dislike_PR_AUC"": 0.601051511925833, ""dislike_only_log_loss"": 2.3465278762247577, ""log_loss"": 1.3300209629566198}",evaluation,34075944167816,6.613624670695542,9.05241966894084,23450,32470878036008,25949737400,236860202.79505494,3000
query,large,v0_to_v1,fraction_0.125,0.6061777502579979,0.5246098309826854,0.5397863877995642,68161035624416,376715785970692,True,0.08156791927531248,0,409186664006700,measurement,"{""Brier"": 0.44173409773560396, ""ROC_AUC"": 0.5397863877995642, ""dislike_PR_AUC"": 0.6067660287452236, ""dislike_only_log_loss"": 2.3198385158001664, ""log_loss"": 1.3162598873178901}",evaluation,68135085887016,18.606036480658595,18.093490679925697,23450,32470878036008,25949737400,248266556.5093511,3000
query,large,v0_to_v1,fraction_0.25,0.6061777502579979,0.5246098309826854,0.5597118018575852,136277408477824,376715785970692,True,0.08156791927531248,0,409186664006700,measurement,"{""Brier"": 0.43695933507760365, ""ROC_AUC"": 0.5597118018575852, ""dislike_PR_AUC"": 0.6169083011418582, ""dislike_only_log_loss"": 2.270638956078253, ""log_loss"": 1.2908088524030599}",evaluation,136251458740424,43.034039836693225,36.17512553307925,23450,32470878036008,25949737400,273941570.4781636,3000
query,large,v0_to_v1,fraction_0.5,0.6061777502579979,0.5246098309826854,0.5888191611053778,272509271327144,376715785970692,True,0.08156791927531248,0,409186664006700,measurement,"{""Brier"": 0.4320287480463049, ""ROC_AUC"": 0.5888191611053778, ""dislike_PR_AUC"": 0.6329974627408668, ""dislike_only_log_loss"": 2.2240749071747907, ""log_loss"": 1.2660732825482781}",evaluation,272483321589744,78.7188525748334,72.33816088300182,23450,32470878036008,25949737400,331017855.38328326,3000
query,large,v0_to_v1,reuse,0.6061777502579979,0.5246098309826854,0.5246098309826854,0,376715785970692,True,0.08156791927531248,0,409186664006700,reference,"{""Brier"": 0.44674499267359985, ""ROC_AUC"": 0.5246098309826854, ""dislike_PR_AUC"": 0.5976042045624672, ""dislike_only_log_loss"": 2.373514942325469, ""log_loss"": 1.343743347274982}",evaluation,0,0.0,0.0,23450,32470878036008,0,,3000
query,large,v0_to_v1,full,0.6061777502579979,0.5246098309826854,0.6061777502579979,376715785970692,376715785970692,True,0.08156791927531248,0,409186664006700,reference,"{""Brier"": 0.43076937947883287, ""ROC_AUC"": 0.6061777502579979, ""dislike_PR_AUC"": 0.64470920153162, ""dislike_only_log_loss"": 2.217105364627281, ""log_loss"": 1.2615040085587288}",evaluation,409186664006700,100.0,100.0,23450,32470878036008,0,,3000
layer,large,v1_to_v2,layers_1,0.5675619660024566,0.5019221708614954,0.5299011732334085,70106683802404,420317607732668,True,0.06563979514096119,19029465006044,458474346489720,measurement,"{""Brier"": 0.39629913024149954, ""ROC_AUC"": 0.5299011732334085, ""dislike_PR_AUC"": 0.5207475485122355, ""dislike_only_log_loss"": 2.1356376051030086, ""log_loss"": 1.149633855788551}",evaluation,51077218796360,42.62506047105768,16.679454420332902,25975,38156738757052,0,0.0,3000
layer,large,v1_to_v2,layers_2,0.5675619660024566,0.5019221708614954,0.5324840622543069,115369365989596,420317607732668,True,0.06563979514096119,19029465006044,458474346489720,measurement,"{""Brier"": 0.3961619188017343, ""ROC_AUC"": 0.5324840622543069, ""dislike_PR_AUC"": 0.5233144150132455, ""dislike_only_log_loss"": 2.13491603959542, ""log_loss"": 1.1490297375497256}",evaluation,96339900983552,46.56000422789251,27.44814013667818,25975,38156738757052,0,0.0,3000
layer,large,v1_to_v2,layers_3,0.5675619660024566,0.5019221708614954,0.5401722742754921,160632048176788,420317607732668,True,0.06563979514096119,19029465006044,458474346489720,measurement,"{""Brier"": 0.3957365968448151, ""ROC_AUC"": 0.5401722742754921, ""dislike_PR_AUC"": 0.5330963676270223, ""dislike_only_log_loss"": 2.133131021597586, ""log_loss"": 1.1472798386343164}",evaluation,141602583170744,58.27273429457659,38.21682585302346,25975,38156738757052,0,0.0,3000
layer,large,v1_to_v2,layers_5,0.5675619660024566,0.5019221708614954,0.5506427909714193,251157412551172,420317607732668,True,0.06563979514096119,19029465006044,458474346489720,measurement,"{""Brier"": 0.3953821564324105, ""ROC_AUC"": 0.5506427909714193, ""dislike_PR_AUC"": 0.5447336065884771, ""dislike_only_log_loss"": 2.132317906582998, ""log_loss"": 1.1458412499223627}",evaluation,232127947545128,74.224211098308,59.75419728571402,25975,38156738757052,0,0.0,3000
layer,large,v1_to_v2,layers_8,0.5675619660024566,0.5019221708614954,0.5599109461362836,386945459112748,420317607732668,True,0.06563979514096119,19029465006044,458474346489720,measurement,"{""Brier"": 0.3948282540126421, ""ROC_AUC"": 0.5599109461362836, ""dislike_PR_AUC"": 0.5606384982306938, ""dislike_only_log_loss"": 2.129904846801953, ""log_loss"": 1.1436680130124575}",evaluation,367915994106704,88.34393091912845,92.06025443474985,25975,38156738757052,0,0.0,3000
layer,large,v1_to_v2,reuse,0.5675619660024566,0.5019221708614954,0.5019221708614954,0,420317607732668,True,0.06563979514096119,0,458474346489720,reference,"{""Brier"": 0.40674907716183895, ""ROC_AUC"": 0.5019221708614954, ""dislike_PR_AUC"": 0.5030640767658869, ""dislike_only_log_loss"": 2.2520246724845814, ""log_loss"": 1.2035335314313143}",evaluation,0,0.0,0.0,25975,38156738757052,0,,3000
layer,large,v1_to_v2,full,0.5675619660024566,0.5019221708614954,0.5675619660024566,420317607732668,420317607732668,True,0.06563979514096119,0,458474346489720,reference,"{""Brier"": 0.39442774532696, ""ROC_AUC"": 0.5675619660024566, ""dislike_PR_AUC"": 0.5723603539365455, ""dislike_only_log_loss"": 2.1279739994829963, ""log_loss"": 1.142003402018016}",evaluation,458474346489720,100.0,100.0,25975,38156738757052,0,,3000
tail,large,v1_to_v2,fraction_0.03125,0.5675619660024566,0.5019221708614954,0.5020152757763308,19194020542590,420317607732668,True,0.06563979514096119,0,458474346489720,measurement,"{""Brier"": 0.4067298946670618, ""ROC_AUC"": 0.5020152757763308, ""dislike_PR_AUC"": 0.5031315693747221, ""dislike_only_log_loss"": 2.2518052772824326, ""log_loss"": 1.2034264014892035}",evaluation,19194020542590,0.141842177653727,4.566551624170324,25975,38156738757052,0,0.0,3000
tail,large,v1_to_v2,fraction_0.0625,0.5675619660024566,0.5019221708614954,0.5021457537072639,38373053346480,420317607732668,True,0.06563979514096119,0,458474346489720,measurement,"{""Brier"": 0.40669402818446476, ""ROC_AUC"": 0.5021457537072639, ""dislike_PR_AUC"": 0.5032118550846812, ""dislike_only_log_loss"": 2.251380832114855, ""log_loss"": 1.203226735008968}",evaluation,38373053346480,0.34062087684516307,9.129537435625627,25975,38156738757052,0,0.0,3000
tail,large,v1_to_v2,fraction_0.125,0.5675619660024566,0.5019221708614954,0.5028556838715211,75436693312140,420317607732668,True,0.06563979514096119,0,458474346489720,measurement,"{""Brier"": 0.4065297158278986, ""ROC_AUC"": 0.5028556838715211, ""dislike_PR_AUC"": 0.503778315604815, ""dislike_only_log_loss"": 2.249527563072938, ""log_loss"": 1.20232710015495}",evaluation,75436693312140,1.4221753861678568,17.947545361963407,25975,38156738757052,0,0.0,3000
tail,large,v1_to_v2,fraction_0.25,0.5675619660024566,0.5019221708614954,0.5057758728868917,145682101188390,420317607732668,True,0.06563979514096119,0,458474346489720,measurement,"{""Brier"": 0.405921274937465, ""ROC_AUC"": 0.5057758728868917, ""dislike_PR_AUC"": 0.5060476569541901, ""dislike_only_log_loss"": 2.242807243893043, ""log_loss"": 1.1990418548340696}",evaluation,145682101188390,5.870984236194761,34.6600043653292,25975,38156738757052,0,0.0,3000
tail,large,v1_to_v2,fraction_0.5,0.5675619660024566,0.5019221708614954,0.5160594829932289,270647104908060,420317607732668,True,0.06563979514096119,0,458474346489720,measurement,"{""Brier"": 0.4035854770165286, ""ROC_AUC"": 0.5160594829932289, ""dislike_PR_AUC"": 0.5156954029129082, ""dislike_only_log_loss"": 2.218022192128059, ""log_loss"": 1.1869481933960175}",evaluation,270647104908060,21.537715194530556,64.39109376550267,25975,38156738757052,0,0.0,3000
tail,large,v1_to_v2,reuse,0.5675619660024566,0.5019221708614954,0.5019221708614954,0,420317607732668,True,0.06563979514096119,0,458474346489720,reference,"{""Brier"": 0.40674907716183895, ""ROC_AUC"": 0.5019221708614954, ""dislike_PR_AUC"": 0.5030640767658869, ""dislike_only_log_loss"": 2.2520246724845814, ""log_loss"": 1.2035335314313143}",evaluation,0,0.0,0.0,25975,38156738757052,0,,3000
tail,large,v1_to_v2,full,0.5675619660024566,0.5019221708614954,0.5675619660024566,420317607732668,420317607732668,True,0.06563979514096119,0,458474346489720,reference,"{""Brier"": 0.39442774532696, ""ROC_AUC"": 0.5675619660024566, ""dislike_PR_AUC"": 0.5723603539365455, ""dislike_only_log_loss"": 2.1279739994829963, ""log_loss"": 1.142003402018016}",evaluation,458474346489720,100.0,100.0,25975,38156738757052,0,,3000
deviation,large,v1_to_v2,fraction_0.03125,0.5675619660024566,0.5019221708614954,0.5120269271439484,35657474528544,420317607732668,True,0.06563979514096119,0,458474346489720,measurement,"{""Brier"": 0.40514229355110415, ""ROC_AUC"": 0.5120269271439484, ""dislike_PR_AUC"": 0.5139579875952094, ""dislike_only_log_loss"": 2.235375771539815, ""log_loss"": 1.1949147790303483}",evaluation,19187836862916,15.394253228172142,8.483459620188693,25975,38156738757052,16469637665628,260676750.7399885,3000
deviation,large,v1_to_v2,fraction_0.0625,0.5675619660024566,0.5019221708614954,0.5181775056557041,54830330182460,420317607732668,True,0.06563979514096119,0,458474346489720,measurement,"{""Brier"": 0.40429912126697115, ""ROC_AUC"": 0.5181775056557041, ""dislike_PR_AUC"": 0.5211022544415009, ""dislike_only_log_loss"": 2.226801016810942, ""log_loss"": 1.1903712484935323}",evaluation,38360692516832,24.764450832456813,13.044975793003989,25975,38156738757052,16469637665628,266286183.00539857,3000
deviation,large,v1_to_v2,fraction_0.125,0.5675619660024566,0.5019221708614954,0.523885490406968,93175444220724,420317607732668,True,0.06563979514096119,0,458474346489720,measurement,"{""Brier"": 0.4029002551696027, ""ROC_AUC"": 0.523885490406968, ""dislike_PR_AUC"": 0.5268267668133915, ""dislike_only_log_loss"": 2.211189094667795, ""log_loss"": 1.1828052194773022}",evaluation,76705806555096,33.46037186482142,22.167866039051546,25975,38156738757052,16469637665628,279112184.2043118,3000
deviation,large,v1_to_v2,fraction_0.25,0.5675619660024566,0.5019221708614954,0.5311644790203928,169865284691504,420317607732668,True,0.06563979514096119,0,458474346489720,measurement,"{""Brier"": 0.40076000956403807, ""ROC_AUC"": 0.5311644790203928, ""dislike_PR_AUC"": 0.5327693273122343, ""dislike_only_log_loss"": 2.187334717170865, ""log_loss"": 1.1715359771134377}",evaluation,153395647025876,44.549663959339995,40.41355431379938,25975,38156738757052,16469637665628,307979495.2614374,3000
deviation,large,v1_to_v2,fraction_0.5,0.5675619660024566,0.5019221708614954,0.5462361995727717,323245090667732,420317607732668,True,0.06563979514096119,0,458474346489720,measurement,"{""Brier"": 0.39759202351476014, ""ROC_AUC"": 0.5462361995727717, ""dislike_PR_AUC"": 0.5482684166417823, ""dislike_only_log_loss"": 2.155852489112637, ""log_loss"": 1.1562319029815353}",evaluation,306775453002104,67.51091866772609,76.90496061095865,25975,38156738757052,16469637665628,372145969.543392,3000
deviation,large,v1_to_v2,reuse,0.5675619660024566,0.5019221708614954,0.5019221708614954,0,420317607732668,True,0.06563979514096119,0,458474346489720,reference,"{""Brier"": 0.40674907716183895, ""ROC_AUC"": 0.5019221708614954, ""dislike_PR_AUC"": 0.5030640767658869, ""dislike_only_log_loss"": 2.2520246724845814, ""log_loss"": 1.2035335314313143}",evaluation,0,0.0,0.0,25975,38156738757052,0,,3000
deviation,large,v1_to_v2,full,0.5675619660024566,0.5019221708614954,0.5675619660024566,420317607732668,420317607732668,True,0.06563979514096119,0,458474346489720,reference,"{""Brier"": 0.39442774532696, ""ROC_AUC"": 0.5675619660024566, ""dislike_PR_AUC"": 0.5723603539365455, ""dislike_only_log_loss"": 2.1279739994829963, ""log_loss"": 1.142003402018016}",evaluation,458474346489720,100.0,100.0,25975,38156738757052,0,,3000
query,large,v1_to_v2,fraction_0.03125,0.5675619660024566,0.5019221708614954,0.5022171493619748,19216823776906,420317607732668,True,0.06563979514096119,0,458474346489720,measurement,"{""Brier"": 0.40402597186919137, ""ROC_AUC"": 0.5022171493619748, ""dislike_PR_AUC"": 0.5005967768536012, ""dislike_only_log_loss"": 2.218191221908134, ""log_loss"": 1.1886429880182792}",evaluation,19187836862916,0.4493897335388873,4.571976863060269,25975,38156738757052,28986913990,260676750.7399885,3000
query,large,v1_to_v2,fraction_0.0625,0.5675619660024566,0.5019221708614954,0.5041981653048262,38389679430822,420317607732668,True,0.06563979514096119,0,458474346489720,measurement,"{""Brier"": 0.4023763164013873, ""ROC_AUC"": 0.5041981653048262, ""dislike_PR_AUC"": 0.5014064747078872, ""dislike_only_log_loss"": 2.198203317004791, ""log_loss"": 1.1795661206748578}",evaluation,38360692516832,3.467400284298772,9.133493035875563,25975,38156738757052,28986913990,266286183.00539857,3000
query,large,v1_to_v2,fraction_0.125,0.5675619660024566,0.5019221708614954,0.5136952668843696,76734793469086,420317607732668,True,0.06563979514096119,0,458474346489720,measurement,"{""Brier"": 0.4001679343444269, ""ROC_AUC"": 0.5136952668843696, ""dislike_PR_AUC"": 0.509975243155254, ""dislike_only_log_loss"": 2.1751361464648014, ""log_loss"": 1.1682781122206929}",evaluation,76705806555096,17.93591219715352,18.25638328192312,25975,38156738757052,28986913990,279112184.2043118,3000
query,large,v1_to_v2,fraction_0.25,0.5675619660024566,0.5019221708614954,0.5373263331830981,153424633939866,420317607732668,True,0.06563979514096119,0,458474346489720,measurement,"{""Brier"": 0.39754111128490305, ""ROC_AUC"": 0.5373263331830981, ""dislike_PR_AUC"": 0.5357398361719953, ""dislike_only_log_loss"": 2.152758745175284, ""log_loss"": 1.1558755461850596}",evaluation,153395647025876,53.9370396351366,36.502071556670955,25975,38156738757052,28986913990,307979495.2614374,3000
query,large,v1_to_v2,fraction_0.5,0.5675619660024566,0.5019221708614954,0.549476041284573,306804439916094,420317607732668,True,0.06563979514096119,0,458474346489720,measurement,"{""Brier"": 0.3957480404862363, ""ROC_AUC"": 0.549476041284573, ""dislike_PR_AUC"": 0.54816672539294, ""dislike_only_log_loss"": 2.1366020442159837, ""log_loss"": 1.1476291946872414}",evaluation,306775453002104,72.44670755135026,72.99347785383023,25975,38156738757052,28986913990,372145969.543392,3000
query,large,v1_to_v2,reuse,0.5675619660024566,0.5019221708614954,0.5019221708614954,0,420317607732668,True,0.06563979514096119,0,458474346489720,reference,"{""Brier"": 0.40674907716183895, ""ROC_AUC"": 0.5019221708614954, ""dislike_PR_AUC"": 0.5030640767658869, ""dislike_only_log_loss"": 2.2520246724845814, ""log_loss"": 1.2035335314313143}",evaluation,0,0.0,0.0,25975,38156738757052,0,,3000
query,large,v1_to_v2,full,0.5675619660024566,0.5019221708614954,0.5675619660024566,420317607732668,420317607732668,True,0.06563979514096119,0,458474346489720,reference,"{""Brier"": 0.39442774532696, ""ROC_AUC"": 0.5675619660024566, ""dislike_PR_AUC"": 0.5723603539365455, ""dislike_only_log_loss"": 2.1279739994829963, ""log_loss"": 1.142003402018016}",evaluation,458474346489720,100.0,100.0,25975,38156738757052,0,,3000
layer,large,v2_to_v3,layers_1,0.5783607748798526,0.46488376498844836,0.5008227078420883,74429073912118,448477888605006,True,0.11347700989140425,19998540267304,488781444575154,measurement,"{""Brier"": 0.3604816515677178, ""ROC_AUC"": 0.5008227078420883, ""dislike_PR_AUC"": 0.49079511562549477, ""dislike_only_log_loss"": 2.0201328018016973, ""log_loss"": 1.0355297787646813}",evaluation,54430533644814,31.67068191877185,16.595929432246976,27553,40303555970148,0,0.0,3000
layer,large,v2_to_v3,layers_2,0.5783607748798526,0.46488376498844836,0.5053942817753933,122686394803204,448477888605006,True,0.11347700989140425,19998540267304,488781444575154,measurement,"{""Brier"": 0.35988839580135584, ""ROC_AUC"": 0.5053942817753933, ""dislike_PR_AUC"": 0.4952274541879053, ""dislike_only_log_loss"": 2.015002844197656, ""log_loss"": 1.0330646428206975}",evaluation,102687854535900,35.69931638638772,27.35617472353453,27553,40303555970148,0,0.0,3000
layer,large,v2_to_v3,layers_3,0.5783607748798526,0.46488376498844836,0.5201761137563654,170943715694290,448477888605006,True,0.11347700989140425,19998540267304,488781444575154,measurement,"{""Brier"": 0.35672309027951765, ""ROC_AUC"": 0.5201761137563654, ""dislike_PR_AUC"": 0.5124657180235747, ""dislike_only_log_loss"": 1.9856882203310637, ""log_loss"": 1.0201742129577214}",evaluation,150945175426986,48.725595449537295,38.11642001482208,27553,40303555970148,0,0.0,3000
layer,large,v2_to_v3,layers_5,0.5783607748798526,0.46488376498844836,0.5399489783196334,267458357476462,448477888605006,True,0.11347700989140425,19998540267304,488781444575154,measurement,"{""Brier"": 0.35453734609781057, ""ROC_AUC"": 0.5399489783196334, ""dislike_PR_AUC"": 0.5324744443031947, ""dislike_only_log_loss"": 1.968827347753763, ""log_loss"": 1.0116201335764832}",evaluation,247459817209158,66.15015094513092,59.63691059739719,27553,40303555970148,0,0.0,3000
layer,large,v2_to_v3,layers_8,0.5783607748798526,0.46488376498844836,0.5654360301882961,412230320149720,448477888605006,True,0.11347700989140425,19998540267304,488781444575154,measurement,"{""Brier"": 0.35133817446701043, ""ROC_AUC"": 0.5654360301882961, ""dislike_PR_AUC"": 0.562598208642237, ""dislike_only_log_loss"": 1.9444240502539778, ""log_loss"": 0.9994103337921273}",evaluation,392231779882416,88.61025268120366,91.91764647125986,27553,40303555970148,0,0.0,3000
layer,large,v2_to_v3,reuse,0.5783607748798526,0.46488376498844836,0.46488376498844836,0,448477888605006,True,0.11347700989140425,0,488781444575154,reference,"{""Brier"": 0.3652754978798373, ""ROC_AUC"": 0.46488376498844836, ""dislike_PR_AUC"": 0.4596164752694202, ""dislike_only_log_loss"": 2.064428900163519, ""log_loss"": 1.0563702102900938}",evaluation,0,0.0,0.0,27553,40303555970148,0,,3000
layer,large,v2_to_v3,full,0.5783607748798526,0.46488376498844836,0.5783607748798526,448477888605006,448477888605006,True,0.11347700989140425,0,488781444575154,reference,"{""Brier"": 0.34928120332269824, ""ROC_AUC"": 0.5783607748798526, ""dislike_PR_AUC"": 0.5785926990334431, ""dislike_only_log_loss"": 1.928082686878962, ""log_loss"": 0.9916719730715032}",evaluation,488781444575154,100.0,100.0,27553,40303555970148,0,,3000
tail,large,v2_to_v3,fraction_0.03125,0.5783607748798526,0.46488376498844836,0.46497817568794503,20364287287224,448477888605006,True,0.11347700989140425,0,488781444575154,measurement,"{""Brier"": 0.3652597969449601, ""ROC_AUC"": 0.46497817568794503, ""dislike_PR_AUC"": 0.4597051471168566, ""dislike_only_log_loss"": 2.0642787669746676, ""log_loss"": 1.0563018908134647}",evaluation,20364287287224,0.08319808530998624,4.54075614531795,27553,40303555970148,0,0.0,3000
tail,large,v2_to_v3,fraction_0.0625,0.5783607748798526,0.46488376498844836,0.4652270968025218,40711399441644,448477888605006,True,0.11347700989140425,0,488781444575154,measurement,"{""Brier"": 0.36522360763168005, ""ROC_AUC"": 0.4652270968025218, ""dislike_PR_AUC"": 0.4599482624795152, ""dislike_only_log_loss"": 2.063948634338868, ""log_loss"": 1.0561468905418339}",evaluation,40711399441644,0.30255627496881116,9.077682640782387,27553,40303555970148,0,0.0,3000
tail,large,v2_to_v3,fraction_0.125,0.5783607748798526,0.46488376498844836,0.46633846984406463,80052323457744,448477888605006,True,0.11347700989140425,0,488781444575154,measurement,"{""Brier"": 0.3650737340410239, ""ROC_AUC"": 0.46633846984406463, ""dislike_PR_AUC"": 0.46099383553991014, ""dislike_only_log_loss"": 2.062592225927452, ""log_loss"": 1.0555049220325547}",evaluation,80052323457744,1.2819379511395335,17.84978155929769,27553,40303555970148,0,0.0,3000
tail,large,v2_to_v3,fraction_0.25,0.5783607748798526,0.46488376498844836,0.47098200593956324,154677553013694,448477888605006,True,0.11347700989140425,0,488781444575154,measurement,"{""Brier"": 0.36443436711732236, ""ROC_AUC"": 0.47098200593956324, ""dislike_PR_AUC"": 0.46514599060920053, ""dislike_only_log_loss"": 2.0567091068381216, ""log_loss"": 1.0527367564439822}",evaluation,154677553013694,5.373988050047149,34.489449077371404,27553,40303555970148,0,0.0,3000
tail,large,v2_to_v3,fraction_0.5,0.5783607748798526,0.46488376498844836,0.48842951121762523,287692038428844,448477888605006,True,0.11347700989140425,0,488781444575154,measurement,"{""Brier"": 0.3619863762403611, ""ROC_AUC"": 0.48842951121762523, ""dislike_PR_AUC"": 0.48117154131737355, ""dislike_only_log_loss"": 2.0343945032222934, ""log_loss"": 1.0422489081440787}",evaluation,287692038428844,20.749353769287534,64.14854460801007,27553,40303555970148,0,0.0,3000
tail,large,v2_to_v3,reuse,0.5783607748798526,0.46488376498844836,0.46488376498844836,0,448477888605006,True,0.11347700989140425,0,488781444575154,reference,"{""Brier"": 0.3652754978798373, ""ROC_AUC"": 0.46488376498844836, ""dislike_PR_AUC"": 0.4596164752694202, ""dislike_only_log_loss"": 2.064428900163519, ""log_loss"": 1.0563702102900938}",evaluation,0,0.0,0.0,27553,40303555970148,0,,3000
tail,large,v2_to_v3,full,0.5783607748798526,0.46488376498844836,0.5783607748798526,448477888605006,448477888605006,True,0.11347700989140425,0,488781444575154,reference,"{""Brier"": 0.34928120332269824, ""ROC_AUC"": 0.5783607748798526, ""dislike_PR_AUC"": 0.5785926990334431, ""dislike_only_log_loss"": 1.928082686878962, ""log_loss"": 0.9916719730715032}",evaluation,488781444575154,100.0,100.0,27553,40303555970148,0,,3000
deviation,large,v2_to_v3,fraction_0.03125,0.5783607748798526,0.46488376498844836,0.4721004610387837,37843307459599,448477888605006,True,0.11347700989140425,0,488781444575154,measurement,"{""Brier"": 0.36529986779439827, ""ROC_AUC"": 0.4721004610387837, ""dislike_PR_AUC"": 0.465832711926729, ""dislike_only_log_loss"": 2.0670877358918105, ""log_loss"": 1.056615144297136}",evaluation,20357721912016,6.3596106887568125,8.43816572034597,27553,40303555970148,17485585547583,276697936.96837485,3000
deviation,large,v2_to_v3,fraction_0.0625,0.5783607748798526,0.46488376498844836,0.4769183505236542,58183861598167,448477888605006,True,0.11347700989140425,0,488781444575154,measurement,"{""Brier"": 0.36499306642093926, ""ROC_AUC"": 0.4769183505236542, ""dislike_PR_AUC"": 0.4704817541792784, ""dislike_only_log_loss"": 2.0651056761739004, ""log_loss"": 1.05528787827366}",evaluation,40698276050584,10.605307230709357,12.973629932826423,27553,40303555970148,17485585547583,282651489.504685,3000
deviation,large,v2_to_v3,fraction_0.125,0.5783607748798526,0.46488376498844836,0.48450793012351434,98864539229967,448477888605006,True,0.11347700989140425,0,488781444575154,measurement,"{""Brier"": 0.3638756889055696, ""ROC_AUC"": 0.48450793012351434, ""dislike_PR_AUC"": 0.4779625988173042, ""dislike_only_log_loss"": 2.054676080898361, ""log_loss"": 1.0503750504926197}",evaluation,81378953682384,17.293516240731062,22.044462334026306,27553,40303555970148,17485585547583,296264844.5009417,3000
deviation,large,v2_to_v3,fraction_0.25,0.5783607748798526,0.46488376498844836,0.5003813793761792,180227883645907,448477888605006,True,0.11347700989140425,0,488781444575154,measurement,"{""Brier"": 0.36095370338568866, ""ROC_AUC"": 0.5003813793761792, ""dislike_PR_AUC"": 0.49297767839878903, ""dislike_only_log_loss"": 2.0261760103612634, ""log_loss"": 1.037636303010062}",evaluation,162742298098324,31.281767489028418,40.18657067052007,27553,40303555970148,17485585547583,326906193.8144585,3000
deviation,large,v2_to_v3,fraction_0.5,0.5783607748798526,0.46488376498844836,0.5380002972984391,342953033174807,448477888605006,True,0.11347700989140425,0,488781444575154,measurement,"{""Brier"": 0.3550904264125671, ""ROC_AUC"": 0.5380002972984391, ""dislike_PR_AUC"": 0.5305400838454312, ""dislike_only_log_loss"": 1.9732975666389543, ""log_loss"": 1.0134729777718798}",evaluation,325467447627224,64.43290352817911,76.4704441152194,27553,40303555970148,17485585547583,395016836.8822764,3000
deviation,large,v2_to_v3,reuse,0.5783607748798526,0.46488376498844836,0.46488376498844836,0,448477888605006,True,0.11347700989140425,0,488781444575154,reference,"{""Brier"": 0.3652754978798373, ""ROC_AUC"": 0.46488376498844836, ""dislike_PR_AUC"": 0.4596164752694202, ""dislike_only_log_loss"": 2.064428900163519, ""log_loss"": 1.0563702102900938}",evaluation,0,0.0,0.0,27553,40303555970148,0,,3000
deviation,large,v2_to_v3,full,0.5783607748798526,0.46488376498844836,0.5783607748798526,448477888605006,448477888605006,True,0.11347700989140425,0,488781444575154,reference,"{""Brier"": 0.34928120332269824, ""ROC_AUC"": 0.5783607748798526, ""dislike_PR_AUC"": 0.5785926990334431, ""dislike_only_log_loss"": 1.928082686878962, ""log_loss"": 0.9916719730715032}",evaluation,488781444575154,100.0,100.0,27553,40303555970148,0,,3000
query,large,v2_to_v3,fraction_0.03125,0.5783607748798526,0.46488376498844836,0.46334675499535843,20388486409640,448477888605006,True,0.11347700989140425,0,488781444575154,measurement,"{""Brier"": 0.3638446986650248, ""ROC_AUC"": 0.46334675499535843, ""dislike_PR_AUC"": 0.45783493867658703, ""dislike_only_log_loss"": 2.0465555849708883, ""log_loss"": 1.0495554113149101}",evaluation,20357721912016,-1.3544681821990345,4.546151979322447,27553,40303555970148,30764497624,276697936.96837485,3000
query,large,v2_to_v3,fraction_0.0625,0.5783607748798526,0.46488376498844836,0.46341617237339405,40729040548208,448477888605006,True,0.11347700989140425,0,488781444575154,measurement,"{""Brier"": 0.3628254619189571, ""ROC_AUC"": 0.46341617237339405, ""dislike_PR_AUC"": 0.4579046672749875, ""dislike_only_log_loss"": 2.0344406063679, ""log_loss"": 1.0448254881064596}",evaluation,40698276050584,-1.2932951057300208,9.081616191802901,27553,40303555970148,30764497624,282651489.504685,3000
query,large,v2_to_v3,fraction_0.125,0.5783607748798526,0.46488376498844836,0.47306046831026005,81409718180008,448477888605006,True,0.11347700989140425,0,488781444575154,measurement,"{""Brier"": 0.36075923053330544, ""ROC_AUC"": 0.47306046831026005, ""dislike_PR_AUC"": 0.46611488923904953, ""dislike_only_log_loss"": 2.013860331503812, ""log_loss"": 1.0359020614740344}",evaluation,81378953682384,7.205603434243355,18.152448593002784,27553,40303555970148,30764497624,296264844.5009417,3000
query,large,v2_to_v3,fraction_0.25,0.5783607748798526,0.46488376498844836,0.5069694450329423,162773062595948,448477888605006,True,0.11347700989140425,0,488781444575154,measurement,"{""Brier"": 0.3565188378809843, ""ROC_AUC"": 0.5069694450329423, ""dislike_PR_AUC"": 0.4959754794456321, ""dislike_only_log_loss"": 1.9773242396703206, ""log_loss"": 1.0184243099430432}",evaluation,162742298098324,37.08740658990687,36.294556929496544,27553,40303555970148,30764497624,326906193.8144585,3000
query,large,v2_to_v3,fraction_0.5,0.5783607748798526,0.46488376498844836,0.5502205358045952,325498212124848,448477888605006,True,0.11347700989140425,0,488781444575154,measurement,"{""Brier"": 0.35161994881312614, ""ROC_AUC"": 0.5502205358045952, ""dislike_PR_AUC"": 0.5433468611128935, ""dislike_only_log_loss"": 1.9403659392080552, ""log_loss"": 0.9996339408282923}",evaluation,325467447627224,75.20181479738741,72.57843037419588,27553,40303555970148,30764497624,395016836.8822764,3000
query,large,v2_to_v3,reuse,0.5783607748798526,0.46488376498844836,0.46488376498844836,0,448477888605006,True,0.11347700989140425,0,488781444575154,reference,"{""Brier"": 0.3652754978798373, ""ROC_AUC"": 0.46488376498844836, ""dislike_PR_AUC"": 0.4596164752694202, ""dislike_only_log_loss"": 2.064428900163519, ""log_loss"": 1.0563702102900938}",evaluation,0,0.0,0.0,27553,40303555970148,0,,3000
query,large,v2_to_v3,full,0.5783607748798526,0.46488376498844836,0.5783607748798526,448477888605006,448477888605006,True,0.11347700989140425,0,488781444575154,reference,"{""Brier"": 0.34928120332269824, ""ROC_AUC"": 0.5783607748798526, ""dislike_PR_AUC"": 0.5785926990334431, ""dislike_only_log_loss"": 1.928082686878962, ""log_loss"": 0.9916719730715032}",evaluation,488781444575154,100.0,100.0,27553,40303555970148,0,,3000
layer,large,v3_to_v4,layers_1,0.6529125216887081,0.4811877452794301,0.544438021476122,77694781647652,477579914810856,True,0.17172477640927797,19848424783064,519014397107028,measurement,"{""Brier"": 0.369223745306642, ""ROC_AUC"": 0.544438021476122, ""dislike_PR_AUC"": 0.5265047467789844, ""dislike_only_log_loss"": 2.123339100195499, ""log_loss"": 1.0866184985952263}",evaluation,57846356864588,36.832353210316704,16.26843576083445,29546,41434482296172,0,0.0,3000
layer,large,v3_to_v4,layers_2,0.6529125216887081,0.4811877452794301,0.5503709130309405,128931508467184,477579914810856,True,0.17172477640927797,19848424783064,519014397107028,measurement,"{""Brier"": 0.36888665837450385, ""ROC_AUC"": 0.5503709130309405, ""dislike_PR_AUC"": 0.5330235326985788, ""dislike_only_log_loss"": 2.1224939488864534, ""log_loss"": 1.0854395451434051}",evaluation,109083083684120,40.287237053448635,26.996844814599648,29546,41434482296172,0,0.0,3000
layer,large,v3_to_v4,layers_3,0.6529125216887081,0.4811877452794301,0.5744599517149582,180168235286716,477579914810856,True,0.17172477640927797,19848424783064,519014397107028,measurement,"{""Brier"": 0.3670780192117003, ""ROC_AUC"": 0.5744599517149582, ""dislike_PR_AUC"": 0.5625959206296115, ""dislike_only_log_loss"": 2.1150731551908937, ""log_loss"": 1.0789416497353563}",evaluation,160319810503652,54.31493834834238,37.725253868364845,29546,41434482296172,0,0.0,3000
layer,large,v3_to_v4,layers_5,0.6529125216887081,0.4811877452794301,0.5908868232710498,282641688925780,477579914810856,True,0.17172477640927797,19848424783064,519014397107028,measurement,"{""Brier"": 0.36605532501227295, ""ROC_AUC"": 0.5908868232710498, ""dislike_PR_AUC"": 0.5799369045102858, ""dislike_only_log_loss"": 2.1106011992439315, ""log_loss"": 1.0749847210484544}",evaluation,262793264142716,63.88075168033404,59.18207197589525,29546,41434482296172,0,0.0,3000
layer,large,v3_to_v4,layers_8,0.6529125216887081,0.4811877452794301,0.6356830195965544,436351869384376,477579914810856,True,0.17172477640927797,19848424783064,519014397107028,measurement,"{""Brier"": 0.363185538762403, ""ROC_AUC"": 0.6356830195965544, ""dislike_PR_AUC"": 0.6309455032253037, ""dislike_only_log_loss"": 2.0979178599928563, ""log_loss"": 1.0638753634559306}",evaluation,416503444601312,89.96679311371471,91.36729913719084,29546,41434482296172,0,0.0,3000
layer,large,v3_to_v4,reuse,0.6529125216887081,0.4811877452794301,0.4811877452794301,0,477579914810856,True,0.17172477640927797,0,519014397107028,reference,"{""Brier"": 0.3669662681886023, ""ROC_AUC"": 0.4811877452794301, ""dislike_PR_AUC"": 0.47629852638284004, ""dislike_only_log_loss"": 2.0677093591730102, ""log_loss"": 1.0721725450869528}",evaluation,0,0.0,0.0,29546,41434482296172,0,,3000
layer,large,v3_to_v4,full,0.6529125216887081,0.4811877452794301,0.6529125216887081,477579914810856,477579914810856,True,0.17172477640927797,0,519014397107028,reference,"{""Brier"": 0.3616553945796304, ""ROC_AUC"": 0.6529125216887081, ""dislike_PR_AUC"": 0.6520488983347892, ""dislike_only_log_loss"": 2.090746927914734, ""log_loss"": 1.0585805285910188}",evaluation,519014397107028,99.99999999999999,100.0,29546,41434482296172,0,,3000
tail,large,v3_to_v4,fraction_0.03125,0.6529125216887081,0.4811877452794301,0.4814258444907095,21841575623478,477579914810856,True,0.17172477640927797,0,519014397107028,measurement,"{""Brier"": 0.3669609780623507, ""ROC_AUC"": 0.4814258444907095, ""dislike_PR_AUC"": 0.4764922331839311, ""dislike_only_log_loss"": 2.0677136240515424, ""log_loss"": 1.0721370654731337}",evaluation,21841575623478,0.1386516356334973,4.573386557122756,29546,41434482296172,0,0.0,3000
tail,large,v3_to_v4,fraction_0.0625,0.6529125216887081,0.4811877452794301,0.48204946105406865,43667523174438,477579914810856,True,0.17172477640927797,0,519014397107028,measurement,"{""Brier"": 0.36696577635531247, ""ROC_AUC"": 0.48204946105406865, ""dislike_PR_AUC"": 0.47698439567129114, ""dislike_only_log_loss"": 2.0680444317443625, ""log_loss"": 1.0721850350840816}",evaluation,43667523174438,0.5018004930079523,9.143500767140173,29546,41434482296172,0,0.0,3000
tail,large,v3_to_v4,fraction_0.125,0.6529125216887081,0.4811877452794301,0.484703141378574,85825086703518,477579914810856,True,0.17172477640927797,0,519014397107028,measurement,"{""Brier"": 0.3669542151923199, ""ROC_AUC"": 0.484703141378574, ""dislike_PR_AUC"": 0.47909198193078734, ""dislike_only_log_loss"": 2.069120204209979, ""log_loss"": 1.072261287563634}",evaluation,85825086703518,2.047110599093486,17.970832533338164,29546,41434482296172,0,0.0,3000
tail,large,v3_to_v4,fraction_0.25,0.6529125216887081,0.4811877452794301,0.49424032200617213,165654149086398,477579914810856,True,0.17172477640927797,0,519014397107028,measurement,"{""Brier"": 0.3669119450517737, ""ROC_AUC"": 0.49424032200617213, ""dislike_PR_AUC"": 0.4873311827937429, ""dislike_only_log_loss"": 2.0731474320493932, ""log_loss"": 1.0725585813753338}",evaluation,165654149086398,7.600869833502274,34.68616328892407,29546,41434482296172,0,0.0,3000
tail,large,v3_to_v4,fraction_0.5,0.6529125216887081,0.4811877452794301,0.5267218540530566,307367319783108,477579914810856,True,0.17172477640927797,0,519014397107028,measurement,"{""Brier"": 0.3666081828177955, ""ROC_AUC"": 0.5267218540530566, ""dislike_PR_AUC"": 0.5173370553820512, ""dislike_only_log_loss"": 2.08501568622974, ""log_loss"": 1.0729137254017904}",evaluation,307367319783108,26.515747887831516,64.35934809043212,29546,41434482296172,0,0.0,3000
tail,large,v3_to_v4,reuse,0.6529125216887081,0.4811877452794301,0.4811877452794301,0,477579914810856,True,0.17172477640927797,0,519014397107028,reference,"{""Brier"": 0.3669662681886023, ""ROC_AUC"": 0.4811877452794301, ""dislike_PR_AUC"": 0.47629852638284004, ""dislike_only_log_loss"": 2.0677093591730102, ""log_loss"": 1.0721725450869528}",evaluation,0,0.0,0.0,29546,41434482296172,0,,3000
tail,large,v3_to_v4,full,0.6529125216887081,0.4811877452794301,0.6529125216887081,477579914810856,477579914810856,True,0.17172477640927797,0,519014397107028,reference,"{""Brier"": 0.3616553945796304, ""ROC_AUC"": 0.6529125216887081, ""dislike_PR_AUC"": 0.6520488983347892, ""dislike_only_log_loss"": 2.090746927914734, ""log_loss"": 1.0585805285910188}",evaluation,519014397107028,99.99999999999999,100.0,29546,41434482296172,0,,3000
deviation,large,v3_to_v4,fraction_0.03125,0.6529125216887081,0.4811877452794301,0.5026484514610783,40556281616442,477579914810856,True,0.17172477640927797,0,519014397107028,measurement,"{""Brier"": 0.36720625214412195, ""ROC_AUC"": 0.5026484514610783, ""dislike_PR_AUC"": 0.4962472122342252, ""dislike_only_log_loss"": 2.080620607186924, ""log_loss"": 1.0742212621781184}",evaluation,21834546893076,12.4971519138858,8.49204088335754,29546,41434482296172,18721734723366,296401025.6918837,3000
deviation,large,v3_to_v4,fraction_0.0625,0.6529125216887081,0.4811877452794301,0.5182470370787704,62375207757946,477579914810856,True,0.17172477640927797,0,519014397107028,measurement,"{""Brier"": 0.3671300134154307, ""ROC_AUC"": 0.5182470370787704, ""dislike_PR_AUC"": 0.5111288350211657, ""dislike_only_log_loss"": 2.087086369442593, ""log_loss"": 1.074717177115905}",evaluation,43653473034580,21.58063185420346,13.060684887187834,29546,41434482296172,18721734723366,302779527.9641347,3000
deviation,large,v3_to_v4,fraction_0.125,0.6529125216887081,0.4811877452794301,0.5381212950788339,106014118563338,477579914810856,True,0.17172477640927797,0,519014397107028,measurement,"{""Brier"": 0.366845349086238, ""ROC_AUC"": 0.5381212950788339, ""dislike_PR_AUC"": 0.529914480551191, ""dislike_only_log_loss"": 2.092703175529166, ""log_loss"": 1.0743945888419577}",evaluation,87292383839972,33.15395191647358,22.198194537834482,29546,41434482296172,18721734723366,317364127.3427932,3000
deviation,large,v3_to_v4,fraction_0.25,0.6529125216887081,0.4811877452794301,0.5668053478464669,193292047228730,477579914810856,True,0.17172477640927797,0,519014397107028,measurement,"{""Brier"": 0.3656275937587957, ""ROC_AUC"": 0.5668053478464669, ""dislike_PR_AUC"": 0.5593481775359523, ""dislike_only_log_loss"": 2.0936874530473557, ""log_loss"": 1.0711603989032363}",evaluation,174570312505364,49.857454676767894,40.4732362551894,29546,41434482296172,18721734723366,350188708.09163785,3000
deviation,large,v3_to_v4,fraction_0.5,0.6529125216887081,0.4811877452794301,0.6031525157317518,367847638016894,477579914810856,True,0.17172477640927797,0,519014397107028,measurement,"{""Brier"": 0.36410725728484833, ""ROC_AUC"": 0.6031525157317518, ""dislike_PR_AUC"": 0.6015261425986471, ""dislike_only_log_loss"": 2.0968049754523594, ""log_loss"": 1.067495388858094}",evaluation,349125903293528,71.02339744012161,77.02326387879585,29546,41434482296172,18721734723366,423149189.4737625,3000
deviation,large,v3_to_v4,reuse,0.6529125216887081,0.4811877452794301,0.4811877452794301,0,477579914810856,True,0.17172477640927797,0,519014397107028,reference,"{""Brier"": 0.3669662681886023, ""ROC_AUC"": 0.4811877452794301, ""dislike_PR_AUC"": 0.47629852638284004, ""dislike_only_log_loss"": 2.0677093591730102, ""log_loss"": 1.0721725450869528}",evaluation,0,0.0,0.0,29546,41434482296172,0,,3000
deviation,large,v3_to_v4,full,0.6529125216887081,0.4811877452794301,0.6529125216887081,477579914810856,477579914810856,True,0.17172477640927797,0,519014397107028,reference,"{""Brier"": 0.3616553945796304, ""ROC_AUC"": 0.6529125216887081, ""dislike_PR_AUC"": 0.6520488983347892, ""dislike_only_log_loss"": 2.090746927914734, ""log_loss"": 1.0585805285910188}",evaluation,519014397107028,99.99999999999999,100.0,29546,41434482296172,0,,3000
query,large,v3_to_v4,fraction_0.03125,0.6529125216887081,0.4811877452794301,0.48779000021415847,21867505812644,477579914810856,True,0.17172477640927797,0,519014397107028,measurement,"{""Brier"": 0.3659717290368209, ""ROC_AUC"": 0.48779000021415847, ""dislike_PR_AUC"": 0.4818437856086846, ""dislike_only_log_loss"": 2.0601781173790616, ""log_loss"": 1.0685275348646566}",evaluation,21834546893076,3.844672313908264,4.578816054545459,29546,41434482296172,32958919568,296401025.6918837,3000
query,large,v3_to_v4,fraction_0.0625,0.6529125216887081,0.4811877452794301,0.4896108589399781,43686431954148,477579914810856,True,0.17172477640927797,0,519014397107028,measurement,"{""Brier"": 0.3655000786115728, ""ROC_AUC"": 0.4896108589399781, ""dislike_PR_AUC"": 0.48265690861665, ""dislike_only_log_loss"": 2.056428301251905, ""log_loss"": 1.0670526350562781}",evaluation,43653473034580,4.905007790182164,9.147460058375753,29546,41434482296172,32958919568,302779527.9641347,3000
query,large,v3_to_v4,fraction_0.125,0.6529125216887081,0.4811877452794301,0.5077387660749964,87325342759540,477579914810856,True,0.17172477640927797,0,519014397107028,measurement,"{""Brier"": 0.3645774663881675, ""ROC_AUC"": 0.5077387660749964, ""dislike_PR_AUC"": 0.4992123532674628, ""dislike_only_log_loss"": 2.0561058489674413, ""log_loss"": 1.0645951352982364}",evaluation,87292383839972,15.461380326555929,18.2849697090224,29546,41434482296172,32958919568,317364127.3427932,3000
query,large,v3_to_v4,fraction_0.25,0.6529125216887081,0.4811877452794301,0.5676377723453401,174603271424932,477579914810856,True,0.17172477640927797,0,519014397107028,measurement,"{""Brier"": 0.3631328433746975, ""ROC_AUC"": 0.5676377723453401, ""dislike_PR_AUC"": 0.5622992869471821, ""dislike_only_log_loss"": 2.0691355681996026, ""log_loss"": 1.0614402372358636}",evaluation,174570312505364,50.34219806457658,36.560011426377315,29546,41434482296172,32958919568,350188708.09163785,3000
query,large,v3_to_v4,fraction_0.5,0.6529125216887081,0.4811877452794301,0.6193809475595726,349158862213096,477579914810856,True,0.17172477640927797,0,519014397107028,measurement,"{""Brier"": 0.36248486678042224, ""ROC_AUC"": 0.6193809475595726, ""dislike_PR_AUC"": 0.6173612574887151, ""dislike_only_log_loss"": 2.0847635676764447, ""log_loss"": 1.0606936031134957}",evaluation,349125903293528,80.47365393027597,73.11003904998375,29546,41434482296172,32958919568,423149189.4737625,3000
query,large,v3_to_v4,reuse,0.6529125216887081,0.4811877452794301,0.4811877452794301,0,477579914810856,True,0.17172477640927797,0,519014397107028,reference,"{""Brier"": 0.3669662681886023, ""ROC_AUC"": 0.4811877452794301, ""dislike_PR_AUC"": 0.47629852638284004, ""dislike_only_log_loss"": 2.0677093591730102, ""log_loss"": 1.0721725450869528}",evaluation,0,0.0,0.0,29546,41434482296172,0,,3000
query,large,v3_to_v4,full,0.6529125216887081,0.4811877452794301,0.6529125216887081,477579914810856,477579914810856,True,0.17172477640927797,0,519014397107028,reference,"{""Brier"": 0.3616553945796304, ""ROC_AUC"": 0.6529125216887081, ""dislike_PR_AUC"": 0.6520488983347892, ""dislike_only_log_loss"": 2.090746927914734, ""log_loss"": 1.0585805285910188}",evaluation,519014397107028,99.99999999999999,100.0,29546,41434482296172,0,,3000
layer,large,v4_to_v5,layers_1,0.5922757674796575,0.4231224986603927,0.49429510395707577,66626362055144,384681323471496,True,0.1691532688192648,19808881106564,420439713294060,measurement,"{""Brier"": 0.36706354308868083, ""ROC_AUC"": 0.49429510395707577, ""dislike_PR_AUC"": 0.4499761860617466, ""dislike_only_log_loss"": 2.389258423072783, ""log_loss"": 1.1267314359267668}",evaluation,46817480948580,42.07580840351886,17.319884795519805,23880,35758389822564,0,0.0,3000
layer,large,v4_to_v5,layers_2,0.5922757674796575,0.4231224986603927,0.5016603146214146,108136597876076,384681323471496,True,0.1691532688192648,19808881106564,420439713294060,measurement,"{""Brier"": 0.36664933756013324, ""ROC_AUC"": 0.5016603146214146, ""dislike_PR_AUC"": 0.4562011094536767, ""dislike_only_log_loss"": 2.3862159396478173, ""log_loss"": 1.124797378995861}",evaluation,88327716769512,46.42997236130104,28.11069612119827,23880,35758389822564,0,0.0,3000
layer,large,v4_to_v5,layers_3,0.5922757674796575,0.4231224986603927,0.5229106952118354,149646833697008,384681323471496,True,0.1691532688192648,19808881106564,420439713294060,measurement,"{""Brier"": 0.36568173490377887, ""ROC_AUC"": 0.5229106952118354, ""dislike_PR_AUC"": 0.47788525309934626, ""dislike_only_log_loss"": 2.3818362249615093, ""log_loss"": 1.1206906116681339}",evaluation,129837952590444,58.99276865767426,38.901507446876735,23880,35758389822564,0,0.0,3000
layer,large,v4_to_v5,layers_5,0.5922757674796575,0.4231224986603927,0.5388540023208032,232667305338872,384681323471496,True,0.1691532688192648,19808881106564,420439713294060,measurement,"{""Brier"": 0.364957991114296, ""ROC_AUC"": 0.5388540023208032, ""dislike_PR_AUC"": 0.4935289637312805, ""dislike_only_log_loss"": 2.3769663926034883, ""log_loss"": 1.1171078448663765}",evaluation,212858424232308,68.4181301775883,60.483130098233666,23880,35758389822564,0,0.0,3000
layer,large,v4_to_v5,layers_8,0.5922757674796575,0.4231224986603927,0.5758441655222339,357198012801668,384681323471496,True,0.1691532688192648,19808881106564,420439713294060,measurement,"{""Brier"": 0.3609075547762924, ""ROC_AUC"": 0.5758441655222339, ""dislike_PR_AUC"": 0.5334411562013717, ""dislike_only_log_loss"": 2.332218996246402, ""log_loss"": 1.095891939026661}",evaluation,337389131695104,90.28596841661971,92.85556407526906,23880,35758389822564,0,0.0,3000
layer,large,v4_to_v5,reuse,0.5922757674796575,0.4231224986603927,0.4231224986603927,0,384681323471496,True,0.1691532688192648,0,420439713294060,reference,"{""Brier"": 0.3650596025038552, ""ROC_AUC"": 0.4231224986603927, ""dislike_PR_AUC"": 0.39698459823871346, ""dislike_only_log_loss"": 2.3288814220440868, ""log_loss"": 1.1127471254350005}",evaluation,0,0.0,0.0,23880,35758389822564,0,,3000
layer,large,v4_to_v5,full,0.5922757674796575,0.4231224986603927,0.5922757674796575,384681323471496,384681323471496,True,0.1691532688192648,0,420439713294060,reference,"{""Brier"": 0.3593248320676285, ""ROC_AUC"": 0.5922757674796575, ""dislike_PR_AUC"": 0.5541301169316705, ""dislike_only_log_loss"": 2.3184506524603123, ""log_loss"": 1.0887674634920141}",evaluation,420439713294060,100.0,100.0,23880,35758389822564,0,,3000
tail,large,v4_to_v5,fraction_0.03125,0.5922757674796575,0.4231224986603927,0.42354578263230175,17494027762890,384681323471496,True,0.1691532688192648,0,420439713294060,measurement,"{""Brier"": 0.36504766616762563, ""ROC_AUC"": 0.42354578263230175, ""dislike_PR_AUC"": 0.3972932189905652, ""dislike_only_log_loss"": 2.3289310924904796, ""log_loss"": 1.112705539684228}",evaluation,17494027762890,0.25023694479195435,4.5476675615592415,23880,35758389822564,0,0.0,3000
tail,large,v4_to_v5,fraction_0.0625,0.5922757674796575,0.4231224986603927,0.4246314252357177,34964370171570,384681323471496,True,0.1691532688192648,0,420439713294060,measurement,"{""Brier"": 0.3650157823600672, ""ROC_AUC"": 0.4246314252357177, ""dislike_PR_AUC"": 0.3980154133659736, ""dislike_only_log_loss"": 2.3289851440688127, ""log_loss"": 1.1125862800582056}",evaluation,34964370171570,0.8920469499984767,9.089177986609682,23880,35758389822564,0,0.0,3000
tail,large,v4_to_v5,fraction_0.125,0.5922757674796575,0.4231224986603927,0.42839654860379206,68760615595020,384681323471496,True,0.1691532688192648,0,420439713294060,measurement,"{""Brier"": 0.3649108668800942, ""ROC_AUC"": 0.42839654860379206, ""dislike_PR_AUC"": 0.40056164017747053, ""dislike_only_log_loss"": 2.3292555416967344, ""log_loss"": 1.1121960513630267}",evaluation,68760615595020,3.1179119269841165,17.874695598554318,23880,35758389822564,0,0.0,3000
tail,large,v4_to_v5,fraction_0.25,0.5922757674796575,0.4231224986603927,0.4400118843572901,132874368222570,384681323471496,True,0.1691532688192648,0,420439713294060,measurement,"{""Brier"": 0.364590315211855, ""ROC_AUC"": 0.4400118843572901, ""dislike_PR_AUC"": 0.40890487494870087, ""dislike_only_log_loss"": 2.3302945557109562, ""log_loss"": 1.1110614005489594}",evaluation,132874368222570,9.98466409475256,34.54141392242966,23880,35758389822564,0,0.0,3000
tail,large,v4_to_v5,fraction_0.5,0.5922757674796575,0.4231224986603927,0.47365817479834915,247229368198290,384681323471496,True,0.1691532688192648,0,420439713294060,measurement,"{""Brier"": 0.36359980750094356, ""ROC_AUC"": 0.47365817479834915, ""dislike_PR_AUC"": 0.43501561690152524, ""dislike_only_log_loss"": 2.331603144174011, ""log_loss"": 1.1073564091121548}",evaluation,247229368198290,29.875672217692888,64.2686174538466,23880,35758389822564,0,0.0,3000
tail,large,v4_to_v5,reuse,0.5922757674796575,0.4231224986603927,0.4231224986603927,0,384681323471496,True,0.1691532688192648,0,420439713294060,reference,"{""Brier"": 0.3650596025038552, ""ROC_AUC"": 0.4231224986603927, ""dislike_PR_AUC"": 0.39698459823871346, ""dislike_only_log_loss"": 2.3288814220440868, ""log_loss"": 1.1127471254350005}",evaluation,0,0.0,0.0,23880,35758389822564,0,,3000
tail,large,v4_to_v5,full,0.5922757674796575,0.4231224986603927,0.5922757674796575,384681323471496,384681323471496,True,0.1691532688192648,0,420439713294060,reference,"{""Brier"": 0.3593248320676285, ""ROC_AUC"": 0.5922757674796575, ""dislike_PR_AUC"": 0.5541301169316705, ""dislike_only_log_loss"": 2.3184506524603123, ""log_loss"": 1.0887674634920141}",evaluation,420439713294060,100.0,100.0,23880,35758389822564,0,,3000
deviation,large,v4_to_v5,fraction_0.03125,0.5922757674796575,0.4231224986603927,0.4340872465835578,32521119159318,384681323471496,True,0.1691532688192648,0,420439713294060,measurement,"{""Brier"": 0.3649846240530718, ""ROC_AUC"": 0.4340872465835578, ""dislike_PR_AUC"": 0.4048563371459429, ""dislike_only_log_loss"": 2.333387791761879, ""log_loss"": 1.1128627443711627}",evaluation,17488381377660,6.482137767541816,8.45404161185583,23880,35758389822564,15032737781658,237795810.04850614,3000
deviation,large,v4_to_v5,fraction_0.0625,0.5922757674796575,0.4231224986603927,0.44347461133644905,49985824792950,384681323471496,True,0.1691532688192648,0,420439713294060,measurement,"{""Brier"": 0.3650420738248712, ""ROC_AUC"": 0.44347461133644905, ""dislike_PR_AUC"": 0.41205057165306425, ""dislike_only_log_loss"": 2.3391307659650313, ""log_loss"": 1.1137320102341406}",evaluation,34953087011292,12.031758427206027,12.994086726608092,23880,35758389822564,15032737781658,242910556.79360512,3000
deviation,large,v4_to_v5,fraction_0.125,0.5922757674796575,0.4231224986603927,0.46206183840254933,84926965315410,384681323471496,True,0.1691532688192648,0,420439713294060,measurement,"{""Brier"": 0.3648604633279651, ""ROC_AUC"": 0.46206183840254933, ""dislike_PR_AUC"": 0.4272038235196106, ""dislike_only_log_loss"": 2.345514712952454, ""log_loss"": 1.1136769142694434}",evaluation,69894227533752,23.020152086899458,22.077226039725552,23880,35758389822564,15032737781658,254610881.51835066,3000
deviation,large,v4_to_v5,fraction_0.25,0.5922757674796575,0.4231224986603927,0.49232175060947697,154799031034790,384681323471496,True,0.1691532688192648,0,420439713294060,measurement,"{""Brier"": 0.3640409744330662, ""ROC_AUC"": 0.49232175060947697, ""dislike_PR_AUC"": 0.4535020095649495, ""dislike_only_log_loss"": 2.3468583665110323, ""log_loss"": 1.1105321121581573}",evaluation,139766293253132,40.90920171517442,40.24084913658675,23880,35758389822564,15032737781658,280942638.2366834,3000
deviation,large,v4_to_v5,fraction_0.5,0.5922757674796575,0.4231224986603927,0.5359940737901838,294544732744758,384681323471496,True,0.1691532688192648,0,420439713294060,measurement,"{""Brier"": 0.36192729680540336, ""ROC_AUC"": 0.5359940737901838, ""dislike_PR_AUC"": 0.49543663133774984, ""dislike_only_log_loss"": 2.3344355252669775, ""log_loss"": 1.1008960853945575}",evaluation,279511994963100,66.7273981269561,76.56850353084091,23880,35758389822564,15032737781658,339477025.7322134,3000
deviation,large,v4_to_v5,reuse,0.5922757674796575,0.4231224986603927,0.4231224986603927,0,384681323471496,True,0.1691532688192648,0,420439713294060,reference,"{""Brier"": 0.3650596025038552, ""ROC_AUC"": 0.4231224986603927, ""dislike_PR_AUC"": 0.39698459823871346, ""dislike_only_log_loss"": 2.3288814220440868, ""log_loss"": 1.1127471254350005}",evaluation,0,0.0,0.0,23880,35758389822564,0,,3000
deviation,large,v4_to_v5,full,0.5922757674796575,0.4231224986603927,0.5922757674796575,384681323471496,384681323471496,True,0.1691532688192648,0,420439713294060,reference,"{""Brier"": 0.3593248320676285, ""ROC_AUC"": 0.5922757674796575, ""dislike_PR_AUC"": 0.5541301169316705, ""dislike_only_log_loss"": 2.3184506524603123, ""log_loss"": 1.0887674634920141}",evaluation,420439713294060,100.0,100.0,23880,35758389822564,0,,3000
query,large,v4_to_v5,fraction_0.03125,0.5922757674796575,0.4231224986603927,0.4485069499891767,17514913346640,384681323471496,True,0.1691532688192648,0,420439713294060,measurement,"{""Brier"": 0.36508211502637455, ""ROC_AUC"": 0.4485069499891767, ""dislike_PR_AUC"": 0.4153139230089831, ""dislike_only_log_loss"": 2.3414627342420675, ""log_loss"": 1.1139501740896083}",evaluation,17488381377660,15.00677551546846,4.553096882525885,23880,35758389822564,26531968980,237795810.04850614,3000
query,large,v4_to_v5,fraction_0.0625,0.5922757674796575,0.4231224986603927,0.4612918072810762,34979618980272,384681323471496,True,0.1691532688192648,0,420439713294060,measurement,"{""Brier"": 0.3652541995646985, ""ROC_AUC"": 0.4612918072810762, ""dislike_PR_AUC"": 0.4245696922669038, ""dislike_only_log_loss"": 2.349184945455571, ""log_loss"": 1.1152719843262542}",evaluation,34953087011292,22.564925222619426,9.093141997278147,23880,35758389822564,26531968980,242910556.79360512,3000
query,large,v4_to_v5,fraction_0.125,0.5922757674796575,0.4231224986603927,0.48265907615002185,69920759502732,384681323471496,True,0.1691532688192648,0,420439713294060,measurement,"{""Brier"": 0.36535024614618955, ""ROC_AUC"": 0.48265907615002185, ""dislike_PR_AUC"": 0.44117048399719533, ""dislike_only_log_loss"": 2.35955372193858, ""log_loss"": 1.1167103347706537}",evaluation,69894227533752,35.19682351113309,18.17628131039561,23880,35758389822564,26531968980,254610881.51835066,3000
query,large,v4_to_v5,fraction_0.25,0.5922757674796575,0.4231224986603927,0.5211508096196225,139792825222112,384681323471496,True,0.1691532688192648,0,420439713294060,measurement,"{""Brier"": 0.36468404506592533, ""ROC_AUC"": 0.5211508096196225, ""dislike_PR_AUC"": 0.47668666052758435, ""dislike_only_log_loss"": 2.3661786514548444, ""log_loss"": 1.1148221380115635}",evaluation,139766293253132,57.952359799780204,36.33990440725681,23880,35758389822564,26531968980,280942638.2366834,3000
query,large,v4_to_v5,fraction_0.5,0.5922757674796575,0.4231224986603927,0.5583852000894255,279538526932080,384681323471496,True,0.1691532688192648,0,420439713294060,measurement,"{""Brier"": 0.3626861496576029, ""ROC_AUC"": 0.5583852000894255, ""dislike_PR_AUC"": 0.5185082354474436, ""dislike_only_log_loss"": 2.354070629619205, ""log_loss"": 1.106022038548697}",evaluation,279511994963100,79.96458027279209,72.66755880151098,23880,35758389822564,26531968980,339477025.7322134,3000
query,large,v4_to_v5,reuse,0.5922757674796575,0.4231224986603927,0.4231224986603927,0,384681323471496,True,0.1691532688192648,0,420439713294060,reference,"{""Brier"": 0.3650596025038552, ""ROC_AUC"": 0.4231224986603927, ""dislike_PR_AUC"": 0.39698459823871346, ""dislike_only_log_loss"": 2.3288814220440868, ""log_loss"": 1.1127471254350005}",evaluation,0,0.0,0.0,23880,35758389822564,0,,3000
query,large,v4_to_v5,full,0.5922757674796575,0.4231224986603927,0.5922757674796575,384681323471496,384681323471496,True,0.1691532688192648,0,420439713294060,reference,"{""Brier"": 0.3593248320676285, ""ROC_AUC"": 0.5922757674796575, ""dislike_PR_AUC"": 0.5541301169316705, ""dislike_only_log_loss"": 2.3184506524603123, ""log_loss"": 1.0887674634920141}",evaluation,420439713294060,100.0,100.0,23880,35758389822564,0,,3000
layer,max,v0_to_v1,layers_1,0.6289861407888325,0.6200819485824905,0.6211268004057034,117447760726972,642010653515120,True,0.008904192206341977,69431347568844,687575716503120,measurement,"{""Brier"": 0.623352268874072, ""ROC_AUC"": 0.6211268004057034, ""dislike_PR_AUC"": 0.8246313215467914, ""dislike_only_log_loss"": 2.443072542833527, ""log_loss"": 1.8802292388956716}",evaluation,48016413158128,11.734380828714686,18.29374015585646,24626,45565062988000,0,0.0,3000
layer,max,v0_to_v1,layers_2,0.6289861407888325,0.6200819485824905,0.6211361843784751,160083012329164,642010653515120,True,0.008904192206341977,69431347568844,687575716503120,measurement,"{""Brier"": 0.6232998070800092, ""ROC_AUC"": 0.6211361843784751, ""dislike_PR_AUC"": 0.8246356424040733, ""dislike_only_log_loss"": 2.442590210055966, ""log_loss"": 1.879871502004134}",evaluation,90651664760320,11.839769083529438,24.93463487758056,24626,45565062988000,0,0.0,3000
layer,max,v0_to_v1,layers_4,0.6289861407888325,0.6200819485824905,0.6164785801791455,245353515533548,642010653515120,True,0.008904192206341977,69431347568844,687575716503120,measurement,"{""Brier"": 0.6136186692288406, ""ROC_AUC"": 0.6164785801791455, ""dislike_PR_AUC"": 0.8227288392240127, ""dislike_only_log_loss"": 2.3638664456985805, ""log_loss"": 1.8218117327849812}",evaluation,175922167964704,-40.46822350463852,38.21642432102876,24626,45565062988000,0,0.0,3000
layer,max,v0_to_v1,layers_8,0.6289861407888325,0.6200819485824905,0.6172861100604057,415894521942316,642010653515120,True,0.008904192206341977,69431347568844,687575716503120,measurement,"{""Brier"": 0.6117800635921309, ""ROC_AUC"": 0.6172861100604057, ""dislike_PR_AUC"": 0.8242220547873332, ""dislike_only_log_loss"": 2.353613222579944, ""log_loss"": 1.8141891927354863}",evaluation,346463174373472,-31.399125909406415,64.78000320792516,24626,45565062988000,0,0.0,3000
layer,max,v0_to_v1,layers_12,0.6289861407888325,0.6200819485824905,0.631227843920719,586435528351084,642010653515120,True,0.008904192206341977,69431347568844,687575716503120,measurement,"{""Brier"": 0.6067303835779321, ""ROC_AUC"": 0.631227843920719, ""dislike_PR_AUC"": 0.8339994670873936, ""dislike_only_log_loss"": 2.32833490333493, ""log_loss"": 1.7948992618444906}",evaluation,517004180782240,125.17581696282102,91.34358209482156,24626,45565062988000,0,0.0,3000
layer,max,v0_to_v1,reuse,0.6289861407888325,0.6200819485824905,0.6200819485824905,0,642010653515120,True,0.008904192206341977,0,687575716503120,reference,"{""Brier"": 0.6352510917970428, ""ROC_AUC"": 0.6200819485824905, ""dislike_PR_AUC"": 0.8224099992136379, ""dislike_only_log_loss"": 2.5374690772076023, ""log_loss"": 1.950273472388751}",evaluation,0,0.0,0.0,24626,45565062988000,0,,3000
layer,max,v0_to_v1,full,0.6289861407888325,0.6200819485824905,0.6289861407888325,642010653515120,642010653515120,True,0.008904192206341977,0,687575716503120,reference,"{""Brier"": 0.5986051086363093, ""ROC_AUC"": 0.6289861407888325, ""dislike_PR_AUC"": 0.8329654309319303, ""dislike_only_log_loss"": 2.268004732898984, ""log_loss"": 1.750501553617459}",evaluation,687575716503120,100.0,100.0,24626,45565062988000,0,,3000
tail,max,v0_to_v1,fraction_0.03125,0.6289861407888325,0.6200819485824905,0.620043881779985,28140978484530,642010653515120,True,0.008904192206341977,0,687575716503120,measurement,"{""Brier"": 0.6352271452266478, ""ROC_AUC"": 0.620043881779985, ""dislike_PR_AUC"": 0.8224146443087389, ""dislike_only_log_loss"": 2.537285576941276, ""log_loss"": 1.9501377351677427}",evaluation,28140978484530,-0.42751550756504136,4.383257245102281,24626,45565062988000,0,0.0,3000
tail,max,v0_to_v1,fraction_0.0625,0.6289861407888325,0.6200819485824905,0.6201630555115625,56227123557708,642010653515120,True,0.008904192206341977,0,687575716503120,measurement,"{""Brier"": 0.6351388978677077, ""ROC_AUC"": 0.6201630555115625, ""dislike_PR_AUC"": 0.822478165784669, ""dislike_only_log_loss"": 2.5365321746615646, ""log_loss"": 1.9495739638408462}",evaluation,56227123557708,0.9108847517258204,8.757973602128674,24626,45565062988000,0,0.0,3000
tail,max,v0_to_v1,fraction_0.125,0.6289861407888325,0.6200819485824905,0.6203269392449385,110641159006344,642010653515120,True,0.008904192206341977,0,687575716503120,measurement,"{""Brier"": 0.6347397260076264, ""ROC_AUC"": 0.6203269392449385, ""dislike_PR_AUC"": 0.8227611589501196, ""dislike_only_log_loss"": 2.533362854910523, ""log_loss"": 1.94720817718536}",evaluation,110641159006344,2.751408064546183,17.23353941255716,24626,45565062988000,0,0.0,3000
tail,max,v0_to_v1,fraction_0.25,0.6289861407888325,0.6200819485824905,0.6211888625892615,214189833322230,642010653515120,True,0.008904192206341977,0,687575716503120,measurement,"{""Brier"": 0.6331664860691091, ""ROC_AUC"": 0.6211888625892615, ""dislike_PR_AUC"": 0.8238971304719674, ""dislike_only_log_loss"": 2.5209722228811606, ""log_loss"": 1.9379600075086976}",evaluation,214189833322230,12.431380423061755,33.362348763140204,24626,45565062988000,0,0.0,3000
tail,max,v0_to_v1,fraction_0.5,0.6289861407888325,0.6200819485824905,0.6239400410242968,400156575127716,642010653515120,True,0.008904192206341977,0,687575716503120,measurement,"{""Brier"": 0.6270658408053973, ""ROC_AUC"": 0.6239400410242968, ""dislike_PR_AUC"": 0.8272563785028296, ""dislike_only_log_loss"": 2.4739799604307775, ""log_loss"": 1.9029517209668105}",evaluation,400156575127716,43.328943854764574,62.32865030148474,24626,45565062988000,0,0.0,3000
tail,max,v0_to_v1,reuse,0.6289861407888325,0.6200819485824905,0.6200819485824905,0,642010653515120,True,0.008904192206341977,0,687575716503120,reference,"{""Brier"": 0.6352510917970428, ""ROC_AUC"": 0.6200819485824905, ""dislike_PR_AUC"": 0.8224099992136379, ""dislike_only_log_loss"": 2.5374690772076023, ""log_loss"": 1.950273472388751}",evaluation,0,0.0,0.0,24626,45565062988000,0,,3000
tail,max,v0_to_v1,full,0.6289861407888325,0.6200819485824905,0.6289861407888325,642010653515120,642010653515120,True,0.008904192206341977,0,687575716503120,reference,"{""Brier"": 0.5986051086363093, ""ROC_AUC"": 0.6289861407888325, ""dislike_PR_AUC"": 0.8329654309319303, ""dislike_only_log_loss"": 2.268004732898984, ""log_loss"": 1.750501553617459}",evaluation,687575716503120,100.0,100.0,24626,45565062988000,0,,3000
deviation,max,v0_to_v1,fraction_0.03125,0.6289861407888325,0.6200819485824905,0.6194020371007616,43374489537064,642010653515120,True,0.008904192206341977,0,687575716503120,measurement,"{""Brier"": 0.62689805716117, ""ROC_AUC"": 0.6194020371007616, ""dislike_PR_AUC"": 0.8222489417393899, ""dislike_only_log_loss"": 2.4674607203198264, ""log_loss"": 1.8983825971327573}",evaluation,28132383982768,-7.63585809889305,6.7560389067659745,24626,45565062988000,15242105554296,240642843.84874767,3000
deviation,max,v0_to_v1,fraction_0.0625,0.6289861407888325,0.6200819485824905,0.6188528750346238,71452061447224,642010653515120,True,0.008904192206341977,0,687575716503120,measurement,"{""Brier"": 0.6231209589298401, ""ROC_AUC"": 0.6188528750346238, ""dislike_PR_AUC"": 0.8219654036592903, ""dislike_only_log_loss"": 2.4374629899039304, ""log_loss"": 1.8762017120086085}",evaluation,56209955892928,-13.803313308885206,11.12941990230404,24626,45565062988000,15242105554296,245815985.68958747,3000
deviation,max,v0_to_v1,fraction_0.125,0.6289861407888325,0.6200819485824905,0.6180783025006754,127609636972184,642010653515120,True,0.008904192206341977,0,687575716503120,measurement,"{""Brier"": 0.61746616044289, ""ROC_AUC"": 0.6180783025006754, ""dislike_PR_AUC"": 0.8223774027019348, ""dislike_only_log_loss"": 2.394218009708215, ""log_loss"": 1.8442204729875304}",evaluation,112367531417888,-22.50227797630027,19.876560657288014,24626,45565062988000,15242105554296,257649250.66085908,3000
deviation,max,v0_to_v1,fraction_0.25,0.6289861407888325,0.6200819485824905,0.6192977969544797,239927453332424,642010653515120,True,0.008904192206341977,0,687575716503120,measurement,"{""Brier"": 0.6095384149064786, ""ROC_AUC"": 0.6192977969544797, ""dislike_PR_AUC"": 0.8246108233531803, ""dislike_only_log_loss"": 2.336014207242783, ""log_loss"": 1.8011360127205813}",evaluation,224685347778128,-8.806544264086211,37.37125731773756,24626,45565062988000,15242105554296,284291192.1531412,3000
deviation,max,v0_to_v1,fraction_0.5,0.6289861407888325,0.6200819485824905,0.6251933050745067,464560730607224,642010653515120,True,0.008904192206341977,0,687575716503120,measurement,"{""Brier"": 0.6020743862721645, ""ROC_AUC"": 0.6251933050745067, ""dislike_PR_AUC"": 0.8292098600782976, ""dislike_only_log_loss"": 2.2878742068317797, ""log_loss"": 1.7653610408536158}",evaluation,449318625052928,57.40393259228571,72.36028375287438,24626,45565062988000,15242105554296,343525844.5090841,3000
deviation,max,v0_to_v1,reuse,0.6289861407888325,0.6200819485824905,0.6200819485824905,0,642010653515120,True,0.008904192206341977,0,687575716503120,reference,"{""Brier"": 0.6352510917970428, ""ROC_AUC"": 0.6200819485824905, ""dislike_PR_AUC"": 0.8224099992136379, ""dislike_only_log_loss"": 2.5374690772076023, ""log_loss"": 1.950273472388751}",evaluation,0,0.0,0.0,24626,45565062988000,0,,3000
deviation,max,v0_to_v1,full,0.6289861407888325,0.6200819485824905,0.6289861407888325,642010653515120,642010653515120,True,0.008904192206341977,0,687575716503120,reference,"{""Brier"": 0.5986051086363093, ""ROC_AUC"": 0.6289861407888325, ""dislike_PR_AUC"": 0.8329654309319303, ""dislike_only_log_loss"": 2.268004732898984, ""log_loss"": 1.750501553617459}",evaluation,687575716503120,100.0,100.0,24626,45565062988000,0,,3000
query,max,v0_to_v1,fraction_0.03125,0.6289861407888325,0.6200819485824905,0.617767324540333,28159464241476,642010653515120,True,0.008904192206341977,0,687575716503120,measurement,"{""Brier"": 0.6328574226659083, ""ROC_AUC"": 0.617767324540333, ""dislike_PR_AUC"": 0.8216830385371912, ""dislike_only_log_loss"": 2.5186579442586456, ""log_loss"": 1.9363925579408736}",evaluation,28132383982768,-25.994767279495164,4.386136598714995,24626,45565062988000,27080258708,240642843.84874767,3000
query,max,v0_to_v1,fraction_0.0625,0.6289861407888325,0.6200819485824905,0.6159557504118444,56237036151636,642010653515120,True,0.008904192206341977,0,687575716503120,measurement,"{""Brier"": 0.629549449749863, ""ROC_AUC"": 0.6159557504118444, ""dislike_PR_AUC"": 0.821499066454364, ""dislike_only_log_loss"": 2.493203410998191, ""log_loss"": 1.9175712561450287}",evaluation,56209955892928,-46.339949487021634,8.759517594253062,24626,45565062988000,27080258708,245815985.68958747,3000
query,max,v0_to_v1,fraction_0.125,0.6289861407888325,0.6200819485824905,0.6162074704899695,112394611676596,642010653515120,True,0.008904192206341977,0,687575716503120,measurement,"{""Brier"": 0.623879918031781, ""ROC_AUC"": 0.6162074704899695, ""dislike_PR_AUC"": 0.8231041170897015, ""dislike_only_log_loss"": 2.4513407798447884, ""log_loss"": 1.8865193284065709}",evaluation,112367531417888,-43.512965609182146,17.506658349237036,24626,45565062988000,27080258708,257649250.66085908,3000
query,max,v0_to_v1,fraction_0.25,0.6289861407888325,0.6200819485824905,0.6217069277669058,224712428036836,642010653515120,True,0.008904192206341977,0,687575716503120,measurement,"{""Brier"": 0.6162156278758746, ""ROC_AUC"": 0.6217069277669058, ""dislike_PR_AUC"": 0.8264588621838631, ""dislike_only_log_loss"": 2.3973481478704897, ""log_loss"": 1.846379474921054}",evaluation,224685347778128,18.249596895021,35.00135500968658,24626,45565062988000,27080258708,284291192.1531412,3000
query,max,v0_to_v1,fraction_0.5,0.6289861407888325,0.6200819485824905,0.6211552699633289,449345705311636,642010653515120,True,0.008904192206341977,0,687575716503120,measurement,"{""Brier"": 0.6067852141806612, ""ROC_AUC"": 0.6211552699633289, ""dislike_PR_AUC"": 0.8272056972731952, ""dislike_only_log_loss"": 2.328382667172528, ""log_loss"": 1.7954446773620103}",evaluation,449318625052928,12.05411289385586,69.9903814448234,24626,45565062988000,27080258708,343525844.5090841,3000
query,max,v0_to_v1,reuse,0.6289861407888325,0.6200819485824905,0.6200819485824905,0,642010653515120,True,0.008904192206341977,0,687575716503120,reference,"{""Brier"": 0.6352510917970428, ""ROC_AUC"": 0.6200819485824905, ""dislike_PR_AUC"": 0.8224099992136379, ""dislike_only_log_loss"": 2.5374690772076023, ""log_loss"": 1.950273472388751}",evaluation,0,0.0,0.0,24626,45565062988000,0,,3000
query,max,v0_to_v1,full,0.6289861407888325,0.6200819485824905,0.6289861407888325,642010653515120,642010653515120,True,0.008904192206341977,0,687575716503120,reference,"{""Brier"": 0.5986051086363093, ""ROC_AUC"": 0.6289861407888325, ""dislike_PR_AUC"": 0.8329654309319303, ""dislike_only_log_loss"": 2.268004732898984, ""log_loss"": 1.750501553617459}",evaluation,687575716503120,100.0,100.0,24626,45565062988000,0,,3000
layer,max,v1_to_v2,layers_1,0.5849459661385288,0.5203521847560443,0.5315991209054653,118295628352056,683413599571592,True,0.0645937813824845,66895630614592,735280200657912,measurement,"{""Brier"": 0.5496279817351555, ""ROC_AUC"": 0.5315991209054653, ""dislike_PR_AUC"": 0.6616014765273953, ""dislike_only_log_loss"": 2.6414252695816662, ""log_loss"": 1.735792254134088}",evaluation,51399997737464,17.411793997356583,17.309522143868865,26163,51866601086320,0,0.0,3000
layer,max,v1_to_v2,layers_2,0.5849459661385288,0.5203521847560443,0.531673520376056,163885444326624,683413599571592,True,0.0645937813824845,66895630614592,735280200657912,measurement,"{""Brier"": 0.5496102215789023, ""ROC_AUC"": 0.531673520376056, ""dislike_PR_AUC"": 0.6616723711337106, ""dislike_only_log_loss"": 2.6412302396002474, ""log_loss"": 1.7356669042199533}",evaluation,96989813712032,17.526974544149592,23.980418948255938,26163,51866601086320,0,0.0,3000
layer,max,v1_to_v2,layers_4,0.5849459661385288,0.5203521847560443,0.5462505899915077,255065076275760,683413599571592,True,0.0645937813824845,66895630614592,735280200657912,measurement,"{""Brier"": 0.5450826756566384, ""ROC_AUC"": 0.5462505899915077, ""dislike_PR_AUC"": 0.6733045889549154, ""dislike_only_log_loss"": 2.589980286750296, ""log_loss"": 1.7031698240298332}",evaluation,188169445661168,40.094270193146016,37.322212557030085,26163,51866601086320,0,0.0,3000
layer,max,v1_to_v2,layers_8,0.5849459661385288,0.5203521847560443,0.5496056681099933,437424340174032,683413599571592,True,0.0645937813824845,66895630614592,735280200657912,measurement,"{""Brier"": 0.544845180014814, ""ROC_AUC"": 0.5496056681099933, ""dislike_PR_AUC"": 0.6832727771629453, ""dislike_only_log_loss"": 2.5883236420934534, ""log_loss"": 1.7014779474930346}",evaluation,370528709559440,45.28838957534935,64.00579977457838,26163,51866601086320,0,0.0,3000
layer,max,v1_to_v2,layers_12,0.5849459661385288,0.5203521847560443,0.5685335125719068,619783604072304,683413599571592,True,0.0645937813824845,66895630614592,735280200657912,measurement,"{""Brier"": 0.5413740586133559, ""ROC_AUC"": 0.5685335125719068, ""dislike_PR_AUC"": 0.7009885015869515, ""dislike_only_log_loss"": 2.554135980069715, ""log_loss"": 1.6792528133167481}",evaluation,552887973457712,74.5912791984764,90.68938699212667,26163,51866601086320,0,0.0,3000
layer,max,v1_to_v2,reuse,0.5849459661385288,0.5203521847560443,0.5203521847560443,0,683413599571592,True,0.0645937813824845,0,735280200657912,reference,"{""Brier"": 0.5537169012046722, ""ROC_AUC"": 0.5203521847560443, ""dislike_PR_AUC"": 0.6463444315716848, ""dislike_only_log_loss"": 2.6801691212178103, ""log_loss"": 1.7605451144902196}",evaluation,0,0.0,0.0,26163,51866601086320,0,,3000
layer,max,v1_to_v2,full,0.5849459661385288,0.5203521847560443,0.5849459661385288,683413599571592,683413599571592,True,0.0645937813824845,0,735280200657912,reference,"{""Brier"": 0.538680744928913, ""ROC_AUC"": 0.5849459661385288, ""dislike_PR_AUC"": 0.712464579126851, ""dislike_only_log_loss"": 2.526014862313349, ""log_loss"": 1.661099475149484}",evaluation,735280200657912,100.0,100.0,26163,51866601086320,0,,3000
tail,max,v1_to_v2,fraction_0.03125,0.5849459661385288,0.5203521847560443,0.5206355084699682,30541493860110,683413599571592,True,0.0645937813824845,0,735280200657912,measurement,"{""Brier"": 0.5537061009670349, ""ROC_AUC"": 0.5206355084699682, ""dislike_PR_AUC"": 0.6465402905547734, ""dislike_only_log_loss"": 2.680080299098279, ""log_loss"": 1.76047694724361}",evaluation,30541493860110,0.4386238239347745,4.468961969626503,26163,51866601086320,0,0.0,3000
tail,max,v1_to_v2,fraction_0.0625,0.5849459661385288,0.5203521847560443,0.5209066953070125,61052703180414,683413599571592,True,0.0645937813824845,0,735280200657912,measurement,"{""Brier"": 0.55367852790513, ""ROC_AUC"": 0.5209066953070125, ""dislike_PR_AUC"": 0.646822601890306, ""dislike_only_log_loss"": 2.6798307516054516, ""log_loss"": 1.7603044956496046}",evaluation,61052703180414,0.8584581040158561,8.93349257589925,26163,51866601086320,0,0.0,3000
tail,max,v1_to_v2,fraction_0.125,0.5849459661385288,0.5203521847560443,0.5222794466862045,120063491762064,683413599571592,True,0.0645937813824845,0,735280200657912,measurement,"{""Brier"": 0.5535618201549432, ""ROC_AUC"": 0.5222794466862045, ""dislike_PR_AUC"": 0.6481348775246503, ""dislike_only_log_loss"": 2.6787685640005807, ""log_loss"": 1.7595598982607739}",evaluation,120063491762064,2.9836648186737738,17.56820347697611,26163,51866601086320,0,0.0,3000
tail,max,v1_to_v2,fraction_0.25,0.5849459661385288,0.5203521847560443,0.5269560323025582,232058232237168,683413599571592,True,0.0645937813824845,0,735280200657912,measurement,"{""Brier"": 0.5530006990332852, ""ROC_AUC"": 0.5269560323025582, ""dislike_PR_AUC"": 0.6528925241053194, ""dislike_only_log_loss"": 2.673293574967949, ""log_loss"": 1.755852020529055}",evaluation,232058232237168,10.223658385023128,33.955752765622044,26163,51866601086320,0,0.0,3000
tail,max,v1_to_v2,fraction_0.5,0.5849459661385288,0.5203521847560443,0.5394536833584346,431941997657460,683413599571592,True,0.0645937813824845,0,735280200657912,measurement,"{""Brier"": 0.550920438724346, ""ROC_AUC"": 0.5394536833584346, ""dislike_PR_AUC"": 0.6666337036733835, ""dislike_only_log_loss"": 2.652686909728256, ""log_loss"": 1.7422272261447076}",evaluation,431941997657460,29.57172996156242,63.203599976387544,26163,51866601086320,0,0.0,3000
tail,max,v1_to_v2,reuse,0.5849459661385288,0.5203521847560443,0.5203521847560443,0,683413599571592,True,0.0645937813824845,0,735280200657912,reference,"{""Brier"": 0.5537169012046722, ""ROC_AUC"": 0.5203521847560443, ""dislike_PR_AUC"": 0.6463444315716848, ""dislike_only_log_loss"": 2.6801691212178103, ""log_loss"": 1.7605451144902196}",evaluation,0,0.0,0.0,26163,51866601086320,0,,3000
tail,max,v1_to_v2,full,0.5849459661385288,0.5203521847560443,0.5849459661385288,683413599571592,683413599571592,True,0.0645937813824845,0,735280200657912,reference,"{""Brier"": 0.538680744928913, ""ROC_AUC"": 0.5849459661385288, ""dislike_PR_AUC"": 0.712464579126851, ""dislike_only_log_loss"": 2.526014862313349, ""log_loss"": 1.661099475149484}",evaluation,735280200657912,100.0,100.0,26163,51866601086320,0,,3000
deviation,max,v1_to_v2,fraction_0.03125,0.5849459661385288,0.5203521847560443,0.5230097614482313,46989525399441,683413599571592,True,0.0645937813824845,0,735280200657912,measurement,"{""Brier"": 0.5507607034644195, ""ROC_AUC"": 0.5230097614482313, ""dislike_PR_AUC"": 0.6509531379288489, ""dislike_only_log_loss"": 2.6478299803486918, ""log_loss"": 1.7403433910075146}",evaluation,30532223466306,4.114291864181934,6.875708272252276,26163,51866601086320,16457301933135,260330915.06256616,3000
deviation,max,v1_to_v2,fraction_0.0625,0.5849459661385288,0.5203521847560443,0.524307953619048,77491476654481,683413599571592,True,0.0645937813824845,0,735280200657912,measurement,"{""Brier"": 0.5498511826384427, ""ROC_AUC"": 0.524307953619048, ""dislike_PR_AUC"": 0.6526221934107613, ""dislike_only_log_loss"": 2.638077556034074, ""log_loss"": 1.7342370084025236}",evaluation,61034174721346,6.124070736128806,11.338884198830355,26163,51866601086320,16457301933135,265931830.6711184,3000
deviation,max,v1_to_v2,fraction_0.125,0.5849459661385288,0.5203521847560443,0.5279078810086406,138492714152801,683413599571592,True,0.0645937813824845,0,735280200657912,measurement,"{""Brier"": 0.548771055009359, ""ROC_AUC"": 0.5279078810086406, ""dislike_PR_AUC"": 0.6572069542624315, ""dislike_only_log_loss"": 2.6273392532676274, ""log_loss"": 1.7273137207064866}",evaluation,122035412219666,11.697250247444353,20.264846096070844,26163,51866601086320,16457301933135,278738996.33040035,3000
deviation,max,v1_to_v2,fraction_0.25,0.5849459661385288,0.5203521847560443,0.5374010624096164,260495245079521,683413599571592,True,0.0645937813824845,0,735280200657912,measurement,"{""Brier"": 0.5476298432899182, ""ROC_AUC"": 0.5374010624096164, ""dislike_PR_AUC"": 0.6685424433192114, ""dislike_only_log_loss"": 2.617545127256877, ""log_loss"": 1.7205207513200282}",evaluation,244037943146386,26.39399225231787,38.11677807448027,26163,51866601086320,16457301933135,307566056.33358663,3000
deviation,max,v1_to_v2,fraction_0.5,0.5849459661385288,0.5203521847560443,0.5565606608390489,504502160101761,683413599571592,True,0.0645937813824845,0,735280200657912,measurement,"{""Brier"": 0.5458795066357881, ""ROC_AUC"": 0.5565606608390489, ""dislike_PR_AUC"": 0.6885387002413431, ""dislike_only_log_loss"": 2.6025676156455595, ""log_loss"": 1.7099674116239698}",evaluation,488044858168626,56.05566868519486,73.82091319488164,26163,51866601086320,16457301933135,371647452.36586183,3000
deviation,max,v1_to_v2,reuse,0.5849459661385288,0.5203521847560443,0.5203521847560443,0,683413599571592,True,0.0645937813824845,0,735280200657912,reference,"{""Brier"": 0.5537169012046722, ""ROC_AUC"": 0.5203521847560443, ""dislike_PR_AUC"": 0.6463444315716848, ""dislike_only_log_loss"": 2.6801691212178103, ""log_loss"": 1.7605451144902196}",evaluation,0,0.0,0.0,26163,51866601086320,0,,3000
deviation,max,v1_to_v2,full,0.5849459661385288,0.5203521847560443,0.5849459661385288,683413599571592,683413599571592,True,0.0645937813824845,0,735280200657912,reference,"{""Brier"": 0.538680744928913, ""ROC_AUC"": 0.5849459661385288, ""dislike_PR_AUC"": 0.712464579126851, ""dislike_only_log_loss"": 2.526014862313349, ""log_loss"": 1.661099475149484}",evaluation,735280200657912,100.0,100.0,26163,51866601086320,0,,3000
query,max,v1_to_v2,fraction_0.03125,0.5849459661385288,0.5203521847560443,0.5291697551967334,30561277944092,683413599571592,True,0.0645937813824845,0,735280200657912,measurement,"{""Brier"": 0.5512841782955245, ""ROC_AUC"": 0.5291697551967334, ""dislike_PR_AUC"": 0.6550570995510661, ""dislike_only_log_loss"": 2.6543451353541583, ""log_loss"": 1.7440405537601549}",evaluation,30532223466306,13.650803919462282,4.471856861386691,26163,51866601086320,29054477786,260330915.06256616,3000
query,max,v1_to_v2,fraction_0.0625,0.5849459661385288,0.5203521847560443,0.5354254190992335,61063229199132,683413599571592,True,0.0645937813824845,0,735280200657912,measurement,"{""Brier"": 0.5500160943532159, ""ROC_AUC"": 0.5354254190992335, ""dislike_PR_AUC"": 0.6602969326576255, ""dislike_only_log_loss"": 2.641000975687764, ""log_loss"": 1.7354491238852814}",evaluation,61034174721346,23.335426445983707,8.935032787964769,26163,51866601086320,29054477786,265931830.6711184,3000
query,max,v1_to_v2,fraction_0.125,0.5849459661385288,0.5203521847560443,0.5436077922391589,122064466697452,683413599571592,True,0.0645937813824845,0,735280200657912,measurement,"{""Brier"": 0.5489898077761427, ""ROC_AUC"": 0.5436077922391589, ""dislike_PR_AUC"": 0.6673798408208709, ""dislike_only_log_loss"": 2.6310349292931665, ""log_loss"": 1.728807667794891}",evaluation,122035412219666,36.00285814730254,17.86099468520526,26163,51866601086320,29054477786,278738996.33040035,3000
query,max,v1_to_v2,fraction_0.25,0.5849459661385288,0.5203521847560443,0.5552429103738765,244066997624172,683413599571592,True,0.0645937813824845,0,735280200657912,measurement,"{""Brier"": 0.5478844954666102, ""ROC_AUC"": 0.5552429103738765, ""dislike_PR_AUC"": 0.6784611307419824, ""dislike_only_log_loss"": 2.6223881103208035, ""log_loss"": 1.7227684320739174}",evaluation,244037943146386,54.01561090104154,35.71292666361469,26163,51866601086320,29054477786,307566056.33358663,3000
query,max,v1_to_v2,fraction_0.5,0.5849459661385288,0.5203521847560443,0.5677640844159242,488073912646412,683413599571592,True,0.0645937813824845,0,735280200657912,measurement,"{""Brier"": 0.5454381987649383, ""ROC_AUC"": 0.5677640844159242, ""dislike_PR_AUC"": 0.6920988644076242, ""dislike_only_log_loss"": 2.5991835059230928, ""log_loss"": 1.707576743587043}",evaluation,488044858168626,73.40009927447333,71.41706178401607,26163,51866601086320,29054477786,371647452.36586183,3000
query,max,v1_to_v2,reuse,0.5849459661385288,0.5203521847560443,0.5203521847560443,0,683413599571592,True,0.0645937813824845,0,735280200657912,reference,"{""Brier"": 0.5537169012046722, ""ROC_AUC"": 0.5203521847560443, ""dislike_PR_AUC"": 0.6463444315716848, ""dislike_only_log_loss"": 2.6801691212178103, ""log_loss"": 1.7605451144902196}",evaluation,0,0.0,0.0,26163,51866601086320,0,,3000
query,max,v1_to_v2,full,0.5849459661385288,0.5203521847560443,0.5849459661385288,683413599571592,683413599571592,True,0.0645937813824845,0,735280200657912,reference,"{""Brier"": 0.538680744928913, ""ROC_AUC"": 0.5849459661385288, ""dislike_PR_AUC"": 0.712464579126851, ""dislike_only_log_loss"": 2.526014862313349, ""log_loss"": 1.661099475149484}",evaluation,735280200657912,100.0,100.0,26163,51866601086320,0,,3000
layer,max,v2_to_v3,layers_1,0.6780067094713722,0.508056789621162,0.5222931835263158,119745881324186,636546917153350,True,0.16994991985021024,70930203855436,697479595693638,measurement,"{""Brier"": 0.5162619314219973, ""ROC_AUC"": 0.5222931835263158, ""dislike_PR_AUC"": 0.6358150284273786, ""dislike_only_log_loss"": 2.489845489356036, ""log_loss"": 1.593921483785059}",evaluation,48815677468750,8.376817075113344,18.811791887971413,25140,60932678540288,0,0.0,3000
layer,max,v2_to_v3,layers_2,0.6780067094713722,0.508056789621162,0.52231640791324,162988034495384,636546917153350,True,0.16994991985021024,70930203855436,697479595693638,measurement,"{""Brier"": 0.5162646651275732, ""ROC_AUC"": 0.52231640791324, ""dislike_PR_AUC"": 0.6358430625361495, ""dislike_only_log_loss"": 2.489880351416508, ""log_loss"": 1.5939382156783415}",evaluation,92057830639948,8.390482504873251,25.605030847414927,25140,60932678540288,0,0.0,3000
layer,max,v2_to_v3,layers_4,0.6780067094713722,0.508056789621162,0.5319117726604732,249472340837780,636546917153350,True,0.16994991985021024,70930203855436,697479595693638,measurement,"{""Brier"": 0.5139173346849725, ""ROC_AUC"": 0.5319117726604732, ""dislike_PR_AUC"": 0.6450791647897527, ""dislike_only_log_loss"": 2.465142883736289, ""log_loss"": 1.5783641158886055}",evaluation,178542136982344,14.036477957939859,39.19150876630195,25140,60932678540288,0,0.0,3000
layer,max,v2_to_v3,layers_8,0.6780067094713722,0.508056789621162,0.5585592316789495,422440953522572,636546917153350,True,0.16994991985021024,70930203855436,697479595693638,measurement,"{""Brier"": 0.5142313181561239, ""ROC_AUC"": 0.5585592316789495, ""dislike_PR_AUC"": 0.6785151778538374, ""dislike_only_log_loss"": 2.474050841266839, ""log_loss"": 1.5805872364852442}",evaluation,351510749667136,29.71607288917769,66.364464604076,25140,60932678540288,0,0.0,3000
layer,max,v2_to_v3,layers_12,0.6780067094713722,0.508056789621162,0.614242463976748,595409566207364,636546917153350,True,0.16994991985021024,70930203855436,697479595693638,measurement,"{""Brier"": 0.5136034085515353, ""ROC_AUC"": 0.614242463976748, ""dislike_PR_AUC"": 0.7261195598090053, ""dislike_only_log_loss"": 2.4737511685753897, ""log_loss"": 1.576597340795121}",evaluation,524479362351928,62.48056748080582,93.53742044185006,25140,60932678540288,0,0.0,3000
layer,max,v2_to_v3,reuse,0.6780067094713722,0.508056789621162,0.508056789621162,0,636546917153350,True,0.16994991985021024,0,697479595693638,reference,"{""Brier"": 0.5151469555180406, ""ROC_AUC"": 0.508056789621162, ""dislike_PR_AUC"": 0.6160830029471513, ""dislike_only_log_loss"": 2.4761166793246234, ""log_loss"": 1.588442209038748}",evaluation,0,0.0,0.0,25140,60932678540288,0,,3000
layer,max,v2_to_v3,full,0.6780067094713722,0.508056789621162,0.6780067094713722,636546917153350,636546917153350,True,0.16994991985021024,0,697479595693638,reference,"{""Brier"": 0.5112363904372499, ""ROC_AUC"": 0.6780067094713722, ""dislike_PR_AUC"": 0.7707462954860597, ""dislike_only_log_loss"": 2.4530672538004983, ""log_loss"": 1.560793080322418}",evaluation,697479595693638,100.0,100.0,25140,60932678540288,0,,3000
tail,max,v2_to_v3,fraction_0.03125,0.6780067094713722,0.508056789621162,0.5080994981885113,29327633525268,636546917153350,True,0.16994991985021024,0,697479595693638,measurement,"{""Brier"": 0.5151692426113798, ""ROC_AUC"": 0.5080994981885113, ""dislike_PR_AUC"": 0.6161690826974715, ""dislike_only_log_loss"": 2.4764322630383506, ""log_loss"": 1.5886171966064937}",evaluation,29327633525268,0.02513008972700834,4.607301164291509,25140,60932678540288,0,0.0,3000
tail,max,v2_to_v3,fraction_0.0625,0.6780067094713722,0.508056789621162,0.5084339732435079,58631590133964,636546917153350,True,0.16994991985021024,0,697479595693638,measurement,"{""Brier"": 0.5151845364643394, ""ROC_AUC"": 0.5084339732435079, ""dislike_PR_AUC"": 0.616551950904083, ""dislike_only_log_loss"": 2.4767385491471807, ""log_loss"": 1.5887449251202914}",evaluation,58631590133964,0.22193809957568456,9.21088274155275,25140,60932678540288,0,0.0,3000
tail,max,v2_to_v3,fraction_0.125,0.6780067094713722,0.508056789621162,0.5098143693656726,115237703722752,636546917153350,True,0.16994991985021024,0,697479595693638,measurement,"{""Brier"": 0.5152578044273193, ""ROC_AUC"": 0.5098143693656726, ""dislike_PR_AUC"": 0.618254420155167, ""dislike_only_log_loss"": 2.478252834624051, ""log_loss"": 1.589424445709154}",evaluation,115237703722752,1.0341750946747825,18.103567956639743,25140,60932678540288,0,0.0,3000
tail,max,v2_to_v3,fraction_0.25,0.6780067094713722,0.508056789621162,0.5158353591885032,222440975742096,636546917153350,True,0.16994991985021024,0,697479595693638,measurement,"{""Brier"": 0.5153224755697963, ""ROC_AUC"": 0.5158353591885032, ""dislike_PR_AUC"": 0.6249625476508692, ""dislike_only_log_loss"": 2.4810941841173157, ""log_loss"": 1.5902702821123043}",evaluation,222440975742096,4.576977485012694,34.94494588660586,25140,60932678540288,0,0.0,3000
tail,max,v2_to_v3,fraction_0.5,0.6780067094713722,0.508056789621162,0.5383797812970286,412824104850084,636546917153350,True,0.16994991985021024,0,697479595693638,measurement,"{""Brier"": 0.5154519140190849, ""ROC_AUC"": 0.5383797812970286, ""dislike_PR_AUC"": 0.6490551406151492, ""dislike_only_log_loss"": 2.4877921073632927, ""log_loss"": 1.5915518128365198}",evaluation,412824104850084,17.84231007734076,64.85368065188993,25140,60932678540288,0,0.0,3000
tail,max,v2_to_v3,reuse,0.6780067094713722,0.508056789621162,0.508056789621162,0,636546917153350,True,0.16994991985021024,0,697479595693638,reference,"{""Brier"": 0.5151469555180406, ""ROC_AUC"": 0.508056789621162, ""dislike_PR_AUC"": 0.6160830029471513, ""dislike_only_log_loss"": 2.4761166793246234, ""log_loss"": 1.588442209038748}",evaluation,0,0.0,0.0,25140,60932678540288,0,,3000
tail,max,v2_to_v3,full,0.6780067094713722,0.508056789621162,0.6780067094713722,636546917153350,636546917153350,True,0.16994991985021024,0,697479595693638,reference,"{""Brier"": 0.5112363904372499, ""ROC_AUC"": 0.6780067094713722, ""dislike_PR_AUC"": 0.7707462954860597, ""dislike_only_log_loss"": 2.4530672538004983, ""log_loss"": 1.560793080322418}",evaluation,697479595693638,100.0,100.0,25140,60932678540288,0,,3000
deviation,max,v2_to_v3,fraction_0.03125,0.6780067094713722,0.508056789621162,0.5143003251063103,45105712857249,636546917153350,True,0.16994991985021024,0,697479595693638,measurement,"{""Brier"": 0.5150592740702109, ""ROC_AUC"": 0.5143003251063103, ""dislike_PR_AUC"": 0.6224142430239689, ""dislike_only_log_loss"": 2.476583707542939, ""log_loss"": 1.5878675444722157}",evaluation,29318742320484,3.6737501792594163,7.0859997341535506,25140,60932678540288,15786970536765,249801255.0099159,3000
deviation,max,v2_to_v3,fraction_0.0625,0.6780067094713722,0.508056789621162,0.5182015225151925,74400788907489,636546917153350,True,0.16994991985021024,0,697479595693638,measurement,"{""Brier"": 0.5151248134825692, ""ROC_AUC"": 0.5182015225151925, ""dislike_PR_AUC"": 0.6266418086468457, ""dislike_only_log_loss"": 2.477509033560541, ""log_loss"": 1.587829685693028}",evaluation,58613818370724,5.969248413280706,11.688186196896648,25140,60932678540288,15786970536765,255175932.61784965,3000
deviation,max,v2_to_v3,fraction_0.125,0.6780067094713722,0.508056789621162,0.5272961012924614,132991444229889,636546917153350,True,0.16994991985021024,0,697479595693638,measurement,"{""Brier"": 0.5150583189586451, ""ROC_AUC"": 0.5272961012924614, ""dislike_PR_AUC"": 0.6366287802279416, ""dislike_only_log_loss"": 2.4779358435470455, ""log_loss"": 1.586848251957067}",evaluation,117204473693124,11.320577078386684,20.8926381773443,25140,60932678540288,15786970536765,267466097.92445537,3000
deviation,max,v2_to_v3,fraction_0.25,0.6780067094713722,0.508056789621162,0.5504691481438003,250170709765889,636546917153350,True,0.16994991985021024,0,697479595693638,measurement,"{""Brier"": 0.5149813560418803, ""ROC_AUC"": 0.5504691481438003, ""dislike_PR_AUC"": 0.6618873804408761, ""dislike_only_log_loss"": 2.480750930522001, ""log_loss"": 1.5859187517162552}",evaluation,234383739229124,24.95579789623884,39.30122085653281,25140,60932678540288,15786970536765,295127938.53663737,3000
deviation,max,v2_to_v3,fraction_0.5,0.6780067094713722,0.508056789621162,0.6031784200562997,484533460643489,636546917153350,True,0.16994991985021024,0,697479595693638,measurement,"{""Brier"": 0.5143014264550132, ""ROC_AUC"": 0.6031784200562997, ""dislike_PR_AUC"": 0.7117808020714462, ""dislike_only_log_loss"": 2.4791197575864254, ""log_loss"": 1.580793764614197}",evaluation,468746490106724,55.97038852326361,76.11904913628862,25140,60932678540288,15786970536765,356617957.45030755,3000
deviation,max,v2_to_v3,reuse,0.6780067094713722,0.508056789621162,0.508056789621162,0,636546917153350,True,0.16994991985021024,0,697479595693638,reference,"{""Brier"": 0.5151469555180406, ""ROC_AUC"": 0.508056789621162, ""dislike_PR_AUC"": 0.6160830029471513, ""dislike_only_log_loss"": 2.4761166793246234, ""log_loss"": 1.588442209038748}",evaluation,0,0.0,0.0,25140,60932678540288,0,,3000
deviation,max,v2_to_v3,full,0.6780067094713722,0.508056789621162,0.6780067094713722,636546917153350,636546917153350,True,0.16994991985021024,0,697479595693638,reference,"{""Brier"": 0.5112363904372499, ""ROC_AUC"": 0.6780067094713722, ""dislike_PR_AUC"": 0.7707462954860597, ""dislike_only_log_loss"": 2.4530672538004983, ""log_loss"": 1.560793080322418}",evaluation,697479595693638,100.0,100.0,25140,60932678540288,0,,3000
query,max,v2_to_v3,fraction_0.03125,0.6780067094713722,0.508056789621162,0.5145016717642845,29346631361098,636546917153350,True,0.16994991985021024,0,697479595693638,measurement,"{""Brier"": 0.5112391369995704, ""ROC_AUC"": 0.5145016717642845, ""dislike_PR_AUC"": 0.6231689709204007, ""dislike_only_log_loss"": 2.4408467983067954, ""log_loss"": 1.5671854109118701}",evaluation,29318742320484,3.792224291016388,4.610285678915342,25140,60932678540288,27889040614,249801255.0099159,3000
query,max,v2_to_v3,fraction_0.0625,0.6780067094713722,0.508056789621162,0.5185831856086792,58641707411338,636546917153350,True,0.16994991985021024,0,697479595693638,measurement,"{""Brier"": 0.5107128137369419, ""ROC_AUC"": 0.5185831856086792, ""dislike_PR_AUC"": 0.6282668270452212, ""dislike_only_log_loss"": 2.439042292753727, ""log_loss"": 1.5656152031745092}",evaluation,58613818370724,6.193822272346447,9.21247214165844,25140,60932678540288,27889040614,255175932.61784965,3000
query,max,v2_to_v3,fraction_0.125,0.6780067094713722,0.508056789621162,0.5307362473619729,117232362733738,636546917153350,True,0.16994991985021024,0,697479595693638,measurement,"{""Brier"": 0.5110172423146574, ""ROC_AUC"": 0.5307362473619729, ""dislike_PR_AUC"": 0.6419671350769492, ""dislike_only_log_loss"": 2.4483994259490762, ""log_loss"": 1.5696017508013806}",evaluation,117204473693124,13.344788724113583,18.416924122106092,25140,60932678540288,27889040614,267466097.92445537,3000
query,max,v2_to_v3,fraction_0.25,0.6780067094713722,0.508056789621162,0.5593249410660928,234411628269738,636546917153350,True,0.16994991985021024,0,697479595693638,measurement,"{""Brier"": 0.5117855937142148, ""ROC_AUC"": 0.5593249410660928, ""dislike_PR_AUC"": 0.6708794748268111, ""dislike_only_log_loss"": 2.4621444593280484, ""log_loss"": 1.5746474120195086}",evaluation,234383739229124,30.166622902862976,36.8255068012946,25140,60932678540288,27889040614,295127938.53663737,3000
query,max,v2_to_v3,fraction_0.5,0.6780067094713722,0.508056789621162,0.6062395529078675,468774379147338,636546917153350,True,0.16994991985021024,0,697479595693638,measurement,"{""Brier"": 0.5121453334396536, ""ROC_AUC"": 0.6062395529078675, ""dislike_PR_AUC"": 0.7147311753860537, ""dislike_only_log_loss"": 2.463688176674563, ""log_loss"": 1.5715449015527065}",evaluation,468746490106724,57.77158551957036,73.64333508105042,25140,60932678540288,27889040614,356617957.45030755,3000
query,max,v2_to_v3,reuse,0.6780067094713722,0.508056789621162,0.508056789621162,0,636546917153350,True,0.16994991985021024,0,697479595693638,reference,"{""Brier"": 0.5151469555180406, ""ROC_AUC"": 0.508056789621162, ""dislike_PR_AUC"": 0.6160830029471513, ""dislike_only_log_loss"": 2.4761166793246234, ""log_loss"": 1.588442209038748}",evaluation,0,0.0,0.0,25140,60932678540288,0,,3000
query,max,v2_to_v3,full,0.6780067094713722,0.508056789621162,0.6780067094713722,636546917153350,636546917153350,True,0.16994991985021024,0,697479595693638,reference,"{""Brier"": 0.5112363904372499, ""ROC_AUC"": 0.6780067094713722, ""dislike_PR_AUC"": 0.7707462954860597, ""dislike_only_log_loss"": 2.4530672538004983, ""log_loss"": 1.560793080322418}",evaluation,697479595693638,100.0,100.0,25140,60932678540288,0,,3000
layer,max,v3_to_v4,layers_1,0.6243367547661879,0.5648002233385889,0.5670523293240608,137885677284514,893368083742950,True,0.05953653142759896,71247692016948,952852520025750,measurement,"{""Brier"": 0.5874049098338389, ""ROC_AUC"": 0.5670523293240608, ""dislike_PR_AUC"": 0.7392047024295392, ""dislike_only_log_loss"": 2.6113467384866147, ""log_loss"": 1.844948316238029}",evaluation,66637985267566,3.7827295804267846,15.434363482833804,33512,59484436282800,0,0.0,3000
layer,max,v3_to_v4,layers_2,0.6243367547661879,0.5648002233385889,0.5670706634602745,196963786937728,893368083742950,True,0.05953653142759896,71247692016948,952852520025750,measurement,"{""Brier"": 0.5873896217129041, ""ROC_AUC"": 0.5670706634602745, ""dislike_PR_AUC"": 0.7392199688174782, ""dislike_only_log_loss"": 2.61124754195478, ""log_loss"": 1.8448818856210594}",evaluation,125716094920780,3.8135243475622467,22.04732747027491,33512,59484436282800,0,0.0,3000
layer,max,v3_to_v4,layers_4,0.6243367547661879,0.5648002233385889,0.5734786686828016,315120006244156,893368083742950,True,0.05953653142759896,71247692016948,952852520025750,measurement,"{""Brier"": 0.5842587080521233, ""ROC_AUC"": 0.5734786686828016, ""dislike_PR_AUC"": 0.7440760448009537, ""dislike_only_log_loss"": 2.579553594499293, ""log_loss"": 1.8232108831271752}",evaluation,243872314227208,14.576672735405078,35.273255445157126,33512,59484436282800,0,0.0,3000
layer,max,v3_to_v4,layers_8,0.6243367547661879,0.5648002233385889,0.5667268746792422,551432444857012,893368083742950,True,0.05953653142759896,71247692016948,952852520025750,measurement,"{""Brier"": 0.575523778209054, ""ROC_AUC"": 0.5667268746792422, ""dislike_PR_AUC"": 0.7449560717965512, ""dislike_only_log_loss"": 2.5020326556942853, ""log_loss"": 1.771353303910739}",evaluation,480184752840064,3.2360826108861285,61.725111394921555,33512,59484436282800,0,0.0,3000
layer,max,v3_to_v4,layers_12,0.6243367547661879,0.5648002233385889,0.5894560806557901,787744883469868,893368083742950,True,0.05953653142759896,71247692016948,952852520025750,measurement,"{""Brier"": 0.5614760663589664, ""ROC_AUC"": 0.5894560806557901, ""dislike_PR_AUC"": 0.7634245330163807, ""dislike_only_log_loss"": 2.3835531369664857, ""log_loss"": 1.6908020422932089}",evaluation,716497191452920,41.41298917822354,88.17696734468599,33512,59484436282800,0,0.0,3000
layer,max,v3_to_v4,reuse,0.6243367547661879,0.5648002233385889,0.5648002233385889,0,893368083742950,True,0.05953653142759896,0,952852520025750,reference,"{""Brier"": 0.590964251035874, ""ROC_AUC"": 0.5648002233385889, ""dislike_PR_AUC"": 0.735682024120959, ""dislike_only_log_loss"": 2.6502508393895035, ""log_loss"": 1.8713959030933822}",evaluation,0,0.0,0.0,33512,59484436282800,0,,3000
layer,max,v3_to_v4,full,0.6243367547661879,0.5648002233385889,0.6243367547661879,893368083742950,893368083742950,True,0.05953653142759896,0,952852520025750,reference,"{""Brier"": 0.5512018731629503, ""ROC_AUC"": 0.6243367547661879, ""dislike_PR_AUC"": 0.7815092736502477, ""dislike_only_log_loss"": 2.297520711096115, ""log_loss"": 1.6316153541062988}",evaluation,952852520025750,99.99999999999999,100.00000000000001,33512,59484436282800,0,,3000
tail,max,v3_to_v4,fraction_0.03125,0.6243367547661879,0.5648002233385889,0.5650185478270777,39856222205094,893368083742950,True,0.05953653142759896,0,952852520025750,measurement,"{""Brier"": 0.5909299671156227, ""ROC_AUC"": 0.5650185478270777, ""dislike_PR_AUC"": 0.7358479891273005, ""dislike_only_log_loss"": 2.6498876018113666, ""log_loss"": 1.871139675712424}",evaluation,39856222205094,0.366706765163665,4.461343866025315,33512,59484436282800,0,0.0,3000
tail,max,v3_to_v4,fraction_0.0625,0.6243367547661879,0.5648002233385889,0.5653777159387519,79689298375284,893368083742950,True,0.05953653142759896,0,952852520025750,measurement,"{""Brier"": 0.5908489212490903, ""ROC_AUC"": 0.5653777159387519, ""dislike_PR_AUC"": 0.7361351912858365, ""dislike_only_log_loss"": 2.6490103771075737, ""log_loss"": 1.8705294516014352}",evaluation,79689298375284,0.9699802563493439,8.920096858778438,33512,59484436282800,0,0.0,3000
tail,max,v3_to_v4,fraction_0.125,0.6243367547661879,0.5648002233385889,0.5662582648716904,156672439144302,893368083742950,True,0.05953653142759896,0,952852520025750,measurement,"{""Brier"": 0.5904743148901627, ""ROC_AUC"": 0.5662582648716904, ""dislike_PR_AUC"": 0.7370723916109982, ""dislike_only_log_loss"": 2.645095064476721, ""log_loss"": 1.867830134204072}",evaluation,156672439144302,2.4489863586940137,17.537277410660394,33512,59484436282800,0,0.0,3000
tail,max,v3_to_v4,fraction_0.25,0.6243367547661879,0.5648002233385889,0.571113413258272,302595435079362,893368083742950,True,0.05953653142759896,0,952852520025750,measurement,"{""Brier"": 0.5890465010102715, ""ROC_AUC"": 0.571113413258272, ""dislike_PR_AUC"": 0.7409084990902456, ""dislike_only_log_loss"": 2.6304431694223522, ""log_loss"": 1.8577013709219794}",evaluation,302595435079362,10.603892716458352,33.87130574573204,33512,59484436282800,0,0.0,3000
tail,max,v3_to_v4,fraction_0.5,0.6243367547661879,0.5648002233385889,0.5821950034503524,562258369740966,893368083742950,True,0.05953653142759896,0,952852520025750,measurement,"{""Brier"": 0.5831190872567039, ""ROC_AUC"": 0.5821950034503524, ""dislike_PR_AUC"": 0.7517493484217498, ""dislike_only_log_loss"": 2.57251360426734, ""log_loss"": 1.8180258165642613}",evaluation,562258369740966,29.216986100234664,62.9369215189856,33512,59484436282800,0,0.0,3000
tail,max,v3_to_v4,reuse,0.6243367547661879,0.5648002233385889,0.5648002233385889,0,893368083742950,True,0.05953653142759896,0,952852520025750,reference,"{""Brier"": 0.590964251035874, ""ROC_AUC"": 0.5648002233385889, ""dislike_PR_AUC"": 0.735682024120959, ""dislike_only_log_loss"": 2.6502508393895035, ""log_loss"": 1.8713959030933822}",evaluation,0,0.0,0.0,33512,59484436282800,0,,3000
tail,max,v3_to_v4,full,0.6243367547661879,0.5648002233385889,0.6243367547661879,893368083742950,893368083742950,True,0.05953653142759896,0,952852520025750,reference,"{""Brier"": 0.5512018731629503, ""ROC_AUC"": 0.6243367547661879, ""dislike_PR_AUC"": 0.7815092736502477, ""dislike_only_log_loss"": 2.297520711096115, ""log_loss"": 1.6316153541062988}",evaluation,952852520025750,99.99999999999999,100.00000000000001,33512,59484436282800,0,,3000
deviation,max,v3_to_v4,fraction_0.03125,0.6243367547661879,0.5648002233385889,0.5734569094186446,61257465978463,893368083742950,True,0.05953653142759896,0,952852520025750,measurement,"{""Brier"": 0.5857910466140954, ""ROC_AUC"": 0.5734569094186446, ""dislike_PR_AUC"": 0.7431186381641524, ""dislike_only_log_loss"": 2.5979402093290576, ""log_loss"": 1.8356714331113262}",evaluation,39844166748016,14.540124982898702,6.856912295524618,33512,59484436282800,21413299230447,339141978.33694565,3000
deviation,max,v3_to_v4,fraction_0.0625,0.6243367547661879,0.5648002233385889,0.5766577526446501,101078496416143,893368083742950,True,0.05953653142759896,0,952852520025750,measurement,"{""Brier"": 0.583449702523562, ""ROC_AUC"": 0.5766577526446501, ""dislike_PR_AUC"": 0.7465374933154866, ""dislike_only_log_loss"": 2.575880420244431, ""log_loss"": 1.820622959850361}",evaluation,79665197185696,19.916392543762623,11.314316937835272,33512,59484436282800,21413299230447,346441452.7288288,3000
deviation,max,v3_to_v4,fraction_0.125,0.6243367547661879,0.5648002233385889,0.583150034152575,180719452327583,893368083742950,True,0.05953653142759896,0,952852520025750,measurement,"{""Brier"": 0.5802817091310106, ""ROC_AUC"": 0.583150034152575, ""dislike_PR_AUC"": 0.7527062546093324, ""dislike_only_log_loss"": 2.5464427845575184, ""log_loss"": 1.8004277457351363}",evaluation,159306153097136,30.821094837042892,20.22900253727686,33512,59484436282800,21413299230447,363130226.3373014,3000
deviation,max,v3_to_v4,fraction_0.25,0.6243367547661879,0.5648002233385889,0.595027991900298,340003795662143,893368083742950,True,0.05953653142759896,0,952852520025750,measurement,"{""Brier"": 0.5753776776832102, ""ROC_AUC"": 0.595027991900298, ""dislike_PR_AUC"": 0.7625673495411269, ""dislike_only_log_loss"": 2.5022735417782176, ""log_loss"": 1.7700778055368227}",evaluation,318590496431696,50.77179982926679,38.058645909715835,33512,59484436282800,21413299230447,400689467.70774144,3000
deviation,max,v3_to_v4,fraction_0.5,0.6243367547661879,0.5648002233385889,0.6146154465441379,658572298950623,893368083742950,True,0.05953653142759896,0,952852520025750,measurement,"{""Brier"": 0.5665895015556657, ""ROC_AUC"": 0.6146154465441379, ""dislike_PR_AUC"": 0.7764516827171987, ""dislike_only_log_loss"": 2.426162059423758, ""log_loss"": 1.718011965789988}",evaluation,637158999720176,83.67169200330079,73.71791212770871,33512,59484436282800,21413299230447,484170750.44384724,3000
deviation,max,v3_to_v4,reuse,0.6243367547661879,0.5648002233385889,0.5648002233385889,0,893368083742950,True,0.05953653142759896,0,952852520025750,reference,"{""Brier"": 0.590964251035874, ""ROC_AUC"": 0.5648002233385889, ""dislike_PR_AUC"": 0.735682024120959, ""dislike_only_log_loss"": 2.6502508393895035, ""log_loss"": 1.8713959030933822}",evaluation,0,0.0,0.0,33512,59484436282800,0,,3000
deviation,max,v3_to_v4,full,0.6243367547661879,0.5648002233385889,0.6243367547661879,893368083742950,893368083742950,True,0.05953653142759896,0,952852520025750,reference,"{""Brier"": 0.5512018731629503, ""ROC_AUC"": 0.6243367547661879, ""dislike_PR_AUC"": 0.7815092736502477, ""dislike_only_log_loss"": 2.297520711096115, ""log_loss"": 1.6316153541062988}",evaluation,952852520025750,99.99999999999999,100.00000000000001,33512,59484436282800,0,,3000
query,max,v3_to_v4,fraction_0.03125,0.6243367547661879,0.5648002233385889,0.5740076653519743,39881742239862,893368083742950,True,0.05953653142759896,0,952852520025750,measurement,"{""Brier"": 0.5844404427860582, ""ROC_AUC"": 0.5740076653519743, ""dislike_PR_AUC"": 0.7441541289572099, ""dislike_only_log_loss"": 2.585857989263105, ""log_loss"": 1.8275235918765798}",evaluation,39844166748016,15.465197237065075,4.46420047521389,33512,59484436282800,37575491846,339141978.33694565,3000
query,max,v3_to_v4,fraction_0.0625,0.6243367547661879,0.5648002233385889,0.5780971584446808,79702772677542,893368083742950,True,0.05953653142759896,0,952852520025750,measurement,"{""Brier"": 0.5819034364101243, ""ROC_AUC"": 0.5780971584446808, ""dislike_PR_AUC"": 0.7480724835844558, ""dislike_only_log_loss"": 2.5624626263358325, ""log_loss"": 1.8115407106613164}",evaluation,79665197185696,22.33407756087029,8.921605117524546,33512,59484436282800,37575491846,346441452.7288288,3000
query,max,v3_to_v4,fraction_0.125,0.6243367547661879,0.5648002233385889,0.5824190624972635,159343728588982,893368083742950,True,0.05953653142759896,0,952852520025750,measurement,"{""Brier"": 0.5798014714801141, ""ROC_AUC"": 0.5824190624972635, ""dislike_PR_AUC"": 0.752444494855425, ""dislike_only_log_loss"": 2.5440091733435075, ""log_loss"": 1.7988560612091435}",evaluation,159306153097136,29.593324864920028,17.83629071696613,33512,59484436282800,37575491846,363130226.3373014,3000
query,max,v3_to_v4,fraction_0.25,0.6243367547661879,0.5648002233385889,0.5893884449242548,318628071923542,893368083742950,True,0.05953653142759896,0,952852520025750,measurement,"{""Brier"": 0.5773804848330556, ""ROC_AUC"": 0.5893884449242548, ""dislike_PR_AUC"": 0.7587492472241862, ""dislike_only_log_loss"": 2.5240966826328446, ""log_loss"": 1.7850660144483061}",evaluation,318590496431696,41.2993854295443,35.66593408940511,33512,59484436282800,37575491846,400689467.70774144,3000
query,max,v3_to_v4,fraction_0.5,0.6243367547661879,0.5648002233385889,0.6104067826205769,637196575212022,893368083742950,True,0.05953653142759896,0,952852520025750,measurement,"{""Brier"": 0.5702396943362322, ""ROC_AUC"": 0.6104067826205769, ""dislike_PR_AUC"": 0.7724592451276843, ""dislike_only_log_loss"": 2.462500843818457, ""log_loss"": 1.7426989971458986}",evaluation,637158999720176,76.60264746435405,71.32520030739798,33512,59484436282800,37575491846,484170750.44384724,3000
query,max,v3_to_v4,reuse,0.6243367547661879,0.5648002233385889,0.5648002233385889,0,893368083742950,True,0.05953653142759896,0,952852520025750,reference,"{""Brier"": 0.590964251035874, ""ROC_AUC"": 0.5648002233385889, ""dislike_PR_AUC"": 0.735682024120959, ""dislike_only_log_loss"": 2.6502508393895035, ""log_loss"": 1.8713959030933822}",evaluation,0,0.0,0.0,33512,59484436282800,0,,3000
query,max,v3_to_v4,full,0.6243367547661879,0.5648002233385889,0.6243367547661879,893368083742950,893368083742950,True,0.05953653142759896,0,952852520025750,reference,"{""Brier"": 0.5512018731629503, ""ROC_AUC"": 0.6243367547661879, ""dislike_PR_AUC"": 0.7815092736502477, ""dislike_only_log_loss"": 2.297520711096115, ""log_loss"": 1.6316153541062988}",evaluation,952852520025750,99.99999999999999,100.00000000000001,33512,59484436282800,0,,3000
layer,max,v4_to_v5,layers_1,0.6489427448517199,0.5040783810568864,0.511591205260359,121834006909780,724862262117804,True,0.14486436379483347,67244379571368,780158976176652,measurement,"{""Brier"": 0.524559958433414, ""ROC_AUC"": 0.511591205260359, ""dislike_PR_AUC"": 0.6318490041037732, ""dislike_only_log_loss"": 2.3973383226485323, ""log_loss"": 1.585810941120178}",evaluation,54589627338412,5.186109272610831,16.807883825241774,27999,55296714058848,0,0.0,3000
layer,max,v4_to_v5,layers_2,0.6489427448517199,0.5040783810568864,0.511589576968568,170202944014480,724862262117804,True,0.14486436379483347,67244379571368,780158976176652,measurement,"{""Brier"": 0.5245546609908369, ""ROC_AUC"": 0.511589576968568, ""dislike_PR_AUC"": 0.631849469949137, ""dislike_only_log_loss"": 2.3972943602441763, ""log_loss"": 1.5857854973660872}",evaluation,102958564443112,5.184985261330001,23.48072908599272,27999,55296714058848,0,0.0,3000
layer,max,v4_to_v5,layers_4,0.6489427448517199,0.5040783810568864,0.5181640764561655,266940818223880,724862262117804,True,0.14486436379483347,67244379571368,780158976176652,measurement,"{""Brier"": 0.5207431985258111, ""ROC_AUC"": 0.5181640764561655, ""dislike_PR_AUC"": 0.6386068440417723, ""dislike_only_log_loss"": 2.3642317291251604, ""log_loss"": 1.5651092593773033}",evaluation,199696438652512,9.723368142649742,36.826419607494614,27999,55296714058848,0,0.0,3000
layer,max,v4_to_v5,layers_8,0.6489427448517199,0.5040783810568864,0.5656001854593732,460416566642680,724862262117804,True,0.14486436379483347,67244379571368,780158976176652,measurement,"{""Brier"": 0.517923772867752, ""ROC_AUC"": 0.5656001854593732, ""dislike_PR_AUC"": 0.6837331652311447, ""dislike_only_log_loss"": 2.3526281317666307, ""log_loss"": 1.553693281386913}",evaluation,393172187071312,42.46855664904451,63.51780065049841,27999,55296714058848,0,0.0,3000
layer,max,v4_to_v5,layers_12,0.6489427448517199,0.5040783810568864,0.5967649304670974,653892315061480,724862262117804,True,0.14486436379483347,67244379571368,780158976176652,measurement,"{""Brier"": 0.5121525676572883, ""ROC_AUC"": 0.5967649304670974, ""dislike_PR_AUC"": 0.7150719405124766, ""dislike_only_log_loss"": 2.3116141747168326, ""log_loss"": 1.526155273196657}",evaluation,586647935490112,63.98160802437229,90.2091816935022,27999,55296714058848,0,0.0,3000
layer,max,v4_to_v5,reuse,0.6489427448517199,0.5040783810568864,0.5040783810568864,0,724862262117804,True,0.14486436379483347,0,780158976176652,reference,"{""Brier"": 0.5253741678888303, ""ROC_AUC"": 0.5040783810568864, ""dislike_PR_AUC"": 0.6218530688746253, ""dislike_only_log_loss"": 2.3966050057234036, ""log_loss"": 1.5863041976656593}",evaluation,0,0.0,0.0,27999,55296714058848,0,,3000
layer,max,v4_to_v5,full,0.6489427448517199,0.5040783810568864,0.6489427448517199,724862262117804,724862262117804,True,0.14486436379483347,0,780158976176652,reference,"{""Brier"": 0.5034098203798757, ""ROC_AUC"": 0.6489427448517199, ""dislike_PR_AUC"": 0.7557320176457987, ""dislike_only_log_loss"": 2.2420394700375113, ""log_loss"": 1.4799374987416245}",evaluation,780158976176652,100.0,100.0,27999,55296714058848,0,,3000
tail,max,v4_to_v5,fraction_0.03125,0.6489427448517199,0.5040783810568864,0.5044024556577456,32714905242636,724862262117804,True,0.14486436379483347,0,780158976176652,measurement,"{""Brier"": 0.5253367261205455, ""ROC_AUC"": 0.5044024556577456, ""dislike_PR_AUC"": 0.6221484569422503, ""dislike_only_log_loss"": 2.396365372752953, ""log_loss"": 1.5861216812186087}",evaluation,32714905242636,0.2237089870619414,4.513258166738331,27999,55296714058848,0,0.0,3000
tail,max,v4_to_v5,fraction_0.0625,0.6489427448517199,0.5040783810568864,0.5048632260502994,65391933812682,724862262117804,True,0.14486436379483347,0,780158976176652,measurement,"{""Brier"": 0.525290106803862, ""ROC_AUC"": 0.5048632260502994, ""dislike_PR_AUC"": 0.6226255416806606, ""dislike_only_log_loss"": 2.396106834983932, ""log_loss"": 1.5859108043682224}",evaluation,65391933812682,0.5417792014912479,9.021290972112238,27999,55296714058848,0,0.0,3000
tail,max,v4_to_v5,fraction_0.125,0.6489427448517199,0.5040783810568864,0.5068983040981939,128547926101452,724862262117804,True,0.14486436379483347,0,780158976176652,measurement,"{""Brier"": 0.5250363656315322, ""ROC_AUC"": 0.5068983040981939, ""dislike_PR_AUC"": 0.6247899468059056, ""dislike_only_log_loss"": 2.394581772275202, ""log_loss"": 1.584737171214265}",evaluation,128547926101452,1.9465953996120655,17.73411761372128,27999,55296714058848,0,0.0,3000
tail,max,v4_to_v5,fraction_0.25,0.6489427448517199,0.5040783810568864,0.5133491480454475,248205129728610,724862262117804,True,0.14486436379483347,0,780158976176652,measurement,"{""Brier"": 0.5241149675260495, ""ROC_AUC"": 0.5133491480454475, ""dislike_PR_AUC"": 0.630842898127707, ""dislike_only_log_loss"": 2.388415923318971, ""log_loss"": 1.580345273732096}",evaluation,248205129728610,6.399618750744651,34.24169565724638,27999,55296714058848,0,0.0,3000
tail,max,v4_to_v5,fraction_0.5,0.6489427448517199,0.5040783810568864,0.5361866473971926,460950640613874,724862262117804,True,0.14486436379483347,0,780158976176652,measurement,"{""Brier"": 0.5210804730698353, ""ROC_AUC"": 0.5361866473971926, ""dislike_PR_AUC"": 0.6536365766358947, ""dislike_only_log_loss"": 2.368952065104599, ""log_loss"": 1.5662249948201399}",evaluation,460950640613874,22.164364995783245,63.59148002368492,27999,55296714058848,0,0.0,3000
tail,max,v4_to_v5,reuse,0.6489427448517199,0.5040783810568864,0.5040783810568864,0,724862262117804,True,0.14486436379483347,0,780158976176652,reference,"{""Brier"": 0.5253741678888303, ""ROC_AUC"": 0.5040783810568864, ""dislike_PR_AUC"": 0.6218530688746253, ""dislike_only_log_loss"": 2.3966050057234036, ""log_loss"": 1.5863041976656593}",evaluation,0,0.0,0.0,27999,55296714058848,0,,3000
tail,max,v4_to_v5,full,0.6489427448517199,0.5040783810568864,0.6489427448517199,724862262117804,724862262117804,True,0.14486436379483347,0,780158976176652,reference,"{""Brier"": 0.5034098203798757, ""ROC_AUC"": 0.6489427448517199, ""dislike_PR_AUC"": 0.7557320176457987, ""dislike_only_log_loss"": 2.2420394700375113, ""log_loss"": 1.4799374987416245}",evaluation,780158976176652,100.0,100.0,27999,55296714058848,0,,3000
deviation,max,v4_to_v5,fraction_0.03125,0.6489427448517199,0.5040783810568864,0.5128482465229095,50325044494435,724862262117804,True,0.14486436379483347,0,780158976176652,measurement,"{""Brier"": 0.5230030561590299, ""ROC_AUC"": 0.5128482465229095, ""dislike_PR_AUC"": 0.6318753637904843, ""dislike_only_log_loss"": 2.378856598893702, ""log_loss"": 1.5745302239529515}",evaluation,32704979949874,6.053845981364722,6.9427044453110485,27999,55296714058848,17620064544561,278784463.6791769,3000
deviation,max,v4_to_v5,fraction_0.0625,0.6489427448517199,0.5040783810568864,0.5180260334965618,82992162957715,724862262117804,True,0.14486436379483347,0,780158976176652,measurement,"{""Brier"": 0.5223919552922267, ""ROC_AUC"": 0.5180260334965618, ""dislike_PR_AUC"": 0.6372643629111844, ""dislike_only_log_loss"": 2.3754820123012803, ""log_loss"": 1.5719292002838834}",evaluation,65372098413154,9.628076964068976,11.449370079667244,27999,55296714058848,17620064544561,284781635.44310695,3000
deviation,max,v4_to_v5,fraction_0.125,0.6489427448517199,0.5040783810568864,0.525570193270943,148342489718755,724862262117804,True,0.14486436379483347,0,780158976176652,measurement,"{""Brier"": 0.5214479443001784, ""ROC_AUC"": 0.525570193270943, ""dislike_PR_AUC"": 0.6456483833330773, ""dislike_only_log_loss"": 2.3699590663913543, ""log_loss"": 1.567730573529869}",evaluation,130722425174194,14.835817209327434,20.464921057601767,27999,55296714058848,17620064544561,298498715.52883506,3000
deviation,max,v4_to_v5,fraction_0.25,0.6489427448517199,0.5040783810568864,0.5394090257177026,279030846257875,724862262117804,True,0.14486436379483347,0,780158976176652,measurement,"{""Brier"": 0.5198732745263164, ""ROC_AUC"": 0.5394090257177026, ""dislike_PR_AUC"": 0.660280853392473, ""dislike_only_log_loss"": 2.360041880094247, ""log_loss"": 1.5602846007026994}",evaluation,261410781713314,24.388775634878535,38.494326555591485,27999,55296714058848,17620064544561,329370143.6436737,3000
deviation,max,v4_to_v5,fraction_0.5,0.6489427448517199,0.5040783810568864,0.5736889322941688,540408582268115,724862262117804,True,0.14486436379483347,0,780158976176652,measurement,"{""Brier"": 0.5161067510453103, ""ROC_AUC"": 0.5736889322941688, ""dislike_PR_AUC"": 0.694348688080967, ""dislike_only_log_loss"": 2.336876460737517, ""log_loss"": 1.543164573035924}",evaluation,522788517723554,48.052225829583264,74.5532786724505,27999,55296714058848,17620064544561,397994039.67784643,3000
deviation,max,v4_to_v5,reuse,0.6489427448517199,0.5040783810568864,0.5040783810568864,0,724862262117804,True,0.14486436379483347,0,780158976176652,reference,"{""Brier"": 0.5253741678888303, ""ROC_AUC"": 0.5040783810568864, ""dislike_PR_AUC"": 0.6218530688746253, ""dislike_only_log_loss"": 2.3966050057234036, ""log_loss"": 1.5863041976656593}",evaluation,0,0.0,0.0,27999,55296714058848,0,,3000
deviation,max,v4_to_v5,full,0.6489427448517199,0.5040783810568864,0.6489427448517199,724862262117804,724862262117804,True,0.14486436379483347,0,780158976176652,reference,"{""Brier"": 0.5034098203798757, ""ROC_AUC"": 0.6489427448517199, ""dislike_PR_AUC"": 0.7557320176457987, ""dislike_only_log_loss"": 2.2420394700375113, ""log_loss"": 1.4799374987416245}",evaluation,780158976176652,100.0,100.0,27999,55296714058848,0,,3000
query,max,v4_to_v5,fraction_0.03125,0.6489427448517199,0.5040783810568864,0.5142104503845073,32736081846648,724862262117804,True,0.14486436379483347,0,780158976176652,measurement,"{""Brier"": 0.5205258619909274, ""ROC_AUC"": 0.5142104503845073, ""dislike_PR_AUC"": 0.6344510823465944, ""dislike_only_log_loss"": 2.3578026680793838, ""log_loss"": 1.5615868079221973}",evaluation,32704979949874,6.994176526375117,4.516179632666235,27999,55296714058848,31101896774,278784463.6791769,3000
query,max,v4_to_v5,fraction_0.0625,0.6489427448517199,0.5040783810568864,0.5198655634422896,65403200309928,724862262117804,True,0.14486436379483347,0,780158976176652,measurement,"{""Brier"": 0.5191069612931519, ""ROC_AUC"": 0.5198655634422896, ""dislike_PR_AUC"": 0.64006217547643, ""dislike_only_log_loss"": 2.347042082515474, ""log_loss"": 1.5545198531749098}",evaluation,65372098413154,10.897906132223158,9.02284526702243,27999,55296714058848,31101896774,284781635.44310695,3000
query,max,v4_to_v5,fraction_0.125,0.6489427448517199,0.5040783810568864,0.5282510323592626,130753527070968,724862262117804,True,0.14486436379483347,0,780158976176652,measurement,"{""Brier"": 0.5181899951906257, ""ROC_AUC"": 0.5282510323592626, ""dislike_PR_AUC"": 0.6492716822103002, ""dislike_only_log_loss"": 2.3428158295229933, ""log_loss"": 1.5510910389750603}",evaluation,130722425174194,16.686402831693748,18.038396244956957,27999,55296714058848,31101896774,298498715.52883506,3000
query,max,v4_to_v5,fraction_0.25,0.6489427448517199,0.5040783810568864,0.553168965339641,261441883610088,724862262117804,True,0.14486436379483347,0,780158976176652,measurement,"{""Brier"": 0.5163179233625381, ""ROC_AUC"": 0.553168965339641, ""dislike_PR_AUC"": 0.6718153644229993, ""dislike_only_log_loss"": 2.332645927780697, ""log_loss"": 1.5426682297161267}",evaluation,261410781713314,33.88727427283631,36.06780174294667,27999,55296714058848,31101896774,329370143.6436737,3000
query,max,v4_to_v5,fraction_0.5,0.6489427448517199,0.5040783810568864,0.5922186368010155,522819619620328,724862262117804,True,0.14486436379483347,0,780158976176652,measurement,"{""Brier"": 0.5113772918432228, ""ROC_AUC"": 0.5922186368010155, ""dislike_PR_AUC"": 0.7074190473551734, ""dislike_only_log_loss"": 2.2968249577119138, ""log_loss"": 1.5175473125757497}",evaluation,522788517723554,60.84329743715244,72.12675385980569,27999,55296714058848,31101896774,397994039.67784643,3000
query,max,v4_to_v5,reuse,0.6489427448517199,0.5040783810568864,0.5040783810568864,0,724862262117804,True,0.14486436379483347,0,780158976176652,reference,"{""Brier"": 0.5253741678888303, ""ROC_AUC"": 0.5040783810568864, ""dislike_PR_AUC"": 0.6218530688746253, ""dislike_only_log_loss"": 2.3966050057234036, ""log_loss"": 1.5863041976656593}",evaluation,0,0.0,0.0,27999,55296714058848,0,,3000
query,max,v4_to_v5,full,0.6489427448517199,0.5040783810568864,0.6489427448517199,724862262117804,724862262117804,True,0.14486436379483347,0,780158976176652,reference,"{""Brier"": 0.5034098203798757, ""ROC_AUC"": 0.6489427448517199, ""dislike_PR_AUC"": 0.7557320176457987, ""dislike_only_log_loss"": 2.2420394700375113, ""log_loss"": 1.4799374987416245}",evaluation,780158976176652,100.0,100.0,27999,55296714058848,0,,3000
layer,medium,v0_to_v1,layers_1,0.6145597189000803,0.4955598610005248,0.5023017485730132,23116754090712,113907755937620,True,0.11899985789955553,2619761803204,125170025908124,measurement,"{""Brier"": 0.1957453777601521, ""ROC_AUC"": 0.5023017485730132, ""dislike_PR_AUC"": 0.2527299178557759, ""dislike_only_log_loss"": 2.223914289665919, ""log_loss"": 0.6186918804298734}",evaluation,20496992287508,5.665458506832073,20.294275750082875,26014,11262269970504,0,0.0,3000
layer,medium,v0_to_v1,layers_2,0.6145597189000803,0.4955598610005248,0.5737613414019725,45782501280236,113907755937620,True,0.11899985789955553,2619761803204,125170025908124,measurement,"{""Brier"": 0.19386404768190063, ""ROC_AUC"": 0.5737613414019725, ""dislike_PR_AUC"": 0.3031980599959076, ""dislike_only_log_loss"": 2.231187038914123, ""log_loss"": 0.6107646548254893}",evaluation,43162739477032,65.71560822152867,40.1926110328327,26014,11262269970504,0,0.0,3000
layer,medium,v0_to_v1,layers_3,0.6145597189000803,0.4955598610005248,0.602885351984604,66279493567744,113907755937620,True,0.11899985789955553,2619761803204,125170025908124,measurement,"{""Brier"": 0.19224262340052647, ""ROC_AUC"": 0.602885351984604, ""dislike_PR_AUC"": 0.3238815170148849, ""dislike_only_log_loss"": 2.1960151035497995, ""log_loss"": 0.602161282737241}",evaluation,63659731764540,90.18959591924025,58.18698913183844,26014,11262269970504,0,0.0,3000
layer,medium,v0_to_v1,layers_5,0.6145597189000803,0.4955598610005248,0.6130320407820081,107273478142760,113907755937620,True,0.11899985789955553,2619761803204,125170025908124,measurement,"{""Brier"": 0.1920819777149306, ""ROC_AUC"": 0.6130320407820081, ""dislike_PR_AUC"": 0.3284762217669667, ""dislike_only_log_loss"": 2.1964240467899105, ""log_loss"": 0.6011064148350334}",evaluation,104653716339556,98.71623534259875,94.1757453298499,26014,11262269970504,0,0.0,3000
layer,medium,v0_to_v1,reuse,0.6145597189000803,0.4955598610005248,0.4955598610005248,0,113907755937620,True,0.11899985789955553,0,125170025908124,reference,"{""Brier"": 0.19614894304061806, ""ROC_AUC"": 0.4955598610005248, ""dislike_PR_AUC"": 0.24904703933432557, ""dislike_only_log_loss"": 2.232269378641377, ""log_loss"": 0.6207974684015022}",evaluation,0,0.0,0.0,26014,11262269970504,0,,3000
layer,medium,v0_to_v1,full,0.6145597189000803,0.4955598610005248,0.6145597189000803,113907755937620,113907755937620,True,0.11899985789955553,0,125170025908124,reference,"{""Brier"": 0.19202060747655933, ""ROC_AUC"": 0.6145597189000803, ""dislike_PR_AUC"": 0.32970350096300083, ""dislike_only_log_loss"": 2.1954492360865268, ""log_loss"": 0.6007907656946034}",evaluation,125170025908124,100.0,100.0,26014,11262269970504,0,,3000
tail,medium,v0_to_v1,fraction_0.03125,0.6145597189000803,0.4955598610005248,0.4957678652382977,5563439155956,113907755937620,True,0.11899985789955553,0,125170025908124,measurement,"{""Brier"": 0.1961415154162561, ""ROC_AUC"": 0.4957678652382977, ""dislike_PR_AUC"": 0.24917287614488828, ""dislike_only_log_loss"": 2.2322407409284883, ""log_loss"": 0.6207648491513913}",evaluation,5563439155956,0.1747936858449587,4.884161846716338,26014,11262269970504,0,0.0,3000
tail,medium,v0_to_v1,fraction_0.0625,0.6145597189000803,0.4955598610005248,0.4962792301597786,11121153051242,113907755937620,True,0.11899985789955553,0,125170025908124,measurement,"{""Brier"": 0.19612260208139928, ""ROC_AUC"": 0.4962792301597786, ""dislike_PR_AUC"": 0.24947642724635727, ""dislike_only_log_loss"": 2.232136150249267, ""log_loss"": 0.6206774959012761}",evaluation,11121153051242,0.6045126203940525,9.763297467937429,26014,11262269970504,0,0.0,3000
tail,medium,v0_to_v1,fraction_0.125,0.6145597189000803,0.4955598610005248,0.4982731845807742,21796062322242,113907755937620,True,0.11899985789955553,0,125170025908124,measurement,"{""Brier"": 0.19605330064943977, ""ROC_AUC"": 0.4982731845807742, ""dislike_PR_AUC"": 0.2506244271003665, ""dislike_only_log_loss"": 2.2318411586002296, ""log_loss"": 0.6203614736293972}",evaluation,21796062322242,2.2801065716730813,19.134836028354655,26014,11262269970504,0,0.0,3000
tail,medium,v0_to_v1,fraction_0.25,0.6145597189000803,0.4955598610005248,0.506172735956395,41830634798986,113907755937620,True,0.11899985789955553,0,125170025908124,measurement,"{""Brier"": 0.19578587232282157, ""ROC_AUC"": 0.506172735956395, ""dislike_PR_AUC"": 0.2550345416615832, ""dislike_only_log_loss"": 2.2303248214478124, ""log_loss"": 0.6190969144455861}",evaluation,41830634798986,8.918392965501054,36.723254228530294,26014,11262269970504,0,0.0,3000
tail,medium,v0_to_v1,fraction_0.5,0.6145597189000803,0.4955598610005248,0.5328650957055509,76632113572460,113907755937620,True,0.11899985789955553,0,125170025908124,measurement,"{""Brier"": 0.19488361034591734, ""ROC_AUC"": 0.5328650957055509, ""dislike_PR_AUC"": 0.27087120840597234, ""dislike_only_log_loss"": 2.2238167886824107, ""log_loss"": 0.6147727966477876}",evaluation,76632113572460,31.348974161393006,67.27558886721157,26014,11262269970504,0,0.0,3000
tail,medium,v0_to_v1,reuse,0.6145597189000803,0.4955598610005248,0.4955598610005248,0,113907755937620,True,0.11899985789955553,0,125170025908124,reference,"{""Brier"": 0.19614894304061806, ""ROC_AUC"": 0.4955598610005248, ""dislike_PR_AUC"": 0.24904703933432557, ""dislike_only_log_loss"": 2.232269378641377, ""log_loss"": 0.6207974684015022}",evaluation,0,0.0,0.0,26014,11262269970504,0,,3000
tail,medium,v0_to_v1,full,0.6145597189000803,0.4955598610005248,0.6145597189000803,113907755937620,113907755937620,True,0.11899985789955553,0,125170025908124,reference,"{""Brier"": 0.19202060747655933, ""ROC_AUC"": 0.6145597189000803, ""dislike_PR_AUC"": 0.32970350096300083, ""dislike_only_log_loss"": 2.1954492360865268, ""log_loss"": 0.6007907656946034}",evaluation,125170025908124,100.0,100.0,26014,11262269970504,0,,3000
deviation,medium,v0_to_v1,fraction_0.03125,0.6145597189000803,0.4955598610005248,0.5047961358513029,11496624808130,113907755937620,True,0.11899985789955553,0,125170025908124,measurement,"{""Brier"": 0.19592396862719494, ""ROC_AUC"": 0.5047961358513029, ""dislike_PR_AUC"": 0.25387184731642404, ""dislike_only_log_loss"": 2.2334297064797495, ""log_loss"": 0.6198393752279442}",evaluation,5561025186792,7.7615847731298855,10.092925379397315,26014,11262269970504,5935599621338,253786774.82765287,3000
deviation,medium,v0_to_v1,fraction_0.0625,0.6145597189000803,0.4955598610005248,0.5128300147607452,17051928180206,113907755937620,True,0.11899985789955553,0,125170025908124,measurement,"{""Brier"": 0.19565290081250378, ""ROC_AUC"": 0.5128300147607452, ""dislike_PR_AUC"": 0.2585216730998846, ""dislike_only_log_loss"": 2.231957078330421, ""log_loss"": 0.6186079431207019}",evaluation,11116328558868,14.512751582273026,14.96994479422828,26014,11262269970504,5935599621338,259245750.29315072,3000
deviation,medium,v0_to_v1,fraction_0.125,0.6145597189000803,0.4955598610005248,0.5259228129069817,28160877404654,113907755937620,True,0.11899985789955553,0,125170025908124,measurement,"{""Brier"": 0.1951400083163278, ""ROC_AUC"": 0.5259228129069817, ""dislike_PR_AUC"": 0.2664837779389367, ""dislike_only_log_loss"": 2.2267834994207165, ""log_loss"": 0.6161991451700315}",evaluation,22225277783316,25.515116103823807,24.72252848179707,26014,11262269970504,5935599621338,271728222.3628292,3000
deviation,medium,v0_to_v1,fraction_0.25,0.6145597189000803,0.4955598610005248,0.5491333347974978,50380105637774,113907755937620,True,0.11899985789955553,0,125170025908124,measurement,"{""Brier"": 0.19423722429980267, ""ROC_AUC"": 0.5491333347974978, ""dislike_PR_AUC"": 0.28095653476339644, ""dislike_only_log_loss"": 2.2161514348317293, ""log_loss"": 0.6117968141377572}",evaluation,44444506016436,45.01977963889075,44.22886327895351,26014,11262269970504,5935599621338,299829666.7725752,3000
deviation,medium,v0_to_v1,fraction_0.5,0.6145597189000803,0.4955598610005248,0.582133139102076,94817207169842,113907755937620,True,0.11899985789955553,0,125170025908124,measurement,"{""Brier"": 0.19301185698887027, ""ROC_AUC"": 0.582133139102076, ""dislike_PR_AUC"": 0.3037746323483397, ""dislike_only_log_loss"": 2.201753514286695, ""log_loss"": 0.6056485301473568}",evaluation,88881607548504,72.75074074006481,83.24034337202404,26014,11262269970504,5935599621338,362300004.8700187,3000
deviation,medium,v0_to_v1,reuse,0.6145597189000803,0.4955598610005248,0.4955598610005248,0,113907755937620,True,0.11899985789955553,0,125170025908124,reference,"{""Brier"": 0.19614894304061806, ""ROC_AUC"": 0.4955598610005248, ""dislike_PR_AUC"": 0.24904703933432557, ""dislike_only_log_loss"": 2.232269378641377, ""log_loss"": 0.6207974684015022}",evaluation,0,0.0,0.0,26014,11262269970504,0,,3000
deviation,medium,v0_to_v1,full,0.6145597189000803,0.4955598610005248,0.6145597189000803,113907755937620,113907755937620,True,0.11899985789955553,0,125170025908124,reference,"{""Brier"": 0.19202060747655933, ""ROC_AUC"": 0.6145597189000803, ""dislike_PR_AUC"": 0.32970350096300083, ""dislike_only_log_loss"": 2.1954492360865268, ""log_loss"": 0.6007907656946034}",evaluation,125170025908124,100.0,100.0,26014,11262269970504,0,,3000
query,medium,v0_to_v1,fraction_0.03125,0.6145597189000803,0.4955598610005248,0.4998464225270671,5575604453888,113907755937620,True,0.11899985789955553,0,125170025908124,measurement,"{""Brier"": 0.19596027103613464, ""ROC_AUC"": 0.4998464225270671, ""dislike_PR_AUC"": 0.25165376968374287, ""dislike_only_log_loss"": 2.230250104356224, ""log_loss"": 0.6198684271981345}",evaluation,5561025186792,3.602156844725394,4.894841802468132,26014,11262269970504,14579267096,253786774.82765287,3000
query,medium,v0_to_v1,fraction_0.0625,0.6145597189000803,0.4955598610005248,0.5028514248888519,11130907825964,113907755937620,True,0.11899985789955553,0,125170025908124,measurement,"{""Brier"": 0.19579819185536793, ""ROC_AUC"": 0.5028514248888519, ""dislike_PR_AUC"": 0.2535765379262948, ""dislike_only_log_loss"": 2.22764373031124, ""log_loss"": 0.6190760916518551}",evaluation,11116328558868,6.127371928865446,9.771861217299099,26014,11262269970504,14579267096,259245750.29315072,3000
query,medium,v0_to_v1,fraction_0.125,0.6145597189000803,0.4955598610005248,0.5074383600395849,22239857050412,113907755937620,True,0.11899985789955553,0,125170025908124,measurement,"{""Brier"": 0.1955488490419106, ""ROC_AUC"": 0.5074383600395849, ""dislike_PR_AUC"": 0.2563426181703108, ""dislike_only_log_loss"": 2.223114000095775, ""log_loss"": 0.6178876598274505}",evaluation,22225277783316,9.981943885249331,19.52444490486789,26014,11262269970504,14579267096,271728222.3628292,3000
query,medium,v0_to_v1,fraction_0.25,0.6145597189000803,0.4955598610005248,0.5249461059069532,44459085283532,113907755937620,True,0.11899985789955553,0,125170025908124,measurement,"{""Brier"": 0.19489940331434996, ""ROC_AUC"": 0.5249461059069532, ""dislike_PR_AUC"": 0.2668462332580909, ""dislike_only_log_loss"": 2.2176627786711447, ""log_loss"": 0.614949476968031}",evaluation,44444506016436,24.69435293883506,39.03077970202433,26014,11262269970504,14579267096,299829666.7725752,3000
query,medium,v0_to_v1,fraction_0.5,0.6145597189000803,0.4955598610005248,0.5688095219754158,88896186815600,113907755937620,True,0.11899985789955553,0,125170025908124,measurement,"{""Brier"": 0.19369882674344438, ""ROC_AUC"": 0.5688095219754158, ""dislike_PR_AUC"": 0.29612331872579434, ""dislike_only_log_loss"": 2.2171287476823753, ""log_loss"": 0.6095175180374875}",evaluation,88881607548504,61.5544104571276,78.04225979509486,26014,11262269970504,14579267096,362300004.8700187,3000
query,medium,v0_to_v1,reuse,0.6145597189000803,0.4955598610005248,0.4955598610005248,0,113907755937620,True,0.11899985789955553,0,125170025908124,reference,"{""Brier"": 0.19614894304061806, ""ROC_AUC"": 0.4955598610005248, ""dislike_PR_AUC"": 0.24904703933432557, ""dislike_only_log_loss"": 2.232269378641377, ""log_loss"": 0.6207974684015022}",evaluation,0,0.0,0.0,26014,11262269970504,0,,3000
query,medium,v0_to_v1,full,0.6145597189000803,0.4955598610005248,0.6145597189000803,113907755937620,113907755937620,True,0.11899985789955553,0,125170025908124,reference,"{""Brier"": 0.19202060747655933, ""ROC_AUC"": 0.6145597189000803, ""dislike_PR_AUC"": 0.32970350096300083, ""dislike_only_log_loss"": 2.1954492360865268, ""log_loss"": 0.6007907656946034}",evaluation,125170025908124,100.0,100.0,26014,11262269970504,0,,3000
layer,medium,v1_to_v2,layers_1,0.508617648862477,0.42569749013868924,0.49182894165818797,25723211791154,116650888472166,True,0.08292015872378772,2533286554856,128043672379278,measurement,"{""Brier"": 0.22789100861345302, ""ROC_AUC"": 0.49182894165818797, ""dislike_PR_AUC"": 0.30109489684184737, ""dislike_only_log_loss"": 2.2166585361540276, ""log_loss"": 0.7103458497004348}",evaluation,23189925236298,79.75316562018021,22.051449524357288,26001,11392783907112,0,0.0,3000
layer,medium,v1_to_v2,layers_2,0.508617648862477,0.42569749013868924,0.49340093749543895,46690000887836,116650888472166,True,0.08292015872378772,2533286554856,128043672379278,measurement,"{""Brier"": 0.22775759442093008, ""ROC_AUC"": 0.49340093749543895, ""dislike_PR_AUC"": 0.3024607739918467, ""dislike_only_log_loss"": 2.2147716313753736, ""log_loss"": 0.709771991816616}",evaluation,44156714332980,81.64896015488124,40.02541386470166,26001,11392783907112,0,0.0,3000
layer,medium,v1_to_v2,layers_3,0.508617648862477,0.42569749013868924,0.5068733074045284,67656789984518,116650888472166,True,0.08292015872378772,2533286554856,128043672379278,measurement,"{""Brier"": 0.2265791819167761, ""ROC_AUC"": 0.5068733074045284, ""dislike_PR_AUC"": 0.31482734131912854, ""dislike_only_log_loss"": 2.196098429107081, ""log_loss"": 0.7043612349580501}",evaluation,65123503429662,97.89636020384492,57.99937820504603,26001,11392783907112,0,0.0,3000
layer,medium,v1_to_v2,layers_5,0.508617648862477,0.42569749013868924,0.5073431961252041,109590368177882,116650888472166,True,0.08292015872378772,2533286554856,128043672379278,measurement,"{""Brier"": 0.22649492486225628, ""ROC_AUC"": 0.5073431961252041, ""dislike_PR_AUC"": 0.3163113079564167, ""dislike_only_log_loss"": 2.195694379716051, ""log_loss"": 0.7042238742608159}",evaluation,107057081623026,98.46303630276665,93.94730688573478,26001,11392783907112,0,0.0,3000
layer,medium,v1_to_v2,reuse,0.508617648862477,0.42569749013868924,0.42569749013868924,0,116650888472166,True,0.08292015872378772,0,128043672379278,reference,"{""Brier"": 0.22987132361948304, ""ROC_AUC"": 0.42569749013868924, ""dislike_PR_AUC"": 0.26801618068102406, ""dislike_only_log_loss"": 2.206752007966135, ""log_loss"": 0.7191580441338082}",evaluation,0,0.0,0.0,26001,11392783907112,0,,3000
layer,medium,v1_to_v2,full,0.508617648862477,0.42569749013868924,0.508617648862477,116650888472166,116650888472166,True,0.08292015872378772,0,128043672379278,reference,"{""Brier"": 0.22646226374182332, ""ROC_AUC"": 0.508617648862477, ""dislike_PR_AUC"": 0.3170988283811147, ""dislike_only_log_loss"": 2.1957179173706938, ""log_loss"": 0.704055697160732}",evaluation,128043672379278,99.99999999999999,100.0,26001,11392783907112,0,,3000
tail,medium,v1_to_v2,fraction_0.03125,0.508617648862477,0.42569749013868924,0.4259222842964806,5715937191792,116650888472166,True,0.08292015872378772,0,128043672379278,measurement,"{""Brier"": 0.22986179685885846, ""ROC_AUC"": 0.4259222842964806, ""dislike_PR_AUC"": 0.2681222053131549, ""dislike_only_log_loss"": 2.2067475215480763, ""log_loss"": 0.7191190471899924}",evaluation,5715937191792,0.2710971146837372,4.900037425052169,26001,11392783907112,0,0.0,3000
tail,medium,v1_to_v2,fraction_0.0625,0.508617648862477,0.42569749013868924,0.42644589055946047,11427084316042,116650888472166,True,0.08292015872378772,0,128043672379278,measurement,"{""Brier"": 0.22983997048233404, ""ROC_AUC"": 0.42644589055946047, ""dislike_PR_AUC"": 0.2684179170182143, ""dislike_only_log_loss"": 2.2067684722286924, ""log_loss"": 0.7190319140997783}",evaluation,11427084316042,0.9025554609274237,9.7959685225789,26001,11392783907112,0,0.0,3000
tail,medium,v1_to_v2,fraction_0.125,0.508617648862477,0.42569749013868924,0.4285062143148378,22392835837758,116650888472166,True,0.08292015872378772,0,128043672379278,measurement,"{""Brier"": 0.229753203073204, ""ROC_AUC"": 0.4285062143148378, ""dislike_PR_AUC"": 0.26952235344036, ""dislike_only_log_loss"": 2.206694781498704, ""log_loss"": 0.7186658105149762}",evaluation,22392835837758,3.387263386102067,19.19645545014528,26001,11392783907112,0,0.0,3000
tail,medium,v1_to_v2,fraction_0.25,0.508617648862477,0.42569749013868924,0.4348451197164067,42956343668598,116650888472166,True,0.08292015872378772,0,128043672379278,measurement,"{""Brier"": 0.2294907699436671, ""ROC_AUC"": 0.4348451197164067, ""dislike_PR_AUC"": 0.27301675716580276, ""dislike_only_log_loss"": 2.2067546513263863, ""log_loss"": 0.7175849776843392}",evaluation,42956343668598,11.031852469299784,36.82470337878977,26001,11392783907112,0,0.0,3000
tail,medium,v1_to_v2,fraction_0.5,0.508617648862477,0.42569749013868924,0.4552496899066224,78612931168462,116650888472166,True,0.08292015872378772,0,128043672379278,measurement,"{""Brier"": 0.2286434285274227, ""ROC_AUC"": 0.4552496899066224, ""dislike_PR_AUC"": 0.28478918383618856, ""dislike_only_log_loss"": 2.205825886850009, ""log_loss"": 0.7140397804882828}",evaluation,78612931168462,35.63934298096727,67.39162658604164,26001,11392783907112,0,0.0,3000
tail,medium,v1_to_v2,reuse,0.508617648862477,0.42569749013868924,0.42569749013868924,0,116650888472166,True,0.08292015872378772,0,128043672379278,reference,"{""Brier"": 0.22987132361948304, ""ROC_AUC"": 0.42569749013868924, ""dislike_PR_AUC"": 0.26801618068102406, ""dislike_only_log_loss"": 2.206752007966135, ""log_loss"": 0.7191580441338082}",evaluation,0,0.0,0.0,26001,11392783907112,0,,3000
tail,medium,v1_to_v2,full,0.508617648862477,0.42569749013868924,0.508617648862477,116650888472166,116650888472166,True,0.08292015872378772,0,128043672379278,reference,"{""Brier"": 0.22646226374182332, ""ROC_AUC"": 0.508617648862477, ""dislike_PR_AUC"": 0.3170988283811147, ""dislike_only_log_loss"": 2.1957179173706938, ""log_loss"": 0.704055697160732}",evaluation,128043672379278,99.99999999999999,100.0,26001,11392783907112,0,,3000
deviation,medium,v1_to_v2,fraction_0.03125,0.508617648862477,0.42569749013868924,0.4484050546633006,11797897583370,116650888472166,True,0.08292015872378772,0,128043672379278,measurement,"{""Brier"": 0.22934674065883362, ""ROC_AUC"": 0.4484050546633006, ""dislike_PR_AUC"": 0.28050858768645137, ""dislike_only_log_loss"": 2.2182652475603186, ""log_loss"": 0.7174973472718744}",evaluation,5713463780690,27.384854146567296,10.113851457020912,26001,11392783907112,6084433802680,260406481.47965533,3000
deviation,medium,v1_to_v2,fraction_0.0625,0.508617648862477,0.42569749013868924,0.46059638036457423,17506574210670,116650888472166,True,0.08292015872378772,0,128043672379278,measurement,"{""Brier"": 0.2289105177835595, ""ROC_AUC"": 0.46059638036457423, ""dislike_PR_AUC"": 0.28844631251437963, ""dislike_only_log_loss"": 2.2202946700010298, ""log_loss"": 0.7157642614598966}",evaluation,11422140407990,42.087341320866734,15.007664699311084,26001,11392783907112,6084433802680,266009510.8217494,3000
deviation,medium,v1_to_v2,fraction_0.125,0.508617648862477,0.42569749013868924,0.4734788283731733,28923275412390,116650888472166,True,0.08292015872378772,0,128043672379278,measurement,"{""Brier"": 0.22831448842057475, ""ROC_AUC"": 0.4734788283731733, ""dislike_PR_AUC"": 0.2974907369968564, ""dislike_only_log_loss"": 2.2184008187354447, ""log_loss"": 0.713178761001323}",evaluation,22838841609710,57.623307733462866,24.79473220582573,26001,11392783907112,6084433802680,278821009.0189069,3000
deviation,medium,v1_to_v2,fraction_0.25,0.508617648862477,0.42569749013868924,0.4855398989657041,51756353764230,116650888472166,True,0.08292015872378772,0,128043672379278,measurement,"{""Brier"": 0.22762118128321457, ""ROC_AUC"": 0.4855398989657041, ""dislike_PR_AUC"": 0.30566101665042206, ""dislike_only_log_loss"": 2.211164749740214, ""log_loss"": 0.7098799977080634}",evaluation,45671919961550,72.1687099350035,44.36858942277114,26001,11392783907112,6084433802680,307656807.5972486,3000
deviation,medium,v1_to_v2,fraction_0.5,0.508617648862477,0.42569749013868924,0.4988883882183114,97422765757350,116650888472166,True,0.08292015872378772,0,128043672379278,measurement,"{""Brier"": 0.22687997054708844, ""ROC_AUC"": 0.4988883882183114, ""dislike_PR_AUC"": 0.31285571037637, ""dislike_only_log_loss"": 2.2005581676590107, ""log_loss"": 0.7061311938348861}",evaluation,91338331954670,88.26671246906997,83.51652270577947,26001,11392783907112,6084433802680,371756604.99340296,3000
deviation,medium,v1_to_v2,reuse,0.508617648862477,0.42569749013868924,0.42569749013868924,0,116650888472166,True,0.08292015872378772,0,128043672379278,reference,"{""Brier"": 0.22987132361948304, ""ROC_AUC"": 0.42569749013868924, ""dislike_PR_AUC"": 0.26801618068102406, ""dislike_only_log_loss"": 2.206752007966135, ""log_loss"": 0.7191580441338082}",evaluation,0,0.0,0.0,26001,11392783907112,0,,3000
deviation,medium,v1_to_v2,full,0.508617648862477,0.42569749013868924,0.508617648862477,116650888472166,116650888472166,True,0.08292015872378772,0,128043672379278,reference,"{""Brier"": 0.22646226374182332, ""ROC_AUC"": 0.508617648862477, ""dislike_PR_AUC"": 0.3170988283811147, ""dislike_only_log_loss"": 2.1957179173706938, ""log_loss"": 0.704055697160732}",evaluation,128043672379278,99.99999999999999,100.0,26001,11392783907112,0,,3000
query,medium,v1_to_v2,fraction_0.03125,0.508617648862477,0.42569749013868924,0.4421766557067775,5728301222850,116650888472166,True,0.08292015872378772,0,128043672379278,measurement,"{""Brier"": 0.22946633211611528, ""ROC_AUC"": 0.4421766557067775, ""dislike_PR_AUC"": 0.2754735873315722, ""dislike_only_log_loss"": 2.2117866145303404, ""log_loss"": 0.7175526805785812}",evaluation,5713463780690,19.873533555309997,4.910636599409036,26001,11392783907112,14837442160,260406481.47965533,3000
query,medium,v1_to_v2,fraction_0.0625,0.508617648862477,0.42569749013868924,0.45324368693080885,11436977850150,116650888472166,True,0.08292015872378772,0,128043672379278,measurement,"{""Brier"": 0.22906225021715648, ""ROC_AUC"": 0.45324368693080885, ""dislike_PR_AUC"": 0.28146828299725585, ""dislike_only_log_loss"": 2.2122456383291866, ""log_loss"": 0.7157632549757345}",evaluation,11422140407990,33.22014479479922,9.804449841699208,26001,11392783907112,14837442160,266009510.8217494,3000
query,medium,v1_to_v2,fraction_0.125,0.508617648862477,0.42569749013868924,0.46764753241237933,22853679051870,116650888472166,True,0.08292015872378772,0,128043672379278,measurement,"{""Brier"": 0.2283779734314369, ""ROC_AUC"": 0.46764753241237933, ""dislike_PR_AUC"": 0.29056054039725776, ""dislike_only_log_loss"": 2.208834855584929, ""log_loss"": 0.7125308156347028}",evaluation,22838841609710,50.59088515909421,19.591517348213856,26001,11392783907112,14837442160,278821009.0189069,3000
query,medium,v1_to_v2,fraction_0.25,0.508617648862477,0.42569749013868924,0.4886172108533742,45686757403710,116650888472166,True,0.08292015872378772,0,128043672379278,measurement,"{""Brier"": 0.22737499506180103, ""ROC_AUC"": 0.4886172108533742, ""dislike_PR_AUC"": 0.3040354422642239, ""dislike_only_log_loss"": 2.2015954181659767, ""log_loss"": 0.707801688699757}",evaluation,45671919961550,75.87988455771593,39.16537456515926,26001,11392783907112,14837442160,307656807.5972486,3000
query,medium,v1_to_v2,fraction_0.5,0.508617648862477,0.42569749013868924,0.5025122293848228,91353169396830,116650888472166,True,0.08292015872378772,0,128043672379278,measurement,"{""Brier"": 0.22682702047315342, ""ROC_AUC"": 0.5025122293848228, ""dislike_PR_AUC"": 0.31296928867245927, ""dislike_only_log_loss"": 2.199444955856488, ""log_loss"": 0.7054538647225915}",evaluation,91338331954670,92.63699012203809,78.3133078481676,26001,11392783907112,14837442160,371756604.99340296,3000
query,medium,v1_to_v2,reuse,0.508617648862477,0.42569749013868924,0.42569749013868924,0,116650888472166,True,0.08292015872378772,0,128043672379278,reference,"{""Brier"": 0.22987132361948304, ""ROC_AUC"": 0.42569749013868924, ""dislike_PR_AUC"": 0.26801618068102406, ""dislike_only_log_loss"": 2.206752007966135, ""log_loss"": 0.7191580441338082}",evaluation,0,0.0,0.0,26001,11392783907112,0,,3000
query,medium,v1_to_v2,full,0.508617648862477,0.42569749013868924,0.508617648862477,116650888472166,116650888472166,True,0.08292015872378772,0,128043672379278,reference,"{""Brier"": 0.22646226374182332, ""ROC_AUC"": 0.508617648862477, ""dislike_PR_AUC"": 0.3170988283811147, ""dislike_only_log_loss"": 2.1957179173706938, ""log_loss"": 0.704055697160732}",evaluation,128043672379278,99.99999999999999,100.0,26001,11392783907112,0,,3000
layer,medium,v2_to_v3,layers_1,0.5331602831794487,0.4502834568027969,0.5145700315963038,27270301218348,124135347362584,True,0.08287682637665184,2609381366108,136173392585440,measurement,"{""Brier"": 0.25884554724732106, ""ROC_AUC"": 0.5145700315963038, ""dislike_PR_AUC"": 0.3900676072532678, ""dislike_only_log_loss"": 2.1043761282033038, ""log_loss"": 0.7804071731784968}",evaluation,24660919852240,77.5688182138424,21.96819987033574,27313,12038045222856,0,0.0,3000
layer,medium,v2_to_v3,layers_2,0.5331602831794487,0.4502834568027969,0.5157827243553806,49568586928972,124135347362584,True,0.08287682637665184,2609381366108,136173392585440,measurement,"{""Brier"": 0.25869367924403186, ""ROC_AUC"": 0.5157827243553806, ""dislike_PR_AUC"": 0.3912259109012528, ""dislike_only_log_loss"": 2.101760634808026, ""log_loss"": 0.7796685054038356}",evaluation,46959205562864,79.0320653145042,39.9310816637813,27313,12038045222856,0,0.0,3000
layer,medium,v2_to_v3,layers_3,0.5331602831794487,0.4502834568027969,0.5304937726889405,71866872639596,124135347362584,True,0.08287682637665184,2609381366108,136173392585440,measurement,"{""Brier"": 0.25789614312637255, ""ROC_AUC"": 0.5304937726889405, ""dislike_PR_AUC"": 0.403565440124879, ""dislike_only_log_loss"": 2.0931737774134853, ""log_loss"": 0.7756095036058737}",evaluation,69257491273488,96.78256201752983,57.89396345722685,27313,12038045222856,0,0.0,3000
layer,medium,v2_to_v3,layers_5,0.5331602831794487,0.4502834568027969,0.5323038002584926,116463444060844,124135347362584,True,0.08287682637665184,2609381366108,136173392585440,measurement,"{""Brier"": 0.25780831845734203, ""ROC_AUC"": 0.5323038002584926, ""dislike_PR_AUC"": 0.4050244367669544, ""dislike_only_log_loss"": 2.0923424488656646, ""log_loss"": 0.7751633833256215}",evaluation,113854062694736,98.96655921998786,93.81972704411797,27313,12038045222856,0,0.0,3000
layer,medium,v2_to_v3,reuse,0.5331602831794487,0.4502834568027969,0.4502834568027969,0,124135347362584,True,0.08287682637665184,0,136173392585440,reference,"{""Brier"": 0.26055991555363955, ""ROC_AUC"": 0.4502834568027969, ""dislike_PR_AUC"": 0.33651536846954067, ""dislike_only_log_loss"": 2.0961363205852153, ""log_loss"": 0.7874427754778327}",evaluation,0,0.0,0.0,27313,12038045222856,0,,3000
layer,medium,v2_to_v3,full,0.5331602831794487,0.4502834568027969,0.5331602831794487,124135347362584,124135347362584,True,0.08287682637665184,0,136173392585440,reference,"{""Brier"": 0.2577915792589112, ""ROC_AUC"": 0.5331602831794487, ""dislike_PR_AUC"": 0.40570452935392753, ""dislike_only_log_loss"": 2.0924484767384586, ""log_loss"": 0.7750729924550221}",evaluation,136173392585440,100.0,100.0,27313,12038045222856,0,,3000
tail,medium,v2_to_v3,fraction_0.03125,0.5331602831794487,0.4502834568027969,0.45049717539405143,6088771085862,124135347362584,True,0.08287682637665184,0,136173392585440,measurement,"{""Brier"": 0.2605513963103158, ""ROC_AUC"": 0.45049717539405143, ""dislike_PR_AUC"": 0.33667366203924914, ""dislike_only_log_loss"": 2.096119357790319, ""log_loss"": 0.7874061007040146}",evaluation,6088771085862,0.2578749701191843,4.904945460922949,27313,12038045222856,0,0.0,3000
tail,medium,v2_to_v3,fraction_0.0625,0.5331602831794487,0.4502834568027969,0.451061556133344,12173524633676,124135347362584,True,0.08287682637665184,0,136173392585440,measurement,"{""Brier"": 0.2605305958410362, ""ROC_AUC"": 0.451061556133344, ""dislike_PR_AUC"": 0.33712144334809224, ""dislike_only_log_loss"": 2.0961171609417466, ""log_loss"": 0.7873217312684979}",evaluation,12173524633676,0.9388623630577068,9.806654504392403,27313,12038045222856,0,0.0,3000
tail,medium,v2_to_v3,fraction_0.125,0.5331602831794487,0.4502834568027969,0.4531996468586042,23854619148862,124135347362584,True,0.08287682637665184,0,136173392585440,measurement,"{""Brier"": 0.2604501847895395, ""ROC_AUC"": 0.4531996468586042, ""dislike_PR_AUC"": 0.33885238703432086, ""dislike_only_log_loss"": 2.096028957069054, ""log_loss"": 0.7869829215596683}",evaluation,23854619148862,3.518703820238031,19.216620934878126,27313,12038045222856,0,0.0,3000
tail,medium,v2_to_v3,fraction_0.25,0.5331602831794487,0.4502834568027969,0.4601353653440596,45753824435342,124135347362584,True,0.08287682637665184,0,136173392585440,measurement,"{""Brier"": 0.260199006225266, ""ROC_AUC"": 0.4601353653440596, ""dislike_PR_AUC"": 0.3444804796272548, ""dislike_only_log_loss"": 2.0959094748553206, ""log_loss"": 0.7859225434328665}",evaluation,45753824435342,11.887410476468435,36.858014584436404,27313,12038045222856,0,0.0,3000
tail,medium,v2_to_v3,fraction_0.5,0.5331602831794487,0.4502834568027969,0.48124694610476054,83699007156374,124135347362584,True,0.08287682637665184,0,136173392585440,measurement,"{""Brier"": 0.25949329128577314, ""ROC_AUC"": 0.48124694610476054, ""dislike_PR_AUC"": 0.3619686434229736, ""dislike_only_log_loss"": 2.0963623672043568, ""log_loss"": 0.7829833302141773}",evaluation,83699007156374,37.360853034168194,67.42560353248906,27313,12038045222856,0,0.0,3000
tail,medium,v2_to_v3,reuse,0.5331602831794487,0.4502834568027969,0.4502834568027969,0,124135347362584,True,0.08287682637665184,0,136173392585440,reference,"{""Brier"": 0.26055991555363955, ""ROC_AUC"": 0.4502834568027969, ""dislike_PR_AUC"": 0.33651536846954067, ""dislike_only_log_loss"": 2.0961363205852153, ""log_loss"": 0.7874427754778327}",evaluation,0,0.0,0.0,27313,12038045222856,0,,3000
tail,medium,v2_to_v3,full,0.5331602831794487,0.4502834568027969,0.5331602831794487,124135347362584,124135347362584,True,0.08287682637665184,0,136173392585440,reference,"{""Brier"": 0.2577915792589112, ""ROC_AUC"": 0.5331602831794487, ""dislike_PR_AUC"": 0.40570452935392753, ""dislike_only_log_loss"": 2.0924484767384586, ""log_loss"": 0.7750729924550221}",evaluation,136173392585440,100.0,100.0,27313,12038045222856,0,,3000
deviation,medium,v2_to_v3,fraction_0.03125,0.5331602831794487,0.4502834568027969,0.4817605171926541,12552365268628,124135347362584,True,0.08287682637665184,0,136173392585440,measurement,"{""Brier"": 0.2600760871950393, ""ROC_AUC"": 0.4817605171926541, ""dislike_PR_AUC"": 0.3571582492592918, ""dislike_only_log_loss"": 2.1076509668077534, ""log_loss"": 0.7858638589072079}",evaluation,6086143341516,37.980532998214514,10.111838034306292,27313,12038045222856,6466221927112,276989826.04170555,3000
deviation,medium,v2_to_v3,fraction_0.0625,0.5331602831794487,0.4502834568027969,0.49772881345687675,18634493383744,124135347362584,True,0.08287682637665184,0,136173392585440,measurement,"{""Brier"": 0.25966653993938765, ""ROC_AUC"": 0.49772881345687675, ""dislike_PR_AUC"": 0.3703661225835193, ""dislike_only_log_loss"": 2.1100837733334123, ""log_loss"": 0.784208872226911}",evaluation,12168271456632,57.24803751347096,15.011432101861326,27313,12038045222856,6466221927112,282951351.07626927,3000
deviation,medium,v2_to_v3,fraction_0.125,0.5331602831794487,0.4502834568027969,0.5111980657456051,30798148966948,124135347362584,True,0.08287682637665184,0,136173392585440,measurement,"{""Brier"": 0.2592032867081647, ""ROC_AUC"": 0.5111980657456051, ""dislike_PR_AUC"": 0.3843095983482928, ""dislike_only_log_loss"": 2.1100034418864704, ""log_loss"": 0.7822546211226186}",evaluation,24331927039836,73.5001708028351,24.810136372350428,27313,12038045222856,6466221927112,296580946.802326,3000
deviation,medium,v2_to_v3,fraction_0.25,0.5331602831794487,0.4502834568027969,0.5195093554649183,55125910926292,124135347362584,True,0.08287682637665184,0,136173392585440,measurement,"{""Brier"": 0.25872120550982347, ""ROC_AUC"": 0.5195093554649183, ""dislike_PR_AUC"": 0.39454951255721477, ""dislike_only_log_loss"": 2.1054112974678323, ""log_loss"": 0.7799152583598365}",evaluation,48659688999180,83.52865534149336,44.40790805964077,27313,12038045222856,6466221927112,327256000.9963379,3000
deviation,medium,v2_to_v3,fraction_0.5,0.5331602831794487,0.4502834568027969,0.5284682290887331,103781945595316,124135347362584,True,0.08287682637665184,0,136173392585440,measurement,"{""Brier"": 0.2581844435363263, ""ROC_AUC"": 0.5284682290887331, ""dislike_PR_AUC"": 0.40225867742346133, ""dislike_only_log_loss"": 2.0988022580385266, ""log_loss"": 0.7772106965981428}",evaluation,97315723668204,94.33852103675937,83.6038628805555,27313,12038045222856,6466221927112,395438661.6393017,3000
deviation,medium,v2_to_v3,reuse,0.5331602831794487,0.4502834568027969,0.4502834568027969,0,124135347362584,True,0.08287682637665184,0,136173392585440,reference,"{""Brier"": 0.26055991555363955, ""ROC_AUC"": 0.4502834568027969, ""dislike_PR_AUC"": 0.33651536846954067, ""dislike_only_log_loss"": 2.0961363205852153, ""log_loss"": 0.7874427754778327}",evaluation,0,0.0,0.0,27313,12038045222856,0,,3000
deviation,medium,v2_to_v3,full,0.5331602831794487,0.4502834568027969,0.5331602831794487,124135347362584,124135347362584,True,0.08287682637665184,0,136173392585440,reference,"{""Brier"": 0.2577915792589112, ""ROC_AUC"": 0.5331602831794487, ""dislike_PR_AUC"": 0.40570452935392753, ""dislike_only_log_loss"": 2.0924484767384586, ""log_loss"": 0.7750729924550221}",evaluation,136173392585440,100.0,100.0,27313,12038045222856,0,,3000
query,medium,v2_to_v3,fraction_0.03125,0.5331602831794487,0.4502834568027969,0.4729254597249825,6101860477790,124135347362584,True,0.08287682637665184,0,136173392585440,measurement,"{""Brier"": 0.26010990112181487, ""ROC_AUC"": 0.4729254597249825, ""dislike_PR_AUC"": 0.3509423122580428, ""dislike_only_log_loss"": 2.1023228322642518, ""log_loss"": 0.7858671101150262}",evaluation,6086143341516,27.320065103946035,4.9154899127701475,27313,12038045222856,15717136274,276989826.04170555,3000
query,medium,v2_to_v3,fraction_0.0625,0.5331602831794487,0.4502834568027969,0.4853335433961156,12183988592906,124135347362584,True,0.08287682637665184,0,136173392585440,measurement,"{""Brier"": 0.25971775590551954, ""ROC_AUC"": 0.4853335433961156, ""dislike_PR_AUC"": 0.36132536640653456, ""dislike_only_log_loss"": 2.1031008747622666, ""log_loss"": 0.7842996399242893}",evaluation,12168271456632,42.29178182333616,9.815083980325182,27313,12038045222856,15717136274,282951351.07626927,3000
query,medium,v2_to_v3,fraction_0.125,0.5331602831794487,0.4502834568027969,0.4985442721083919,24347644176110,124135347362584,True,0.08287682637665184,0,136173392585440,measurement,"{""Brier"": 0.25918962615563856, ""ROC_AUC"": 0.4985442721083919, ""dislike_PR_AUC"": 0.37466673775973847, ""dislike_only_log_loss"": 2.1016769172214214, ""log_loss"": 0.7819740369798}",evaluation,24331927039836,58.2319780034327,19.613788250814284,27313,12038045222856,15717136274,296580946.802326,3000
query,medium,v2_to_v3,fraction_0.25,0.5331602831794487,0.4502834568027969,0.5154832983697858,48675406135454,124135347362584,True,0.08287682637665184,0,136173392585440,measurement,"{""Brier"": 0.2585219424161329, ""ROC_AUC"": 0.5154832983697858, ""dislike_PR_AUC"": 0.390470027998111, ""dislike_only_log_loss"": 2.098154821024836, ""log_loss"": 0.7787862730231684}",evaluation,48659688999180,78.67077495302965,39.21155993810462,27313,12038045222856,15717136274,327256000.9963379,3000
query,medium,v2_to_v3,fraction_0.5,0.5331602831794487,0.4502834568027969,0.5291124222304332,97331440804478,124135347362584,True,0.08287682637665184,0,136173392585440,measurement,"{""Brier"": 0.25788788640916194, ""ROC_AUC"": 0.5291124222304332, ""dislike_PR_AUC"": 0.4027004068986143, ""dislike_only_log_loss"": 2.092368225807399, ""log_loss"": 0.7755824772073999}",evaluation,97315723668204,95.11581086536886,78.40751475901936,27313,12038045222856,15717136274,395438661.6393017,3000
query,medium,v2_to_v3,reuse,0.5331602831794487,0.4502834568027969,0.4502834568027969,0,124135347362584,True,0.08287682637665184,0,136173392585440,reference,"{""Brier"": 0.26055991555363955, ""ROC_AUC"": 0.4502834568027969, ""dislike_PR_AUC"": 0.33651536846954067, ""dislike_only_log_loss"": 2.0961363205852153, ""log_loss"": 0.7874427754778327}",evaluation,0,0.0,0.0,27313,12038045222856,0,,3000
query,medium,v2_to_v3,full,0.5331602831794487,0.4502834568027969,0.5331602831794487,124135347362584,124135347362584,True,0.08287682637665184,0,136173392585440,reference,"{""Brier"": 0.2577915792589112, ""ROC_AUC"": 0.5331602831794487, ""dislike_PR_AUC"": 0.40570452935392753, ""dislike_only_log_loss"": 2.0924484767384586, ""log_loss"": 0.7750729924550221}",evaluation,136173392585440,100.0,100.0,27313,12038045222856,0,,3000
layer,medium,v3_to_v4,layers_1,0.5817782652240544,0.38836767206435696,0.5726148379962607,24067797914406,108321596366354,True,0.19341059315969744,2498915287720,119023156247786,measurement,"{""Brier"": 0.23403991152394663, ""ROC_AUC"": 0.5726148379962607, ""dislike_PR_AUC"": 0.3670415740074369, ""dislike_only_log_loss"": 2.144090119826912, ""log_loss"": 0.714006302490942}",evaluation,21568882626686,95.26218958429668,22.218836060176223,24155,10701559881432,0,0.0,3000
layer,medium,v3_to_v4,layers_2,0.5817782652240544,0.38836767206435696,0.5736635259104932,43554944198660,108321596366354,True,0.19341059315969744,2498915287720,119023156247786,measurement,"{""Brier"": 0.2338390305819674, ""ROC_AUC"": 0.5736635259104932, ""dislike_PR_AUC"": 0.36813553720579206, ""dislike_only_log_loss"": 2.1401456925684896, ""log_loss"": 0.713148090998674}",evaluation,41056028910940,95.80439769043004,40.208920159700206,24155,10701559881432,0,0.0,3000
layer,medium,v3_to_v4,layers_3,0.5817782652240544,0.38836767206435696,0.5781806482282539,63042090482914,108321596366354,True,0.19341059315969744,2498915287720,119023156247786,measurement,"{""Brier"": 0.233127175320401, ""ROC_AUC"": 0.5781806482282539, ""dislike_PR_AUC"": 0.3727136058890112, ""dislike_only_log_loss"": 2.1270239203028813, ""log_loss"": 0.7099683938462977}",evaluation,60543175195194,98.13990695285754,58.19900425922419,24155,10701559881432,0,0.0,3000
layer,medium,v3_to_v4,layers_5,0.5817782652240544,0.38836767206435696,0.5802682866129789,102016383051422,108321596366354,True,0.19341059315969744,2498915287720,119023156247786,measurement,"{""Brier"": 0.23295421557020649, ""ROC_AUC"": 0.5802682866129789, ""dislike_PR_AUC"": 0.37478350078281836, ""dislike_only_log_loss"": 2.1247688184893745, ""log_loss"": 0.7092471885800993}",evaluation,99517467763702,99.21928856821782,94.17917245827216,24155,10701559881432,0,0.0,3000
layer,medium,v3_to_v4,reuse,0.5817782652240544,0.38836767206435696,0.38836767206435696,0,108321596366354,True,0.19341059315969744,0,119023156247786,reference,"{""Brier"": 0.2379995789663077, ""ROC_AUC"": 0.38836767206435696, ""dislike_PR_AUC"": 0.2576366368529783, ""dislike_only_log_loss"": 2.099612959855033, ""log_loss"": 0.729364451560315}",evaluation,0,0.0,0.0,24155,10701559881432,0,,3000
layer,medium,v3_to_v4,full,0.5817782652240544,0.38836767206435696,0.5817782652240544,108321596366354,108321596366354,True,0.19341059315969744,0,119023156247786,reference,"{""Brier"": 0.2328741866981017, ""ROC_AUC"": 0.5817782652240544, ""dislike_PR_AUC"": 0.3758682035218223, ""dislike_only_log_loss"": 2.1236895327719334, ""log_loss"": 0.7088383402734489}",evaluation,119023156247786,100.0,100.0,24155,10701559881432,0,,3000
tail,medium,v3_to_v4,fraction_0.03125,0.5817782652240544,0.38836767206435696,0.3888120215963254,5359733750528,108321596366354,True,0.19341059315969744,0,119023156247786,measurement,"{""Brier"": 0.2379857031815774, ""ROC_AUC"": 0.3888120215963254, ""dislike_PR_AUC"": 0.25783165844413514, ""dislike_only_log_loss"": 2.0997155382252464, ""log_loss"": 0.7293179520452897}",evaluation,5359733750528,0.22974415450012542,4.947982609488941,24155,10701559881432,0,0.0,3000
tail,medium,v3_to_v4,fraction_0.0625,0.5817782652240544,0.38836767206435696,0.3900620949169583,10715044330558,108321596366354,True,0.19341059315969744,0,119023156247786,measurement,"{""Brier"": 0.23794539616989208, ""ROC_AUC"": 0.3900620949169583, ""dislike_PR_AUC"": 0.258385855212361, ""dislike_only_log_loss"": 2.0999123581455903, ""log_loss"": 0.7291715940366122}",evaluation,10715044330558,0.8760755162992967,9.891881849967106,24155,10701559881432,0,0.0,3000
tail,medium,v3_to_v4,fraction_0.125,0.5817782652240544,0.38836767206435696,0.3947238091661075,20989506823954,108321596366354,True,0.19341059315969744,0,119023156247786,measurement,"{""Brier"": 0.23779400197155712, ""ROC_AUC"": 0.3947238091661075, ""dislike_PR_AUC"": 0.26045305729529117, ""dislike_only_log_loss"": 2.100492415388775, ""log_loss"": 0.7286098047546806}",evaluation,20989506823954,3.286343833557415,19.37702870715225,24155,10701559881432,0,0.0,3000
tail,medium,v3_to_v4,fraction_0.25,0.5817782652240544,0.38836767206435696,0.4100719704734209,40229872062050,108321596366354,True,0.19341059315969744,0,119023156247786,measurement,"{""Brier"": 0.23731292515881613, ""ROC_AUC"": 0.4100719704734209, ""dislike_PR_AUC"": 0.26773727297050137, ""dislike_only_log_loss"": 2.1028551983942423, ""log_loss"": 0.7268658099783492}",evaluation,40229872062050,11.221876762015258,37.13929023533657,24155,10701559881432,0,0.0,3000
tail,medium,v3_to_v4,fraction_0.5,0.5817782652240544,0.38836767206435696,0.4597298823170307,73475055760082,108321596366354,True,0.19341059315969744,0,119023156247786,measurement,"{""Brier"": 0.23590493634197626, ""ROC_AUC"": 0.4597298823170307, ""dislike_PR_AUC"": 0.29335624728878995, ""dislike_only_log_loss"": 2.1097198037726326, ""log_loss"": 0.7215434823046531}",evaluation,73475055760082,36.89674339282471,67.83047723150455,24155,10701559881432,0,0.0,3000
tail,medium,v3_to_v4,reuse,0.5817782652240544,0.38836767206435696,0.38836767206435696,0,108321596366354,True,0.19341059315969744,0,119023156247786,reference,"{""Brier"": 0.2379995789663077, ""ROC_AUC"": 0.38836767206435696, ""dislike_PR_AUC"": 0.2576366368529783, ""dislike_only_log_loss"": 2.099612959855033, ""log_loss"": 0.729364451560315}",evaluation,0,0.0,0.0,24155,10701559881432,0,,3000
tail,medium,v3_to_v4,full,0.5817782652240544,0.38836767206435696,0.5817782652240544,108321596366354,108321596366354,True,0.19341059315969744,0,119023156247786,reference,"{""Brier"": 0.2328741866981017, ""ROC_AUC"": 0.5817782652240544, ""dislike_PR_AUC"": 0.3758682035218223, ""dislike_only_log_loss"": 2.1236895327719334, ""log_loss"": 0.7088383402734489}",evaluation,119023156247786,100.0,100.0,24155,10701559881432,0,,3000
deviation,medium,v3_to_v4,fraction_0.03125,0.5817782652240544,0.38836767206435696,0.44331122734880973,11054859248759,108321596366354,True,0.19341059315969744,0,119023156247786,measurement,"{""Brier"": 0.23694006066780504, ""ROC_AUC"": 0.44331122734880973, ""dislike_PR_AUC"": 0.2811862313565443, ""dislike_only_log_loss"": 2.1190776924962265, ""log_loss"": 0.7260184015101819}",evaluation,5357418020256,28.407728029191432,10.205591146727942,24155,10701559881432,5697441228503,243979271.83978385,3000
deviation,medium,v3_to_v4,fraction_0.0625,0.5817782652240544,0.38836767206435696,0.48096587675131985,16407856726787,108321596366354,True,0.19341059315969744,0,119023156247786,measurement,"{""Brier"": 0.23602305111835656, ""ROC_AUC"": 0.48096587675131985, ""dislike_PR_AUC"": 0.30044648166351445, ""dislike_only_log_loss"": 2.1254363696596905, ""log_loss"": 0.7223012523043982}",evaluation,10710415498284,47.87649072070493,15.147354984775205,24155,10701559881432,5697441228503,249229354.14094335,3000
deviation,medium,v3_to_v4,fraction_0.125,0.5817782652240544,0.38836767206435696,0.5223798211483301,27113982793787,108321596366354,True,0.19341059315969744,0,119023156247786,measurement,"{""Brier"": 0.23493209909528956, ""ROC_AUC"": 0.5223798211483301, ""dislike_PR_AUC"": 0.32638148173777465, ""dislike_only_log_loss"": 2.129479806207054, ""log_loss"": 0.7176708034039476}",evaluation,21416541565284,69.288939604937,25.03100369946997,24155,10701559881432,5697441228503,261233849.84210038,3000
deviation,medium,v3_to_v4,fraction_0.25,0.5817782652240544,0.38836767206435696,0.5549661931851209,48526544561099,108321596366354,True,0.19341059315969744,0,119023156247786,measurement,"{""Brier"": 0.2339600273824128, ""ROC_AUC"": 0.5549661931851209, ""dislike_PR_AUC"": 0.35138669880873175, ""dislike_only_log_loss"": 2.129648445605905, ""log_loss"": 0.7134878554267308}",evaluation,42829103332596,86.13722671498398,44.79858697519337,24155,10701559881432,5697441228503,288252514.954911,3000
deviation,medium,v3_to_v4,fraction_0.5,0.5817782652240544,0.38836767206435696,0.5744400787686333,91351599730907,108321596366354,True,0.19341059315969744,0,119023156247786,measurement,"{""Brier"": 0.233165343156177, ""ROC_AUC"": 0.5744400787686333, ""dislike_PR_AUC"": 0.36878990544276363, ""dislike_only_log_loss"": 2.1249789914435135, ""log_loss"": 0.7100341514775924}",evaluation,85654158502404,96.20590251260852,84.33369041381845,24155,10701559881432,5697441228503,348308983.3276341,3000
deviation,medium,v3_to_v4,reuse,0.5817782652240544,0.38836767206435696,0.38836767206435696,0,108321596366354,True,0.19341059315969744,0,119023156247786,reference,"{""Brier"": 0.2379995789663077, ""ROC_AUC"": 0.38836767206435696, ""dislike_PR_AUC"": 0.2576366368529783, ""dislike_only_log_loss"": 2.099612959855033, ""log_loss"": 0.729364451560315}",evaluation,0,0.0,0.0,24155,10701559881432,0,,3000
deviation,medium,v3_to_v4,full,0.5817782652240544,0.38836767206435696,0.5817782652240544,108321596366354,108321596366354,True,0.19341059315969744,0,119023156247786,reference,"{""Brier"": 0.2328741866981017, ""ROC_AUC"": 0.5817782652240544, ""dislike_PR_AUC"": 0.3758682035218223, ""dislike_only_log_loss"": 2.1236895327719334, ""log_loss"": 0.7088383402734489}",evaluation,119023156247786,100.0,100.0,24155,10701559881432,0,,3000
query,medium,v3_to_v4,fraction_0.03125,0.5817782652240544,0.38836767206435696,0.42453957209366533,5371280910592,108321596366354,True,0.19341059315969744,0,119023156247786,measurement,"{""Brier"": 0.23718881419402205, ""ROC_AUC"": 0.42453957209366533, ""dislike_PR_AUC"": 0.273231915673622, ""dislike_only_log_loss"": 2.1105518832304377, ""log_loss"": 0.7267540485169286}",evaluation,5357418020256,18.70212972225443,4.9586426813964355,24155,10701559881432,13862890336,243979271.83978385,3000
query,medium,v3_to_v4,fraction_0.0625,0.5817782652240544,0.38836767206435696,0.4493838690434376,10724278388620,108321596366354,True,0.19341059315969744,0,119023156247786,measurement,"{""Brier"": 0.23653841002045706, ""ROC_AUC"": 0.4493838690434376, ""dislike_PR_AUC"": 0.2846566116933284, ""dislike_only_log_loss"": 2.1142138223507017, ""log_loss"": 0.7241846553978797}",evaluation,10710415498284,31.547494882402884,9.900406519443699,24155,10701559881432,13862890336,249229354.14094335,3000
query,medium,v3_to_v4,fraction_0.125,0.5817782652240544,0.38836767206435696,0.48931067559345165,21430404455620,108321596366354,True,0.19341059315969744,0,119023156247786,measurement,"{""Brier"": 0.23536538380284497, ""ROC_AUC"": 0.48931067559345165, ""dislike_PR_AUC"": 0.30602917004772, ""dislike_only_log_loss"": 2.115757982587628, ""log_loss"": 0.7192189611475001}",evaluation,21416541565284,52.1910418038721,19.784055234138464,24155,10701559881432,13862890336,261233849.84210038,3000
query,medium,v3_to_v4,fraction_0.25,0.5817782652240544,0.38836767206435696,0.5429264443104829,42842966222932,108321596366354,True,0.19341059315969744,0,119023156247786,measurement,"{""Brier"": 0.23382688815800326, ""ROC_AUC"": 0.5429264443104829, ""dislike_PR_AUC"": 0.34097537181124266, ""dislike_only_log_loss"": 2.1172972423561878, ""log_loss"": 0.7126327205855824}",evaluation,42829103332596,79.9122580212078,39.55163850986187,24155,10701559881432,13862890336,288252514.954911,3000
query,medium,v3_to_v4,fraction_0.5,0.5817782652240544,0.38836767206435696,0.5787198177746702,85668021392740,108321596366354,True,0.19341059315969744,0,119023156247786,measurement,"{""Brier"": 0.23291947088245482, ""ROC_AUC"": 0.5787198177746702, ""dislike_PR_AUC"": 0.3712027909187992, ""dislike_only_log_loss"": 2.1217036887112517, ""log_loss"": 0.7089089518969303}",evaluation,85654158502404,98.41867635095929,79.08674194848695,24155,10701559881432,13862890336,348308983.3276341,3000
query,medium,v3_to_v4,reuse,0.5817782652240544,0.38836767206435696,0.38836767206435696,0,108321596366354,True,0.19341059315969744,0,119023156247786,reference,"{""Brier"": 0.2379995789663077, ""ROC_AUC"": 0.38836767206435696, ""dislike_PR_AUC"": 0.2576366368529783, ""dislike_only_log_loss"": 2.099612959855033, ""log_loss"": 0.729364451560315}",evaluation,0,0.0,0.0,24155,10701559881432,0,,3000
query,medium,v3_to_v4,full,0.5817782652240544,0.38836767206435696,0.5817782652240544,108321596366354,108321596366354,True,0.19341059315969744,0,119023156247786,reference,"{""Brier"": 0.2328741866981017, ""ROC_AUC"": 0.5817782652240544, ""dislike_PR_AUC"": 0.3758682035218223, ""dislike_only_log_loss"": 2.1236895327719334, ""log_loss"": 0.7088383402734489}",evaluation,119023156247786,100.0,100.0,24155,10701559881432,0,,3000
layer,medium,v4_to_v5,layers_1,0.6171333577616815,0.5142100701032744,0.5715420806374073,29377075843106,137530226820726,True,0.10292328765840719,2515669528268,148293839245218,measurement,"{""Brier"": 0.19288878708646398, ""ROC_AUC"": 0.5715420806374073, ""dislike_PR_AUC"": 0.31483127056727905, ""dislike_only_log_loss"": 2.150125850859173, ""log_loss"": 0.6047884575414622}",evaluation,26861406314838,55.70363310236703,21.360450369502942,29860,10763612424492,0,0.0,3000
layer,medium,v4_to_v5,layers_2,0.6171333577616815,0.5142100701032744,0.5720226237598208,53658967238120,137530226820726,True,0.10292328765840719,2515669528268,148293839245218,measurement,"{""Brier"": 0.19272117905232444, ""ROC_AUC"": 0.5720226237598208, ""dislike_PR_AUC"": 0.31531673653657294, ""dislike_only_log_loss"": 2.144680551315752, ""log_loss"": 0.6039949831922536}",evaluation,51143297709852,56.17052755681587,39.01612647528442,29860,10763612424492,0,0.0,3000
layer,medium,v4_to_v5,layers_3,0.6171333577616815,0.5142100701032744,0.6051298783020902,77940858633134,137530226820726,True,0.10292328765840719,2515669528268,148293839245218,measurement,"{""Brier"": 0.19158169970370773, ""ROC_AUC"": 0.6051298783020902, ""dislike_PR_AUC"": 0.3394200232111645, ""dislike_only_log_loss"": 2.135280095447675, ""log_loss"": 0.5983159425419148}",evaluation,75425189104866,88.33745041313703,56.67180258106591,29860,10763612424492,0,0.0,3000
layer,medium,v4_to_v5,layers_5,0.6171333577616815,0.5142100701032744,0.614410829420342,126504641423162,137530226820726,True,0.10292328765840719,2515669528268,148293839245218,measurement,"{""Brier"": 0.19137299292481963, ""ROC_AUC"": 0.614410829420342, ""dislike_PR_AUC"": 0.3455480920297819, ""dislike_only_log_loss"": 2.135900978971489, ""log_loss"": 0.5972374982725324}",evaluation,123988971894894,97.35479850743265,91.98315479262888,29860,10763612424492,0,0.0,3000
layer,medium,v4_to_v5,reuse,0.6171333577616815,0.5142100701032744,0.5142100701032744,0,137530226820726,True,0.10292328765840719,0,148293839245218,reference,"{""Brier"": 0.19466107707600952, ""ROC_AUC"": 0.5142100701032744, ""dislike_PR_AUC"": 0.27829366199688804, ""dislike_only_log_loss"": 2.1574990916449757, ""log_loss"": 0.6134219858468547}",evaluation,0,0.0,0.0,29860,10763612424492,0,,3000
layer,medium,v4_to_v5,full,0.6171333577616815,0.5142100701032744,0.6171333577616815,137530226820726,137530226820726,True,0.10292328765840719,0,148293839245218,reference,"{""Brier"": 0.1913203144633983, ""ROC_AUC"": 0.6171333577616815, ""dislike_PR_AUC"": 0.3473825099907243, ""dislike_only_log_loss"": 2.136515846161993, ""log_loss"": 0.5969691435728435}",evaluation,148293839245218,99.99999999999999,100.0,29860,10763612424492,0,,3000
tail,medium,v4_to_v5,fraction_0.03125,0.6171333577616815,0.5142100701032744,0.5144300532478253,6644765927262,137530226820726,True,0.10292328765840719,0,148293839245218,measurement,"{""Brier"": 0.19465456016070887, ""ROC_AUC"": 0.5144300532478253, ""dislike_PR_AUC"": 0.27842044604921057, ""dislike_only_log_loss"": 2.1574914872860416, ""log_loss"": 0.6133903746815187}",evaluation,6644765927262,0.2137350540929717,4.831494923602223,29860,10763612424492,0,0.0,3000
tail,medium,v4_to_v5,fraction_0.0625,0.6171333577616815,0.5142100701032744,0.514909390474865,13284269780898,137530226820726,True,0.10292328765840719,0,148293839245218,measurement,"{""Brier"": 0.19463953120569405, ""ROC_AUC"": 0.514909390474865, ""dislike_PR_AUC"": 0.27872347999930547, ""dislike_only_log_loss"": 2.1574755475807854, ""log_loss"": 0.6133235353024787}",evaluation,13284269780898,0.6794578637164935,9.6591637256691,29860,10763612424492,0,0.0,3000
tail,medium,v4_to_v5,fraction_0.125,0.6171333577616815,0.5142100701032744,0.5168883513605106,26028067419762,137530226820726,True,0.10292328765840719,0,148293839245218,measurement,"{""Brier"": 0.19457515797159425, ""ROC_AUC"": 0.5168883513605106, ""dislike_PR_AUC"": 0.27992327650360826, ""dislike_only_log_loss"": 2.15722078583398, ""log_loss"": 0.6130178612293461}",evaluation,26028067419762,2.6022111401310877,18.925343192875133,29860,10763612424492,0,0.0,3000
tail,medium,v4_to_v5,fraction_0.25,0.6171333577616815,0.5142100701032744,0.5241228330964552,49911959031420,137530226820726,True,0.10292328765840719,0,148293839245218,measurement,"{""Brier"": 0.19432230807016393, ""ROC_AUC"": 0.5241228330964552, ""dislike_PR_AUC"": 0.2844382286065357, ""dislike_only_log_loss"": 2.1556383358546927, ""log_loss"": 0.6117825192734483}",evaluation,49911959031420,9.631214877317587,36.29162852794641,29860,10763612424492,0,0.0,3000
tail,medium,v4_to_v5,fraction_0.5,0.6171333577616815,0.5142100701032744,0.547468333666748,91262549621928,137530226820726,True,0.10292328765840719,0,148293839245218,measurement,"{""Brier"": 0.19354298964752817, ""ROC_AUC"": 0.547468333666748, ""dislike_PR_AUC"": 0.2995257665212234, ""dislike_only_log_loss"": 2.1512857371809004, ""log_loss"": 0.6080036246421853}",evaluation,91262549621928,32.3136428306242,66.35817574916891,29860,10763612424492,0,0.0,3000
tail,medium,v4_to_v5,reuse,0.6171333577616815,0.5142100701032744,0.5142100701032744,0,137530226820726,True,0.10292328765840719,0,148293839245218,reference,"{""Brier"": 0.19466107707600952, ""ROC_AUC"": 0.5142100701032744, ""dislike_PR_AUC"": 0.27829366199688804, ""dislike_only_log_loss"": 2.1574990916449757, ""log_loss"": 0.6134219858468547}",evaluation,0,0.0,0.0,29860,10763612424492,0,,3000
tail,medium,v4_to_v5,full,0.6171333577616815,0.5142100701032744,0.6171333577616815,137530226820726,137530226820726,True,0.10292328765840719,0,148293839245218,reference,"{""Brier"": 0.1913203144633983, ""ROC_AUC"": 0.6171333577616815, ""dislike_PR_AUC"": 0.3473825099907243, ""dislike_only_log_loss"": 2.136515846161993, ""log_loss"": 0.5969691435728435}",evaluation,148293839245218,99.99999999999999,100.0,29860,10763612424492,0,,3000
deviation,medium,v4_to_v5,fraction_0.03125,0.6171333577616815,0.5142100701032744,0.538600754206545,13701692969775,137530226820726,True,0.10292328765840719,0,148293839245218,measurement,"{""Brier"": 0.19371521041267845, ""ROC_AUC"": 0.538600754206545, ""dislike_PR_AUC"": 0.29207112106966726, ""dislike_only_log_loss"": 2.1463507813883163, ""log_loss"": 0.6086260912214885}",evaluation,6641896603404,23.697925569790407,9.962677504804446,29860,10763612424492,7059796366371,302370979.4292815,3000
deviation,medium,v4_to_v5,fraction_0.0625,0.6171333577616815,0.5142100701032744,0.5515374791880238,20338330459815,137530226820726,True,0.10292328765840719,0,148293839245218,measurement,"{""Brier"": 0.19333480865183061, ""ROC_AUC"": 0.5515374791880238, ""dislike_PR_AUC"": 0.29971516925840447, ""dislike_only_log_loss"": 2.145171627693855, ""log_loss"": 0.6067575349339381}",evaluation,13278534093444,36.267214091174004,14.78826213696754,29860,10763612424492,7059796366371,308878297.8011973,3000
deviation,medium,v4_to_v5,fraction_0.125,0.6171333577616815,0.5142100701032744,0.5684691469287722,33611174304903,137530226820726,True,0.10292328765840719,0,148293839245218,measurement,"{""Brier"": 0.1928384650466426, ""ROC_AUC"": 0.5684691469287722, ""dislike_PR_AUC"": 0.3108005335063138, ""dislike_only_log_loss"": 2.1441161179399084, ""log_loss"": 0.604371091283067}",evaluation,26551377938532,52.71797866152374,24.439117917485866,29860,10763612424492,7059796366371,323756281.34284097,3000
deviation,medium,v4_to_v5,fraction_0.25,0.6171333577616815,0.5142100701032744,0.5913541593443308,60157494050283,137530226820726,True,0.10292328765840719,0,148293839245218,measurement,"{""Brier"": 0.1921420422767422, ""ROC_AUC"": 0.5913541593443308, ""dislike_PR_AUC"": 0.3268554691790416, ""dislike_only_log_loss"": 2.141395354061408, ""log_loss"": 0.6010384944842098}",evaluation,53097697683912,74.95299751509151,43.741289054005385,29860,10763612424492,7059796366371,357241760.8305261,3000
deviation,medium,v4_to_v5,fraction_0.5,0.6171333577616815,0.5142100701032744,0.6082025089908621,113250284973747,137530226820726,True,0.10292328765840719,0,148293839245218,measurement,"{""Brier"": 0.19156631086484432, ""ROC_AUC"": 0.6082025089908621, ""dislike_PR_AUC"": 0.34027539925325734, ""dislike_only_log_loss"": 2.1373052022372705, ""log_loss"": 0.5982124378087031}",evaluation,106190488607376,91.32281044066522,82.34574143571471,29860,10763612424492,7059796366371,431671437.319229,3000
deviation,medium,v4_to_v5,reuse,0.6171333577616815,0.5142100701032744,0.5142100701032744,0,137530226820726,True,0.10292328765840719,0,148293839245218,reference,"{""Brier"": 0.19466107707600952, ""ROC_AUC"": 0.5142100701032744, ""dislike_PR_AUC"": 0.27829366199688804, ""dislike_only_log_loss"": 2.1574990916449757, ""log_loss"": 0.6134219858468547}",evaluation,0,0.0,0.0,29860,10763612424492,0,,3000
deviation,medium,v4_to_v5,full,0.6171333577616815,0.5142100701032744,0.6171333577616815,137530226820726,137530226820726,True,0.10292328765840719,0,148293839245218,reference,"{""Brier"": 0.1913203144633983, ""ROC_AUC"": 0.6171333577616815, ""dislike_PR_AUC"": 0.3473825099907243, ""dislike_only_log_loss"": 2.136515846161993, ""log_loss"": 0.5969691435728435}",evaluation,148293839245218,99.99999999999999,100.0,29860,10763612424492,0,,3000
query,medium,v4_to_v5,fraction_0.03125,0.6171333577616815,0.5142100701032744,0.5272578116680965,6659062923206,137530226820726,True,0.10292328765840719,0,148293839245218,measurement,"{""Brier"": 0.1939859889903257, ""ROC_AUC"": 0.5272578116680965, ""dislike_PR_AUC"": 0.28469900009588606, ""dislike_only_log_loss"": 2.143578599761139, ""log_loss"": 0.6099134102993985}",evaluation,6641896603404,12.677151946531648,4.841890453570072,29860,10763612424492,17166319802,302370979.4292815,3000
query,medium,v4_to_v5,fraction_0.0625,0.6171333577616815,0.5142100701032744,0.5373807065682357,13295700413246,137530226820726,True,0.10292328765840719,0,148293839245218,measurement,"{""Brier"": 0.1935962978519128, ""ROC_AUC"": 0.5373807065682357, ""dislike_PR_AUC"": 0.2906839876372921, ""dislike_only_log_loss"": 2.139617573857581, ""log_loss"": 0.6080350064763179}",evaluation,13278534093444,22.512530440984843,9.667475085733168,29860,10763612424492,17166319802,308878297.8011973,3000
query,medium,v4_to_v5,fraction_0.125,0.6171333577616815,0.5142100701032744,0.5576255718487274,26568544258334,137530226820726,True,0.10292328765840719,0,148293839245218,measurement,"{""Brier"": 0.1929477316114335, ""ROC_AUC"": 0.5576255718487274, ""dislike_PR_AUC"": 0.3035761662238659, ""dislike_only_log_loss"": 2.1370791077388334, ""log_loss"": 0.60496611868856}",evaluation,26551377938532,42.18238916885853,19.318330866251493,29860,10763612424492,17166319802,323756281.34284097,3000
query,medium,v4_to_v5,fraction_0.25,0.6171333577616815,0.5142100701032744,0.5881476897292549,53114864003714,137530226820726,True,0.10292328765840719,0,148293839245218,measurement,"{""Brier"": 0.19213073970054415, ""ROC_AUC"": 0.5881476897292549, ""dislike_PR_AUC"": 0.324383562651327, ""dislike_only_log_loss"": 2.1384506497693856, ""log_loss"": 0.6010347397168024}",evaluation,53097697683912,71.83759993304201,38.62050200277101,29860,10763612424492,17166319802,357241760.8305261,3000
query,medium,v4_to_v5,fraction_0.5,0.6171333577616815,0.5142100701032744,0.6150938671123458,106207654927178,137530226820726,True,0.10292328765840719,0,148293839245218,measurement,"{""Brier"": 0.19139413286639376, ""ROC_AUC"": 0.6150938671123458, ""dislike_PR_AUC"": 0.34534128561416333, ""dislike_only_log_loss"": 2.137074043100352, ""log_loss"": 0.5974087557727389}",evaluation,106190488607376,98.01843616179013,77.22495438448034,29860,10763612424492,17166319802,431671437.319229,3000
query,medium,v4_to_v5,reuse,0.6171333577616815,0.5142100701032744,0.5142100701032744,0,137530226820726,True,0.10292328765840719,0,148293839245218,reference,"{""Brier"": 0.19466107707600952, ""ROC_AUC"": 0.5142100701032744, ""dislike_PR_AUC"": 0.27829366199688804, ""dislike_only_log_loss"": 2.1574990916449757, ""log_loss"": 0.6134219858468547}",evaluation,0,0.0,0.0,29860,10763612424492,0,,3000
query,medium,v4_to_v5,full,0.6171333577616815,0.5142100701032744,0.6171333577616815,137530226820726,137530226820726,True,0.10292328765840719,0,148293839245218,reference,"{""Brier"": 0.1913203144633983, ""ROC_AUC"": 0.6171333577616815, ""dislike_PR_AUC"": 0.3473825099907243, ""dislike_only_log_loss"": 2.136515846161993, ""log_loss"": 0.5969691435728435}",evaluation,148293839245218,99.99999999999999,100.0,29860,10763612424492,0,,3000
