method,scale,edge,budget,relative_flops_percent,recovery_percent,auc_delta,auc_gap,baseline,baseline_auc,calibration_flops,calibration_percent,calibration_users,common_eager_query_flops,correction_flops,evaluation_role,extra_flops,extra_over_reuse_steady_percent,extra_over_reuse_with_initial_cache_percent,full_auc,full_history_flops,full_history_plus_query_flops,full_minus_reuse_flops,inference_percent,initial_parent_cache_flops,kind,method_over_full_history_plus_query_percent,method_over_reuse_steady_percent,method_steady_including_calibration_flops,metrics,partition,requests,reuse_append_flops,reuse_auc,reuse_steady_flops,reuse_with_initial_cache_flops,scores_path,scores_sha256,source_budget,source_path,source_sha256,tag,users,variant
query_only,medium,v0_to_v1,128,1.5354110663243945,92.97344120059061,0.11063826291302964,0.11899985789955553,query_only,0.6061981239135544,1725697022740,1.5149951893399198,128,178467862794,23255267328,development_exploration,1748952290068,15.287058540732533,6.822469545920432,0.6145597189000803,125170025908124,125348493770918,113907755937620,0.020415876984474546,14194441309624,measurement,10.52241612689097,115.28705854073253,13189690123366,"{""Brier"": 0.19208936029510296, ""ROC_AUC"": 0.6061981239135544, ""dislike_PR_AUC"": 0.3416984777138598, ""dislike_only_log_loss"": 2.204355461125191, ""log_loss"": 0.6026957251983217}",evaluation,26014,11262269970504,0.4955598610005248,11440737833298,25635179142922,/home/gkl/work/evokv/results/read_correction_2026_09/v5/population_run/evaluation/medium/v0_to_v1/query_pure_cross_phi_joint8_c128.parquet,d64535bfcc21a2e0194285fa5b6b09403f2f400e372e45a30afba4ecae13c310,128,/home/gkl/work/evokv/results/read_correction_2026_09/v5/population_run/evaluation/medium/v0_to_v1/summary.json,6c43b067194aa31b35c9b24fd7638e4dacbff48c452b4d331c0adb6d93529096,query_pure_cross_phi_joint8_c128,3000,cross_phi_joint8
query_only,medium,v0_to_v1,256,2.8519758068441474,59.3241967329034,0.07059570981220781,0.11899985789955553,query_only,0.5661555708127326,3225366374132,2.8315599298596728,256,178467862794,23255267328,development_exploration,3248621641460,28.395210945267557,12.672513905006046,0.6145597189000803,125170025908124,125348493770918,113907755937620,0.020415876984474546,14194441309624,measurement,11.718816104486823,128.39521094526756,14689359474758,"{""Brier"": 0.1928864954245551, ""ROC_AUC"": 0.5661555708127326, ""dislike_PR_AUC"": 0.30922585479344655, ""dislike_only_log_loss"": 2.181991036716679, ""log_loss"": 0.6035994467831637}",evaluation,26014,11262269970504,0.4955598610005248,11440737833298,25635179142922,/home/gkl/work/evokv/results/read_correction_2026_09/v5/population_run/evaluation/medium/v0_to_v1/query_pure_cross_phi_joint8_c256.parquet,14d0e00d7517565ae550d08f44519c51b2ed942e8acda95089da14e247a53e4d,256,/home/gkl/work/evokv/results/read_correction_2026_09/v5/population_run/evaluation/medium/v0_to_v1/summary.json,6c43b067194aa31b35c9b24fd7638e4dacbff48c452b4d331c0adb6d93529096,query_pure_cross_phi_joint8_c256,3000,cross_phi_joint8
query_only,medium,v0_to_v1,512,5.592531772730753,77.37629664159158,0.09207768305143255,0.11899985789955553,query_only,0.5876375440519573,6347072175088,5.572115895746279,512,178467862794,23255267328,development_exploration,6370327442416,55.68108923775275,24.84994314609609,0.6145597189000803,125170025908124,125348493770918,113907755937620,0.020415876984474546,14194441309624,measurement,14.209237574298104,155.68108923775276,17811065275714,"{""Brier"": 0.19161251222005515, ""ROC_AUC"": 0.5876375440519573, ""dislike_PR_AUC"": 0.32739637498308577, ""dislike_only_log_loss"": 2.183989453913274, ""log_loss"": 0.601097068446215}",evaluation,26014,11262269970504,0.4955598610005248,11440737833298,25635179142922,/home/gkl/work/evokv/results/read_correction_2026_09/v5/population_run/evaluation/medium/v0_to_v1/query_pure_cross_phi_joint8_c512.parquet,89d76e940c9ead6acb6142ac9b354e4dd60e74d5ac0770cc45dd0d37f85eb3b3,512,/home/gkl/work/evokv/results/read_correction_2026_09/v5/population_run/evaluation/medium/v0_to_v1/summary.json,6c43b067194aa31b35c9b24fd7638e4dacbff48c452b4d331c0adb6d93529096,query_pure_cross_phi_joint8_c512,3000,cross_phi_joint8
query_only,medium,v1_to_v2,128,1.5118339587553196,167.32872993747606,0.13874924845465325,0.08292015872378772,query_only,0.5644467385933425,1740324099160,1.4919081388525024,128,181404462195,23243645952,development_exploration,1763567745112,15.23707485000603,6.77802447677112,0.508617648862477,128043672379278,128225076841473,116650888472166,0.019925819902817245,14444716566134,measurement,10.401831250925053,115.23707485000602,13337756114419,"{""Brier"": 0.2188104240736764, ""ROC_AUC"": 0.5644467385933425, ""dislike_PR_AUC"": 0.3590876344420428, ""dislike_only_log_loss"": 2.139574418896964, ""log_loss"": 0.6883590712451185}",evaluation,26001,11392783907112,0.42569749013868924,11574188369307,26018904935441,/home/gkl/work/evokv/results/read_correction_2026_09/v5/population_run/evaluation/medium/v1_to_v2/query_pure_cross_phi_joint8_c128.parquet,07b5070e602a5f75fab60604b58145b6b74c8f6f0be7e17a6a72648769b6004b,128,/home/gkl/work/evokv/results/read_correction_2026_09/v5/population_run/evaluation/medium/v1_to_v2/summary.json,98ba801939255c817b1ff615341c257e73ec1168ac2492cf42dfd9c0bfa952dc,query_pure_cross_phi_joint8_c128,3000,cross_phi_joint8
query_only,medium,v1_to_v2,256,2.8576117830970382,168.3625843396858,0.13960652216593844,0.08292015872378772,query_only,0.5653040123046277,3310185888116,2.837685963194221,256,181404462195,23243645952,development_exploration,3333429534068,28.800546765834152,12.811567367416192,0.508617648862477,128043672379278,128225076841473,116650888472166,0.019925819902817245,14444716566134,measurement,11.6261329457463,128.80054676583416,14907617903375,"{""Brier"": 0.2219365819552758, ""ROC_AUC"": 0.5653040123046277, ""dislike_PR_AUC"": 0.36801792908424175, ""dislike_only_log_loss"": 2.176058359996667, ""log_loss"": 0.6933174398962924}",evaluation,26001,11392783907112,0.42569749013868924,11574188369307,26018904935441,/home/gkl/work/evokv/results/read_correction_2026_09/v5/population_run/evaluation/medium/v1_to_v2/query_pure_cross_phi_joint8_c256.parquet,9b72a56d0ba777b39a1439db94c3fe78ca1f1f82696fee667dfa0c687733b5dc,256,/home/gkl/work/evokv/results/read_correction_2026_09/v5/population_run/evaluation/medium/v1_to_v2/summary.json,98ba801939255c817b1ff615341c257e73ec1168ac2492cf42dfd9c0bfa952dc,query_pure_cross_phi_joint8_c256,3000,cross_phi_joint8
query_only,medium,v1_to_v2,512,5.554744308285408,163.57678472895591,0.1356381295325188,0.08292015872378772,query_only,0.561335619671208,6456414942020,5.534818488382591,512,181404462195,23243645952,development_exploration,6479658587972,55.983697355013476,24.903656030296247,0.508617648862477,128043672379278,128225076841473,116650888472166,0.019925819902817245,14444716566134,measurement,14.079809817232007,155.98369735501348,18053846957279,"{""Brier"": 0.2269681656828989, ""ROC_AUC"": 0.561335619671208, ""dislike_PR_AUC"": 0.3464944910265577, ""dislike_only_log_loss"": 2.247445031854283, ""log_loss"": 0.7082552386126425}",evaluation,26001,11392783907112,0.42569749013868924,11574188369307,26018904935441,/home/gkl/work/evokv/results/read_correction_2026_09/v5/population_run/evaluation/medium/v1_to_v2/query_pure_cross_phi_joint8_c512.parquet,44928934492c2e1acb3544c28ffaf08b79cc5e0109dcb43f4d05cd56f591ebf8,512,/home/gkl/work/evokv/results/read_correction_2026_09/v5/population_run/evaluation/medium/v1_to_v2/summary.json,98ba801939255c817b1ff615341c257e73ec1168ac2492cf42dfd9c0bfa952dc,query_pure_cross_phi_joint8_c512,3000,cross_phi_joint8
query_only,medium,v2_to_v3,128,1.4297729526626062,1.385820648164157,0.0011485241724707995,0.08287682637665184,query_only,0.4514319809752677,1750437110308,1.4101036872239054,128,192048416871,24416510976,development_exploration,1774853621284,14.512183418765861,6.629696245990714,0.5331602831794487,136173392585440,136365441002311,124135347362584,0.019669265438700866,14541172424798,measurement,10.270158742619882,114.51218341876586,14004947261011,"{""Brier"": 0.25942338606763504, ""ROC_AUC"": 0.4514319809752677, ""dislike_PR_AUC"": 0.3291855954410098, ""dislike_only_log_loss"": 2.061141586569291, ""log_loss"": 0.7811218550453849}",evaluation,27313,12038045222856,0.4502834568027969,12230093639727,26771266064525,/home/gkl/work/evokv/results/read_correction_2026_09/v5/population_run/evaluation/medium/v2_to_v3/query_pure_cross_phi_joint8_c128.parquet,f417812d9f878a4f2ea6ed5a367f90f363227ff7a137b3fc8a43f04052c9b64d,128,/home/gkl/work/evokv/results/read_correction_2026_09/v5/population_run/evaluation/medium/v2_to_v3/summary.json,accf196d21fc56137fed2ff604f85c7c3a30c8e154d1f6dba01a68d95931a543,query_pure_cross_phi_joint8_c128,3000,cross_phi_joint8
query_only,medium,v2_to_v3,256,2.694978051036858,80.59038708484286,0.06679075518057687,0.08287682637665184,query_only,0.5170742119833738,3321003854024,2.675308785598157,256,192048416871,24416510976,development_exploration,3345420365000,27.35400450355568,12.496309875434191,0.5331602831794487,136173392585440,136365441002311,124135347362584,0.019669265438700866,14541172424798,measurement,11.421892445948266,127.35400450355567,15575514004727,"{""Brier"": 0.25896153790052684, ""ROC_AUC"": 0.5170742119833738, ""dislike_PR_AUC"": 0.36891269054510273, ""dislike_only_log_loss"": 2.093828879603829, ""log_loss"": 0.7782741489675011}",evaluation,27313,12038045222856,0.4502834568027969,12230093639727,26771266064525,/home/gkl/work/evokv/results/read_correction_2026_09/v5/population_run/evaluation/medium/v2_to_v3/query_pure_cross_phi_joint8_c256.parquet,75f7adf979124fb147d2282acefab5ccb73a52fc191849dacd25ef2e83ea136c,256,/home/gkl/work/evokv/results/read_correction_2026_09/v5/population_run/evaluation/medium/v2_to_v3/summary.json,accf196d21fc56137fed2ff604f85c7c3a30c8e154d1f6dba01a68d95931a543,query_pure_cross_phi_joint8_c256,3000,cross_phi_joint8
query_only,medium,v2_to_v3,512,5.2516766728772755,64.57620881373511,0.05351871245918338,0.08287682637665184,query_only,0.5038021692619803,6494770569260,5.232007407438575,512,192048416871,24416510976,development_exploration,6519187080236,53.30447396624775,24.351433602442402,0.5331602831794487,136173392585440,136365441002311,124135347362584,0.019669265438700866,14541172424798,measurement,13.749290569628455,153.30447396624774,18749280719963,"{""Brier"": 0.26124234547168534, ""ROC_AUC"": 0.5038021692619803, ""dislike_PR_AUC"": 0.3413167454607453, ""dislike_only_log_loss"": 2.1280078928774717, ""log_loss"": 0.7881478870136498}",evaluation,27313,12038045222856,0.4502834568027969,12230093639727,26771266064525,/home/gkl/work/evokv/results/read_correction_2026_09/v5/population_run/evaluation/medium/v2_to_v3/query_pure_cross_phi_joint8_c512.parquet,68ce199a2e58c77d9c4ec057d1e23c746b9b4ae041b1be2cd841549b2bf8124d,512,/home/gkl/work/evokv/results/read_correction_2026_09/v5/population_run/evaluation/medium/v2_to_v3/summary.json,accf196d21fc56137fed2ff604f85c7c3a30c8e154d1f6dba01a68d95931a543,query_pure_cross_phi_joint8_c512,3000,cross_phi_joint8
query_only,medium,v3_to_v4,128,1.6825837918597386,98.20847336787074,0.1899455908738823,0.19341059315969744,query_only,0.5783132629382393,1801008212984,1.6626492531487609,128,169421917809,21593410560,development_exploration,1822601623544,16.765749931356265,7.1743382086145076,0.5817782652240544,119023156247786,119192578165595,108321596366354,0.019934538710977837,14533474619548,measurement,10.649642467796715,116.76574993135627,12693583422785,"{""Brier"": 0.21598022521938418, ""ROC_AUC"": 0.5783132629382393, ""dislike_PR_AUC"": 0.4134515324643078, ""dislike_only_log_loss"": 1.9133179191847156, ""log_loss"": 0.6658683623121063}",evaluation,24155,10701559881432,0.38836767206435696,10870981799241,25404456418789,/home/gkl/work/evokv/results/read_correction_2026_09/v5/population_run/evaluation/medium/v3_to_v4/query_pure_cross_phi_joint8_c128.parquet,6960b70c367fe8ce672c581d3767a0d3b37850d4c6170f90c52024268ec5c145,128,/home/gkl/work/evokv/results/read_correction_2026_09/v5/population_run/evaluation/medium/v3_to_v4/summary.json,76cf7a871fa9411d1ce902754c6c8e2b7c1deea820b681c4515eb66d378bbd02,query_pure_cross_phi_joint8_c128,3000,cross_phi_joint8
query_only,medium,v3_to_v4,256,3.13457072714879,88.77832445061624,0.17170668391717758,0.19341059315969744,query_only,0.5600743559815345,3373823640320,3.1146361884378124,256,169421917809,21593410560,development_exploration,3395417050880,31.233766310942258,13.365438704560384,0.5817782652240544,119023156247786,119192578165595,108321596366354,0.019934538710977837,14533474619548,measurement,11.96920065803141,131.23376631094226,14266398850121,"{""Brier"": 0.23131489701428162, ""ROC_AUC"": 0.5600743559815345, ""dislike_PR_AUC"": 0.3670336739472113, ""dislike_only_log_loss"": 2.117871422574066, ""log_loss"": 0.7116862154326264}",evaluation,24155,10701559881432,0.38836767206435696,10870981799241,25404456418789,/home/gkl/work/evokv/results/read_correction_2026_09/v5/population_run/evaluation/medium/v3_to_v4/query_pure_cross_phi_joint8_c256.parquet,dbcbb561ec7077cc72dd417bcd3c0e8ff1f8e346e1e25f270df60be1d13ee265,256,/home/gkl/work/evokv/results/read_correction_2026_09/v5/population_run/evaluation/medium/v3_to_v4/summary.json,76cf7a871fa9411d1ce902754c6c8e2b7c1deea820b681c4515eb66d378bbd02,query_pure_cross_phi_joint8_c256,3000,cross_phi_joint8
query_only,medium,v3_to_v4,512,6.0367829830129205,98.66515754338988,0.19082886644662034,0.19341059315969744,query_only,0.5791965385109773,6517546285812,6.016848444301942,512,169421917809,21593410560,development_exploration,6539139696372,60.15224583329314,25.740128379742412,0.5817782652240544,119023156247786,119192578165595,108321596366354,0.019934538710977837,14533474619548,measurement,14.606716092192425,160.15224583329314,17410121495613,"{""Brier"": 0.22093172776680403, ""ROC_AUC"": 0.5791965385109773, ""dislike_PR_AUC"": 0.39714615176361423, ""dislike_only_log_loss"": 1.9834958480670781, ""log_loss"": 0.6813726692393646}",evaluation,24155,10701559881432,0.38836767206435696,10870981799241,25404456418789,/home/gkl/work/evokv/results/read_correction_2026_09/v5/population_run/evaluation/medium/v3_to_v4/query_pure_cross_phi_joint8_c512.parquet,d132dd517d32f8cc4cd1fa6da76ae8439c5fd767bb90fafda8a8e43e2e67e94c,512,/home/gkl/work/evokv/results/read_correction_2026_09/v5/population_run/evaluation/medium/v3_to_v4/summary.json,76cf7a871fa9411d1ce902754c6c8e2b7c1deea820b681c4515eb66d378bbd02,query_pure_cross_phi_joint8_c512,3000,cross_phi_joint8
query_only,medium,v4_to_v5,128,1.3109864500421844,22.705329103314938,0.023369071186792878,0.10292328765840719,query_only,0.5375791412900672,1776309231612,1.2915773300712012,128,209769695088,26693406720,development_exploration,1803002638332,16.430692184817573,7.1227363860875,0.6171333577616815,148293839245218,148503608940306,137530226820726,0.01940911997098318,14339960121384,measurement,8.60341701395804,116.43069218481757,12776384757912,"{""Brier"": 0.19087230453008014, ""ROC_AUC"": 0.5375791412900672, ""dislike_PR_AUC"": 0.30620800669549025, ""dislike_only_log_loss"": 2.086651232869959, ""log_loss"": 0.5995563345427515}",evaluation,29860,10763612424492,0.5142100701032744,10973382119580,25313342240964,/home/gkl/work/evokv/results/read_correction_2026_09/v5/population_run/evaluation/medium/v4_to_v5/query_pure_cross_phi_joint8_c128.parquet,67b86f946d5e2f5d6cc65fe44a7ed7e88e011a3347ec29fc2bc6e80fed10e67b,128,/home/gkl/work/evokv/results/read_correction_2026_09/v5/population_run/evaluation/medium/v4_to_v5/summary.json,1a3da3ec783bbe0a98b5431bc467c3e6a17f0a5b8df76ea3c2703e5f06890fff,query_pure_cross_phi_joint8_c128,3000,cross_phi_joint8
query_only,medium,v4_to_v5,256,2.426103592515246,33.63488266637997,0.034618127040285995,0.10292328765840719,query_only,0.5488281971435603,3309932366972,2.4066944725442627,256,209769695088,26693406720,development_exploration,3336625773692,30.406539545710338,13.181292861013095,0.6171333577616815,148293839245218,148503608940306,137530226820726,0.01940911997098318,14339960121384,measurement,9.63613476829657,130.40653954571033,14310007893272,"{""Brier"": 0.19314881630687944, ""ROC_AUC"": 0.5488281971435603, ""dislike_PR_AUC"": 0.31020633661026237, ""dislike_only_log_loss"": 2.1355768184953527, ""log_loss"": 0.610356855449877}",evaluation,29860,10763612424492,0.5142100701032744,10973382119580,25313342240964,/home/gkl/work/evokv/results/read_correction_2026_09/v5/population_run/evaluation/medium/v4_to_v5/query_pure_cross_phi_joint8_c256.parquet,0904ae582b756852d39e493f4551481e89ab17396a2913af5ef3c6f72d86d07f,256,/home/gkl/work/evokv/results/read_correction_2026_09/v5/population_run/evaluation/medium/v4_to_v5/summary.json,1a3da3ec783bbe0a98b5431bc467c3e6a17f0a5b8df76ea3c2703e5f06890fff,query_pure_cross_phi_joint8_c256,3000,cross_phi_joint8
query_only,medium,v4_to_v5,512,4.756866101881606,35.718553849006426,0.036762709925435955,0.10292328765840719,query_only,0.5509727800287103,6515435332756,4.737456981910623,512,209769695088,26693406720,development_exploration,6542128739476,59.61816209610311,25.844586926530088,0.6171333577616815,148293839245218,148503608940306,137530226820726,0.01940911997098318,14339960121384,measurement,11.794670165959879,159.6181620961031,17515510859056,"{""Brier"": 0.19447644479666185, ""ROC_AUC"": 0.5509727800287103, ""dislike_PR_AUC"": 0.3046922217516604, ""dislike_only_log_loss"": 2.200106466535189, ""log_loss"": 0.6152006385740725}",evaluation,29860,10763612424492,0.5142100701032744,10973382119580,25313342240964,/home/gkl/work/evokv/results/read_correction_2026_09/v5/population_run/evaluation/medium/v4_to_v5/query_pure_cross_phi_joint8_c512.parquet,ae902f30e70255479db3aa352f4ff3e131fe3eb4cc56e0a1a5434a74bd1edab1,512,/home/gkl/work/evokv/results/read_correction_2026_09/v5/population_run/evaluation/medium/v4_to_v5/summary.json,1a3da3ec783bbe0a98b5431bc467c3e6a17f0a5b8df76ea3c2703e5f06890fff,query_pure_cross_phi_joint8_c512,3000,cross_phi_joint8
query_only,large,v0_to_v1,128,1.676068795497522,33.77784161598886,0.027551882582272702,0.08156791927531248,query_only,0.5521617135649581,6217364216368,1.6504124456445537,128,546463319550,96651520000,development_exploration,6314015736368,19.123331792143603,7.55371802787167,0.6061777502579979,409186664006700,409733127326250,376715785970692,0.025656349852968295,50570842808460,measurement,9.599262170619758,119.1233317921436,39331357091926,"{""Brier"": 0.4484097044707481, ""ROC_AUC"": 0.5521617135649581, ""dislike_PR_AUC"": 0.6062956029075601, ""dislike_only_log_loss"": 2.3635418393123566, ""log_loss"": 1.337357539092571}",evaluation,23450,32470878036008,0.5246098309826854,33017341355558,83588184164018,/home/gkl/work/evokv/results/read_correction_2026_09/v5/population_run/evaluation/large/v0_to_v1/query_pure_cross_phi_joint8_c128.parquet,f3ba804c09c65735f181a0ba6cef77a1b41017c92182d6a29279c385a1ca21ac,128,/home/gkl/work/evokv/results/read_correction_2026_09/v5/population_run/evaluation/large/v0_to_v1/summary.json,bec21dc32433649314ab5b47cd321d8a4dc4daf023216dee169423f5bd825345,query_pure_cross_phi_joint8_c128,3000,cross_phi_joint8
query_only,large,v0_to_v1,256,3.1721648121041834,37.164884067594485,0.03031462263501894,0.08156791927531248,query_only,0.5549244536177044,11853394084204,3.1465084622512154,256,546463319550,96651520000,development_exploration,11950045604204,36.19324001746852,14.29633353531815,0.6061777502579979,409186664006700,409733127326250,376715785970692,0.025656349852968295,50570842808460,measurement,10.974798951014941,136.19324001746853,44967386959762,"{""Brier"": 0.4495921311323464, ""ROC_AUC"": 0.5549244536177044, ""dislike_PR_AUC"": 0.6074315981177044, ""dislike_only_log_loss"": 2.4011432805560986, ""log_loss"": 1.3564711366619222}",evaluation,23450,32470878036008,0.5246098309826854,33017341355558,83588184164018,/home/gkl/work/evokv/results/read_correction_2026_09/v5/population_run/evaluation/large/v0_to_v1/query_pure_cross_phi_joint8_c256.parquet,485bf62e07fe27a4dae6a7ec4863e624640f3dc1be3a303b0dc051f5baca4942,256,/home/gkl/work/evokv/results/read_correction_2026_09/v5/population_run/evaluation/large/v0_to_v1/summary.json,bec21dc32433649314ab5b47cd321d8a4dc4daf023216dee169423f5bd825345,query_pure_cross_phi_joint8_c256,3000,cross_phi_joint8
query_only,large,v0_to_v1,512,6.127323006324931,49.77930307717031,0.04060394174979942,0.08156791927531248,query_only,0.5652137727324849,22985941502240,6.101666656471964,512,546463319550,96651520000,development_exploration,23082593022240,69.91051391348435,27.614660197602795,0.6061777502579979,409186664006700,409733127326250,376715785970692,0.025656349852968295,50570842808460,measurement,13.691822954097736,169.91051391348435,56099934377798,"{""Brier"": 0.4300216391584747, ""ROC_AUC"": 0.5652137727324849, ""dislike_PR_AUC"": 0.6135363666812453, ""dislike_only_log_loss"": 2.2263515813472563, ""log_loss"": 1.2699786063445384}",evaluation,23450,32470878036008,0.5246098309826854,33017341355558,83588184164018,/home/gkl/work/evokv/results/read_correction_2026_09/v5/population_run/evaluation/large/v0_to_v1/query_pure_cross_phi_joint8_c512.parquet,e3b014c83debcaf09f3db3f43496256990d24c47d9e90a37240d798268aaf0a2,512,/home/gkl/work/evokv/results/read_correction_2026_09/v5/population_run/evaluation/large/v0_to_v1/summary.json,bec21dc32433649314ab5b47cd321d8a4dc4daf023216dee169423f5bd825345,query_pure_cross_phi_joint8_c512,3000,cross_phi_joint8
query_only,large,v1_to_v2,128,1.4635672715382848,39.48598584649778,0.025918520219030072,0.06563979514096119,query_only,0.5278406910805254,6044572383288,1.4380963995047507,128,609918017625,107058560000,development_exploration,6151630943288,15.868355579494654,6.8170037427379055,0.5675619660024566,458474346489720,459084264507345,420317607732668,0.025470872033534174,51472855706760,measurement,9.78432309505706,115.86835557949465,44918287717965,"{""Brier"": 0.3924431918817404, ""ROC_AUC"": 0.5278406910805254, ""dislike_PR_AUC"": 0.5260951021206651, ""dislike_only_log_loss"": 2.032251423649098, ""log_loss"": 1.169245697217742}",evaluation,25975,38156738757052,0.5019221708614954,38766656774677,90239512481437,/home/gkl/work/evokv/results/read_correction_2026_09/v5/population_run/evaluation/large/v1_to_v2/query_pure_cross_phi_joint8_c128.parquet,3baaa96513812e4a9f4a51105e8a618f50c2531384138b6426d9eae0c6f33907,128,/home/gkl/work/evokv/results/read_correction_2026_09/v5/population_run/evaluation/large/v1_to_v2/summary.json,bbd19faf68d4194463b40fea6130f9adc771e3f4543f93120c94afd05fc694e2,query_pure_cross_phi_joint8_c128,3000,cross_phi_joint8
query_only,large,v1_to_v2,256,2.7902997462374604,18.052531563520834,0.011849644736052434,0.06563979514096119,query_only,0.5137718155975478,11621062581956,2.764828874203926,256,609918017625,107058560000,development_exploration,11728121141956,30.253114706597543,12.996658358907435,0.5675619660024566,458474346489720,459084264507345,420317607732668,0.025470872033534174,51472855706760,measurement,10.999021709188884,130.25311470659753,50494777916633,"{""Brier"": 0.382693278150345, ""ROC_AUC"": 0.5137718155975478, ""dislike_PR_AUC"": 0.5179003397104432, ""dislike_only_log_loss"": 1.9368217785932178, ""log_loss"": 1.1194558876676055}",evaluation,25975,38156738757052,0.5019221708614954,38766656774677,90239512481437,/home/gkl/work/evokv/results/read_correction_2026_09/v5/population_run/evaluation/large/v1_to_v2/query_pure_cross_phi_joint8_c256.parquet,82a1c2bac15735fd3fdb2ff5c30ceb8efaf2013ceb0c62c447d0fac27445e400,256,/home/gkl/work/evokv/results/read_correction_2026_09/v5/population_run/evaluation/large/v1_to_v2/summary.json,bbd19faf68d4194463b40fea6130f9adc771e3f4543f93120c94afd05fc694e2,query_pure_cross_phi_joint8_c256,3000,cross_phi_joint8
query_only,large,v1_to_v2,512,5.495279807299113,8.61668418501739,0.005655973846989015,0.06563979514096119,query_only,0.5075781447084844,22990570064256,5.469808935265579,512,609918017625,107058560000,development_exploration,23097628624256,59.58117244544993,25.595914682060556,0.5675619660024566,458474346489720,459084264507345,420317607732668,0.025470872033534174,51472855706760,measurement,13.475583935624789,159.58117244544994,61864285398933,"{""Brier"": 0.4023870129292469, ""ROC_AUC"": 0.5075781447084844, ""dislike_PR_AUC"": 0.5082472149515176, ""dislike_only_log_loss"": 2.1921483257577066, ""log_loss"": 1.1751992280081627}",evaluation,25975,38156738757052,0.5019221708614954,38766656774677,90239512481437,/home/gkl/work/evokv/results/read_correction_2026_09/v5/population_run/evaluation/large/v1_to_v2/query_pure_cross_phi_joint8_c512.parquet,91dff0543599e9c14fde709ab76879f2f2b005733ca72270f4c7ad5d43d3ec7f,512,/home/gkl/work/evokv/results/read_correction_2026_09/v5/population_run/evaluation/large/v1_to_v2/summary.json,bbd19faf68d4194463b40fea6130f9adc771e3f4543f93120c94afd05fc694e2,query_pure_cross_phi_joint8_c512,3000,cross_phi_joint8
query_only,large,v2_to_v3,128,1.4006266715870113,27.145958462109462,0.03080442196916444,0.11347700989140425,query_only,0.4956881869576128,6167938479172,1.3753049226924925,128,647286282787,113562444800,development_exploration,6281500923972,15.339125103151686,6.768628442654217,0.5783607748798526,488781444575154,489428730857941,448477888605006,0.025321748894518943,51852315391050,measurement,9.650504802632113,115.33912510315169,47232343176907,"{""Brier"": 0.3634001358925559, ""ROC_AUC"": 0.4956881869576128, ""dislike_PR_AUC"": 0.4836434409159204, ""dislike_only_log_loss"": 2.0531433786992874, ""log_loss"": 1.050003449288076}",evaluation,27553,40303555970148,0.46488376498844836,40950842252935,92803157643985,/home/gkl/work/evokv/results/read_correction_2026_09/v5/population_run/evaluation/large/v2_to_v3/query_pure_cross_phi_joint8_c128.parquet,2c977f1ff8eacfa0814ff2022c7d0f1d74248e687c92a22620ef309677565a4f,128,/home/gkl/work/evokv/results/read_correction_2026_09/v5/population_run/evaluation/large/v2_to_v3/summary.json,626e37260d11cf28d1b67f287ed5815aa418816a65ae5b9311b8a7c6549b90ef,query_pure_cross_phi_joint8_c128,3000,cross_phi_joint8
query_only,large,v2_to_v3,256,2.671614286220634,-22.909511585531895,-0.025997028727986426,0.11347700989140425,query_only,0.43888673626046193,11868036897712,2.646292537326115,256,647286282787,113562444800,development_exploration,11981599342512,29.2584930695858,12.910766881959196,0.5783607748798526,488781444575154,489428730857941,448477888605006,0.025321748894518943,51852315391050,measurement,10.815147999721923,129.2584930695858,52932441595447,"{""Brier"": 0.3532962620132867, ""ROC_AUC"": 0.43888673626046193, ""dislike_PR_AUC"": 0.42987297241341293, ""dislike_only_log_loss"": 1.9047829186699903, ""log_loss"": 1.0055412162966424}",evaluation,27553,40303555970148,0.46488376498844836,40950842252935,92803157643985,/home/gkl/work/evokv/results/read_correction_2026_09/v5/population_run/evaluation/large/v2_to_v3/query_pure_cross_phi_joint8_c256.parquet,8c8c9606acf27805cf24ea79aa7b4974cc4948570fa99e066919366f906bde54,256,/home/gkl/work/evokv/results/read_correction_2026_09/v5/population_run/evaluation/large/v2_to_v3/summary.json,626e37260d11cf28d1b67f287ed5815aa418816a65ae5b9311b8a7c6549b90ef,query_pure_cross_phi_joint8_c256,3000,cross_phi_joint8
query_only,large,v2_to_v3,512,5.185638179089573,18.51278840757043,0.021007758732433435,0.11347700989140425,query_only,0.4858915237208818,23142878171476,5.160316430195055,512,647286282787,113562444800,development_exploration,23256440616276,56.79111670678564,25.05996693075169,0.5783607748798526,488781444575154,489428730857941,448477888605006,0.025321748894518943,51852315391050,measurement,13.118821765256659,156.79111670678563,64207282869211,"{""Brier"": 0.3607661330733018, ""ROC_AUC"": 0.4858915237208818, ""dislike_PR_AUC"": 0.4836415041294817, ""dislike_only_log_loss"": 2.0200259538386094, ""log_loss"": 1.036904360977022}",evaluation,27553,40303555970148,0.46488376498844836,40950842252935,92803157643985,/home/gkl/work/evokv/results/read_correction_2026_09/v5/population_run/evaluation/large/v2_to_v3/query_pure_cross_phi_joint8_c512.parquet,755849e765e282783d470181525a6a33a8afd445796679b37ae73db804c87aff,512,/home/gkl/work/evokv/results/read_correction_2026_09/v5/population_run/evaluation/large/v2_to_v3/summary.json,626e37260d11cf28d1b67f287ed5815aa418816a65ae5b9311b8a7c6549b90ef,query_pure_cross_phi_joint8_c512,3000,cross_phi_joint8
query_only,large,v3_to_v4,128,1.3417593204701368,47.97008150866236,0.08237651521409883,0.17172477640927797,query_only,0.5635642604935289,6286196226068,1.3162605945347656,128,693520446334,121776793600,development_exploration,6407973019668,15.21072114155208,6.842097011645713,0.6529125216887081,519014397107028,519707917553362,477579914810856,0.025498725935371322,51527100492090,measurement,9.339087230124886,115.21072114155209,48535975762174,"{""Brier"": 0.37907805476096484, ""ROC_AUC"": 0.5635642604935289, ""dislike_PR_AUC"": 0.5430561924111078, ""dislike_only_log_loss"": 2.227567260609308, ""log_loss"": 1.1250365536328215}",evaluation,29546,41434482296172,0.4811877452794301,42128002742506,93655103234596,/home/gkl/work/evokv/results/read_correction_2026_09/v5/population_run/evaluation/large/v3_to_v4/query_pure_cross_phi_joint8_c128.parquet,bde27da6ef133321f70fcda3c168bd62c3a05d770d9179eac78550a7663b309e,128,/home/gkl/work/evokv/results/read_correction_2026_09/v5/population_run/evaluation/large/v3_to_v4/summary.json,5d8500fca1f4752f6c42d579d814bd71c37dee3e7ab7a15b7854030cb1f1605d,query_pure_cross_phi_joint8_c128,3000,cross_phi_joint8
query_only,large,v3_to_v4,256,2.5177561750724347,53.27626209412382,0.09148854196035505,0.17172477640927797,query_only,0.5726762872397851,11902521002456,2.4922574491370635,256,693520446334,121776793600,development_exploration,12024297796056,28.542292568557524,12.838913610437674,0.6529125216887081,519014397107028,519707917553362,477579914810856,0.025498725935371322,51527100492090,measurement,10.419756695933309,128.5422925685575,54152300538562,"{""Brier"": 0.39547193922233026, ""ROC_AUC"": 0.5726762872397851, ""dislike_PR_AUC"": 0.5222439469099033, ""dislike_only_log_loss"": 2.4093813077281947, ""log_loss"": 1.2013927865717904}",evaluation,29546,41434482296172,0.4811877452794301,42128002742506,93655103234596,/home/gkl/work/evokv/results/read_correction_2026_09/v5/population_run/evaluation/large/v3_to_v4/query_pure_cross_phi_joint8_c256.parquet,c964f3fa0d3d764e1b978d7e2afe9039a90bd1f15f5831aa6999959393114c78,256,/home/gkl/work/evokv/results/read_correction_2026_09/v5/population_run/evaluation/large/v3_to_v4/summary.json,5d8500fca1f4752f6c42d579d814bd71c37dee3e7ab7a15b7854030cb1f1605d,query_pure_cross_phi_joint8_c256,3000,cross_phi_joint8
query_only,large,v3_to_v4,512,4.916259247994298,51.77164790723711,0.08890474661210157,0.17172477640927797,query_only,0.5700924918915317,23357289934852,4.890760522058927,512,693520446334,121776793600,development_exploration,23479066728452,55.732684200483746,25.069714214760356,0.6529125216887081,519014397107028,519707917553362,477579914810856,0.025498725935371322,51527100492090,measurement,12.623834899383011,155.73268420048373,65607069470958,"{""Brier"": 0.3703371582276932, ""ROC_AUC"": 0.5700924918915317, ""dislike_PR_AUC"": 0.5538546208884298, ""dislike_only_log_loss"": 2.216310773885421, ""log_loss"": 1.1289733602561707}",evaluation,29546,41434482296172,0.4811877452794301,42128002742506,93655103234596,/home/gkl/work/evokv/results/read_correction_2026_09/v5/population_run/evaluation/large/v3_to_v4/query_pure_cross_phi_joint8_c512.parquet,72e122c9b94ec89626fa5791cff3776053d6be5c8c774552f03c8772580db17a,512,/home/gkl/work/evokv/results/read_correction_2026_09/v5/population_run/evaluation/large/v3_to_v4/summary.json,5d8500fca1f4752f6c42d579d814bd71c37dee3e7ab7a15b7854030cb1f1605d,query_pure_cross_phi_joint8_c512,3000,cross_phi_joint8
query_only,large,v4_to_v5,128,1.6695811236377576,65.18299094501455,0.1102591598976575,0.1691532688192648,query_only,0.5333816585580502,6324142954840,1.643995320014179,128,558503703120,98423808000,development_exploration,6422566762840,17.684791124267935,7.399024816690233,0.5922757674796575,420439713294060,420998216997180,384681323471496,0.025585803623578564,50485988231820,measurement,10.151933799950104,117.68479112426793,42739460288524,"{""Brier"": 0.3565677402375319, ""ROC_AUC"": 0.5333816585580502, ""dislike_PR_AUC"": 0.49560026228706705, ""dislike_only_log_loss"": 2.2798322709237073, ""log_loss"": 1.1014849104959754}",evaluation,23880,35758389822564,0.4231224986603927,36316893525684,86802881757504,/home/gkl/work/evokv/results/read_correction_2026_09/v5/population_run/evaluation/large/v4_to_v5/query_pure_cross_phi_joint8_c128.parquet,52b50fa9ffe1645ec7df3a9575e2c558dfb9921c272e52d2ec2a438dda824890,128,/home/gkl/work/evokv/results/read_correction_2026_09/v5/population_run/evaluation/large/v4_to_v5/summary.json,75e83bacbecd1814f95ceca76349c55f98334f5093dccd53a22cffb7d1ee6a46,query_pure_cross_phi_joint8_c128,3000,cross_phi_joint8
query_only,large,v4_to_v5,256,3.128821764006393,69.91303164258238,0.11826017835407504,0.1691532688192648,query_only,0.5413826770144677,11937569162844,3.1032359603828144,256,558503703120,98423808000,development_exploration,12035992970844,33.14158178846414,13.865891001716085,0.5922757674796575,420439713294060,420998216997180,384681323471496,0.025585803623578564,50485988231820,measurement,11.485294840774085,133.14158178846415,48352886496528,"{""Brier"": 0.3668276736288595, ""ROC_AUC"": 0.5413826770144677, ""dislike_PR_AUC"": 0.4909586285746114, ""dislike_only_log_loss"": 2.358517050106605, ""log_loss"": 1.1407229973734578}",evaluation,23880,35758389822564,0.4231224986603927,36316893525684,86802881757504,/home/gkl/work/evokv/results/read_correction_2026_09/v5/population_run/evaluation/large/v4_to_v5/query_pure_cross_phi_joint8_c256.parquet,540cf64363f6f0393a0a51d75c2f3cbfa6945496579c4dc5152344b93fa2d60e,256,/home/gkl/work/evokv/results/read_correction_2026_09/v5/population_run/evaluation/large/v4_to_v5/summary.json,75e83bacbecd1814f95ceca76349c55f98334f5093dccd53a22cffb7d1ee6a46,query_pure_cross_phi_joint8_c256,3000,cross_phi_joint8
query_only,large,v4_to_v5,512,6.098491694233322,54.11416255807819,0.09153587486115994,0.1691532688192648,query_only,0.5146583735215526,23361334753176,6.072905890609743,512,558503703120,98423808000,development_exploration,23459758561176,64.59737131587208,27.026474336087272,0.5922757674796575,420439713294060,420998216997180,384681323471496,0.025585803623578564,50485988231820,measurement,14.198789846005548,164.59737131587207,59776652086860,"{""Brier"": 0.36813131764236534, ""ROC_AUC"": 0.5146583735215526, ""dislike_PR_AUC"": 0.46974852333342076, ""dislike_only_log_loss"": 2.3953287819446345, ""log_loss"": 1.1379766967866367}",evaluation,23880,35758389822564,0.4231224986603927,36316893525684,86802881757504,/home/gkl/work/evokv/results/read_correction_2026_09/v5/population_run/evaluation/large/v4_to_v5/query_pure_cross_phi_joint8_c512.parquet,9d23c3f6ad52d977d321334fc7e05050841c42be7164f41589314826b2da73ef,512,/home/gkl/work/evokv/results/read_correction_2026_09/v5/population_run/evaluation/large/v4_to_v5/summary.json,75e83bacbecd1814f95ceca76349c55f98334f5093dccd53a22cffb7d1ee6a46,query_pure_cross_phi_joint8_c512,3000,cross_phi_joint8
query_only,max,v0_to_v1,128,1.547241972478897,-528.6911369904627,-0.047075675015525564,0.008904192206341977,query_only,0.573006273566965,9771060664412,1.521946810526234,128,909626678166,162397634560,development_exploration,9933458298972,21.373909907361142,7.883999205303445,0.6289861407888325,687575716503120,688485343181286,642010653515120,0.025295161952663046,79520481569898,measurement,8.193078984730848,121.37390990736114,56408147965138,"{""Brier"": 0.5827694176744116, ""ROC_AUC"": 0.573006273566965, ""dislike_PR_AUC"": 0.7990041611328608, ""dislike_only_log_loss"": 2.2082503305162997, ""log_loss"": 1.7195503464704232}",evaluation,24626,45565062988000,0.6200819485824905,46474689666166,125995171236064,/home/gkl/work/evokv/results/read_correction_2026_09/v5/population_run/evaluation/max/v0_to_v1/query_pure_cross_phi_joint8_c128.parquet,f85298d79d0bbc57a6dc5e80f371256d8ab8b4d8d264b2fc078a23da59b7ae48,128,/home/gkl/work/evokv/results/read_correction_2026_09/v5/population_run/evaluation/max/v0_to_v1/summary.json,7f9e02f5e7ab286ec8c548d05c9707d885add37e26708256bd1c410d144b57ef,query_pure_cross_phi_joint8_c128,3000,cross_phi_joint8
query_only,max,v0_to_v1,256,2.939900346417458,-109.76033854702835,-0.009773271510559067,0.008904192206341977,query_only,0.6103086770719315,18712075792168,2.9146051844647953,256,909626678166,162397634560,development_exploration,18874473426728,40.61237108263853,14.980314913311137,0.6289861407888325,687575716503120,688485343181286,642010653515120,0.025295161952663046,79520481569898,measurement,9.491729016471862,140.61237108263853,65349163092894,"{""Brier"": 0.625164307705815, ""ROC_AUC"": 0.6103086770719315, ""dislike_PR_AUC"": 0.8224276949504234, ""dislike_only_log_loss"": 2.439480672353593, ""log_loss"": 1.8779679510719063}",evaluation,24626,45565062988000,0.6200819485824905,46474689666166,125995171236064,/home/gkl/work/evokv/results/read_correction_2026_09/v5/population_run/evaluation/max/v0_to_v1/query_pure_cross_phi_joint8_c256.parquet,5d5d6e5f23ba113c0ceb657e08e6acfbb6fc84bc9de2055cdc78fc7480028fa3,256,/home/gkl/work/evokv/results/read_correction_2026_09/v5/population_run/evaluation/max/v0_to_v1/summary.json,7f9e02f5e7ab286ec8c548d05c9707d885add37e26708256bd1c410d144b57ef,query_pure_cross_phi_joint8_c256,3000,cross_phi_joint8
query_only,max,v0_to_v1,512,5.716648054888958,-89.39900156349624,-0.007960258929764374,0.008904192206341977,query_only,0.6121216896527262,36539091901792,5.691352892936296,512,909626678166,162397634560,development_exploration,36701489536352,78.9709190098606,29.129282635433903,0.6289861407888325,687575716503120,688485343181286,642010653515120,0.025295161952663046,79520481569898,measurement,12.081038474716921,178.97091900986058,83176179202518,"{""Brier"": 0.6315032558240588, ""ROC_AUC"": 0.6121216896527262, ""dislike_PR_AUC"": 0.8256153595628873, ""dislike_only_log_loss"": 2.4879603394454706, ""log_loss"": 1.9134686685888012}",evaluation,24626,45565062988000,0.6200819485824905,46474689666166,125995171236064,/home/gkl/work/evokv/results/read_correction_2026_09/v5/population_run/evaluation/max/v0_to_v1/query_pure_cross_phi_joint8_c512.parquet,700eba909f28deb7609fe65c588e8e2183ac699c53a9a4ebf52367f3ce8fe92b,512,/home/gkl/work/evokv/results/read_correction_2026_09/v5/population_run/evaluation/max/v0_to_v1/summary.json,7f9e02f5e7ab286ec8c548d05c9707d885add37e26708256bd1c410d144b57ef,query_pure_cross_phi_joint8_c512,3000,cross_phi_joint8
query_only,max,v1_to_v2,128,1.4992686714954147,70.87417425420008,0.045780309174399125,0.0645937813824845,query_only,0.5661324939304434,10073672521836,1.4740228359738279,128,975041229593,172533473280,development_exploration,10246205995116,19.390400347247354,7.673153116119768,0.5849459661385288,735280200657912,736255241887505,683413599571592,0.025245835521586806,80691545932224,measurement,8.568746912999012,119.39040034724735,63087848311029,"{""Brier"": 0.42828826666333586, ""ROC_AUC"": 0.5661324939304434, ""dislike_PR_AUC"": 0.7005328038508458, ""dislike_only_log_loss"": 1.9167802048438638, ""log_loss"": 1.3534855362863416}",evaluation,26163,51866601086320,0.5203521847560443,52841642315913,133533188248137,/home/gkl/work/evokv/results/read_correction_2026_09/v5/population_run/evaluation/max/v1_to_v2/query_pure_cross_phi_joint8_c128.parquet,a7694988944483ca58413cbda039a70de07a3628845d1d08c3f1998f3c7164c5,128,/home/gkl/work/evokv/results/read_correction_2026_09/v5/population_run/evaluation/max/v1_to_v2/summary.json,c119b0e88e9f44971b65c3f8e9d54a5f14d4a7c3ff166a61ef7a355b40c5ec45,query_pure_cross_phi_joint8_c128,3000,cross_phi_joint8
query_only,max,v1_to_v2,256,2.802222704027685,47.50080766846837,0.030682567860284893,0.0645937813824845,query_only,0.5510347526163292,18978237576328,2.776976868506098,256,975041229593,172533473280,development_exploration,19150771049608,36.2418165111436,14.341581520558941,0.5849459661385288,735280200657912,736255241887505,683413599571592,0.025245835521586806,80691545932224,measurement,9.778186866412963,136.2418165111436,71992413365521,"{""Brier"": 0.48707060613033404, ""ROC_AUC"": 0.5510347526163292, ""dislike_PR_AUC"": 0.6898234592830564, ""dislike_only_log_loss"": 2.2467931598341364, ""log_loss"": 1.509265974394121}",evaluation,26163,51866601086320,0.5203521847560443,52841642315913,133533188248137,/home/gkl/work/evokv/results/read_correction_2026_09/v5/population_run/evaluation/max/v1_to_v2/query_pure_cross_phi_joint8_c256.parquet,7eecee27e2e6644380d6cd77750530bc799eef820a4b9199ae03434bde0f9492,256,/home/gkl/work/evokv/results/read_correction_2026_09/v5/population_run/evaluation/max/v1_to_v2/summary.json,c119b0e88e9f44971b65c3f8e9d54a5f14d4a7c3ff166a61ef7a355b40c5ec45,query_pure_cross_phi_joint8_c256,3000,cross_phi_joint8
query_only,max,v1_to_v2,512,5.455268856767675,23.57034767629885,0.015224978849119997,0.0645937813824845,query_only,0.5355771636051643,37109515787064,5.430023021246088,512,975041229593,172533473280,development_exploration,37282049260344,70.55429700207614,27.919687794067286,0.5849459661385288,735280200657912,736255241887505,683413599571592,0.025245835521586806,80691545932224,measurement,12.240821721718527,170.55429700207614,90123691576257,"{""Brier"": 0.5079858949261353, ""ROC_AUC"": 0.5355771636051643, ""dislike_PR_AUC"": 0.6784560842531276, ""dislike_only_log_loss"": 2.3865585337129693, ""log_loss"": 1.5994944076875195}",evaluation,26163,51866601086320,0.5203521847560443,52841642315913,133533188248137,/home/gkl/work/evokv/results/read_correction_2026_09/v5/population_run/evaluation/max/v1_to_v2/query_pure_cross_phi_joint8_c512.parquet,f554291a4857613d1d3fa9f35d02c419134b8efdbb68bf1bf74c92b59dacb49e,512,/home/gkl/work/evokv/results/read_correction_2026_09/v5/population_run/evaluation/max/v1_to_v2/summary.json,c119b0e88e9f44971b65c3f8e9d54a5f14d4a7c3ff166a61ef7a355b40c5ec45,query_pure_cross_phi_joint8_c512,3000,cross_phi_joint8
query_only,max,v2_to_v3,128,1.6353176697126695,24.988517463743886,0.04246796540138853,0.16994991985021024,query_only,0.5505247550225505,10243776973820,1.6092728906190241,128,936037400380,165787238400,development_exploration,10409564212220,16.825246902170647,7.321907566364367,0.6780067094713722,697479595693638,698415633094018,636546917153350,0.026044779093645398,80301396395082,measurement,10.348892082024484,116.82524690217065,72278280152888,"{""Brier"": 0.48253405539163996, ""ROC_AUC"": 0.5505247550225505, ""dislike_PR_AUC"": 0.6716870589026602, ""dislike_only_log_loss"": 2.355636366810163, ""log_loss"": 1.5397484235956902}",evaluation,25140,60932678540288,0.508056789621162,61868715940668,142170112335750,/home/gkl/work/evokv/results/read_correction_2026_09/v5/population_run/evaluation/max/v2_to_v3/query_pure_cross_phi_joint8_c128.parquet,a82a99371f9980eda0bbdc09b4d5eaf21d60796158fab6e56d74173a72f5c4b6,128,/home/gkl/work/evokv/results/read_correction_2026_09/v5/population_run/evaluation/max/v2_to_v3/summary.json,e713fad9ccb5027ffd4a9767db1cfa1f731da31429e9f0734609c44fb5264317,query_pure_cross_phi_joint8_c128,3000,cross_phi_joint8
query_only,max,v2_to_v3,256,3.0807517124403363,11.249169249128277,0.019117954122708003,0.16994991985021024,query_only,0.52717474374387,19444642812288,3.054706933346691,256,936037400380,165787238400,development_exploration,19610430050688,31.696843473354726,13.793637585638155,0.6780067094713722,697479595693638,698415633094018,636546917153350,0.026044779093645398,80301396395082,measurement,11.666283246037764,131.69684347335473,81479145991356,"{""Brier"": 0.5357158529203766, ""ROC_AUC"": 0.52717474374387, ""dislike_PR_AUC"": 0.6477849209042538, ""dislike_only_log_loss"": 2.680169811562105, ""log_loss"": 1.7040597881366173}",evaluation,25140,60932678540288,0.508056789621162,61868715940668,142170112335750,/home/gkl/work/evokv/results/read_correction_2026_09/v5/population_run/evaluation/max/v2_to_v3/query_pure_cross_phi_joint8_c256.parquet,acc4df3a8ba473cddfc7be84a6cd45ca040d47768a9247e42303194434d960d6,256,/home/gkl/work/evokv/results/read_correction_2026_09/v5/population_run/evaluation/max/v2_to_v3/summary.json,e713fad9ccb5027ffd4a9767db1cfa1f731da31429e9f0734609c44fb5264317,query_pure_cross_phi_joint8_c256,3000,cross_phi_joint8
query_only,max,v2_to_v3,512,5.897732797011069,29.905730383454316,0.05082476481730058,0.16994991985021024,query_only,0.5588815544384625,37376049062916,5.871688017917424,512,936037400380,165787238400,development_exploration,37541836301316,60.6798375083759,26.406278847594155,0.6780067094713722,697479595693638,698415633094018,636546917153350,0.026044779093645398,80301396395082,measurement,14.2337238073538,160.6798375083759,99410552241984,"{""Brier"": 0.5154556774673446, ""ROC_AUC"": 0.5588815544384625, ""dislike_PR_AUC"": 0.6772453404724832, ""dislike_only_log_loss"": 2.49519001096191, ""log_loss"": 1.5946642779187024}",evaluation,25140,60932678540288,0.508056789621162,61868715940668,142170112335750,/home/gkl/work/evokv/results/read_correction_2026_09/v5/population_run/evaluation/max/v2_to_v3/query_pure_cross_phi_joint8_c512.parquet,55e2287ae5c8d7b5581451547dfeca3cc38c8fe71c1895c2e2bda859b7ab9b8b,512,/home/gkl/work/evokv/results/read_correction_2026_09/v5/population_run/evaluation/max/v2_to_v3/summary.json,e713fad9ccb5027ffd4a9767db1cfa1f731da31429e9f0734609c44fb5264317,query_pure_cross_phi_joint8_c512,3000,cross_phi_joint8
query_only,max,v3_to_v4,128,1.1694558003052733,3.7610637808407965,0.0022392069198923226,0.05953653142759896,query_only,0.5670394302584812,10226547978688,1.1447183042225737,128,1259836642392,220996894720,development_exploration,10447544873408,17.199226149721795,7.310399843779863,0.6243367547661879,952852520025750,954112356668142,893368083742950,0.02473749608269952,82169180465424,measurement,7.461575914099794,117.1992261497218,71191817798600,"{""Brier"": 0.5610785849319297, ""ROC_AUC"": 0.5670394302584812, ""dislike_PR_AUC"": 0.7406606933951629, ""dislike_only_log_loss"": 2.449251059740455, ""log_loss"": 1.7394652534517097}",evaluation,33512,59484436282800,0.5648002233385889,60744272925192,142913453390616,/home/gkl/work/evokv/results/read_correction_2026_09/v5/population_run/evaluation/max/v3_to_v4/query_pure_cross_phi_joint8_c128.parquet,6cc1b96caffb47513a1a6582bcc6ebb1e2d6bc73a19b267c942682ef8bbc9ac5,128,/home/gkl/work/evokv/results/read_correction_2026_09/v5/population_run/evaluation/max/v3_to_v4/summary.json,5100b3afd4d41fbee601c0ec1deeb6193e8dd916845780f753a95f3d92d22ec2,query_pure_cross_phi_joint8_c128,3000,cross_phi_joint8
query_only,max,v3_to_v4,256,2.184670016868847,-51.9601561836337,-0.030935274716098582,0.05953653142759896,query_only,0.5338649486224903,19296147771088,2.1599325207861475,256,1259836642392,220996894720,development_exploration,19517144665808,32.13001609195952,13.6566181858772,0.6243367547661879,952852520025750,954112356668142,893368083742950,0.02473749608269952,82169180465424,measurement,8.41215576237594,132.13001609195953,80261417591000,"{""Brier"": 0.5689435300747211, ""ROC_AUC"": 0.5338649486224903, ""dislike_PR_AUC"": 0.7097499601633669, ""dislike_only_log_loss"": 2.4676013749870593, ""log_loss"": 1.7572656658983015}",evaluation,33512,59484436282800,0.5648002233385889,60744272925192,142913453390616,/home/gkl/work/evokv/results/read_correction_2026_09/v5/population_run/evaluation/max/v3_to_v4/query_pure_cross_phi_joint8_c256.parquet,8c1f0d546086ca57f7b39e67a32d8150975f6d680431487cdf9cc9c1c941a471,256,/home/gkl/work/evokv/results/read_correction_2026_09/v5/population_run/evaluation/max/v3_to_v4/summary.json,5100b3afd4d41fbee601c0ec1deeb6193e8dd916845780f753a95f3d92d22ec2,query_pure_cross_phi_joint8_c256,3000,cross_phi_joint8
query_only,max,v3_to_v4,512,4.200875369669726,-32.21912696179793,-0.019182150649308838,0.05953653142759896,query_only,0.5456180726892801,37308282895728,4.1761378735870265,512,1259836642392,220996894720,development_exploration,37529279790448,61.782416651305034,26.260144793976586,0.6243367547661879,952852520025750,954112356668142,893368083742950,0.02473749608269952,82169180465424,measurement,10.299997901591098,161.78241665130503,98273552715640,"{""Brier"": 0.5776650478366072, ""ROC_AUC"": 0.5456180726892801, ""dislike_PR_AUC"": 0.7222539355678121, ""dislike_only_log_loss"": 2.485718239817791, ""log_loss"": 1.7618411132039375}",evaluation,33512,59484436282800,0.5648002233385889,60744272925192,142913453390616,/home/gkl/work/evokv/results/read_correction_2026_09/v5/population_run/evaluation/max/v3_to_v4/query_pure_cross_phi_joint8_c512.parquet,76403fa975cc5cfd182200c76073f145375a8b07489e23ba390afa4b12b9be48,512,/home/gkl/work/evokv/results/read_correction_2026_09/v5/population_run/evaluation/max/v3_to_v4/summary.json,5100b3afd4d41fbee601c0ec1deeb6193e8dd916845780f753a95f3d92d22ec2,query_pure_cross_phi_joint8_c512,3000,cross_phi_joint8
query_only,max,v4_to_v5,128,1.4067911077471356,12.234096157839296,0.017722845565102063,0.14486436379483347,query_only,0.5218012266219885,10012656761448,1.3813185324608266,128,1043722706269,184641085440,development_exploration,10197297846888,18.0994298808873,7.56190228530064,0.6489427448517199,780158976176652,781202698882921,724862262117804,0.025472575286308984,78510523511244,measurement,8.517345716694333,118.0994298808873,66537734612005,"{""Brier"": 0.47011929483083925, ""ROC_AUC"": 0.5218012266219885, ""dislike_PR_AUC"": 0.6658324438296079, ""dislike_only_log_loss"": 2.0333562412229678, ""log_loss"": 1.3746020828367098}",evaluation,27999,55296714058848,0.5040783810568864,56340436765117,134850960276361,/home/gkl/work/evokv/results/read_correction_2026_09/v5/population_run/evaluation/max/v4_to_v5/query_pure_cross_phi_joint8_c128.parquet,b74e2549c348c902cc7852a85fa7fa007da84619049e55ff0264c53c1ad58d7e,128,/home/gkl/work/evokv/results/read_correction_2026_09/v5/population_run/evaluation/max/v4_to_v5/summary.json,600856a8f231811fe2319da73df6635eeccfa69fe7a8e174145ce3f8554169fd,query_pure_cross_phi_joint8_c128,3000,cross_phi_joint8
query_only,max,v4_to_v5,256,2.6407629727173014,16.979744797946104,0.024597599275530957,0.14486436379483347,query_only,0.5286759803324174,18957253135768,2.6152903974309925,256,1043722706269,184641085440,development_exploration,19141894221208,33.97540970619461,14.194851992139295,0.6489427448517199,780158976176652,781202698882921,724862262117804,0.025472575286308984,78510523511244,measurement,9.662323375771843,133.97540970619463,75482330986325,"{""Brier"": 0.49788349809067867, ""ROC_AUC"": 0.5286759803324174, ""dislike_PR_AUC"": 0.6631842278752683, ""dislike_only_log_loss"": 2.211800123372427, ""log_loss"": 1.4758327173057546}",evaluation,27999,55296714058848,0.5040783810568864,56340436765117,134850960276361,/home/gkl/work/evokv/results/read_correction_2026_09/v5/population_run/evaluation/max/v4_to_v5/query_pure_cross_phi_joint8_c256.parquet,82f60ee599af52c714a27c573bbd736879e562dc47a67a153746b28c945c5df7,256,/home/gkl/work/evokv/results/read_correction_2026_09/v5/population_run/evaluation/max/v4_to_v5/summary.json,600856a8f231811fe2319da73df6635eeccfa69fe7a8e174145ce3f8554169fd,query_pure_cross_phi_joint8_c256,3000,cross_phi_joint8
query_only,max,v4_to_v5,512,5.114400058089247,5.306985637883388,0.007687930981002955,0.14486436379483347,query_only,0.5117663120378894,36887714869380,5.088927482802938,512,1043722706269,184641085440,development_exploration,37072355954820,65.80061867353722,27.49135481041041,0.6489427448517199,780158976176652,781202698882921,724862262117804,0.025472575286308984,78510523511244,measurement,11.957561443849645,165.8006186735372,93412792719937,"{""Brier"": 0.5201679826298214, ""ROC_AUC"": 0.5117663120378894, ""dislike_PR_AUC"": 0.6341851954887332, ""dislike_only_log_loss"": 2.364215115846296, ""log_loss"": 1.5683886840053813}",evaluation,27999,55296714058848,0.5040783810568864,56340436765117,134850960276361,/home/gkl/work/evokv/results/read_correction_2026_09/v5/population_run/evaluation/max/v4_to_v5/query_pure_cross_phi_joint8_c512.parquet,d4b619c129661d574999498287ec9b51dbe463ed2d9ad9dbffb04b932547c495,512,/home/gkl/work/evokv/results/read_correction_2026_09/v5/population_run/evaluation/max/v4_to_v5/summary.json,600856a8f231811fe2319da73df6635eeccfa69fe7a8e174145ce3f8554169fd,query_pure_cross_phi_joint8_c512,3000,cross_phi_joint8
history_conditioned,medium,v0_to_v1,64,61.27037776156038,96.690186317935,0.11506118432115814,0.11899985789955553,history_conditioned,0.6106210453216829,2594066545064,2.2773396979961613,64,178467862794,67197645817632,development_exploration,69791712362696,610.0280714375681,272.2497548138486,0.6145597189000803,125170025908124,125348493770918,113907755937620,58.99303806356422,14194441309624,measurement,64.80528624815489,710.0280714375681,81232450195994,"{""Brier"": 0.19123629264353945, ""ROC_AUC"": 0.6106210453216829, ""dislike_PR_AUC"": 0.3264992575831804, ""dislike_only_log_loss"": 2.166072741006225, ""log_loss"": 0.5968989107551227}",evaluation,26014,11262269970504,0.4955598610005248,11440737833298,25635179142922,/home/gkl/work/evokv/results/read_correction_2026_09/motivation_final/evaluation/c64/medium/v0_to_v1/map_all.parquet,bbeca5a1250dea3e3e60038e3cb58897dc3c18b959b7e2dca8744d9e27987d84,map_all,/home/gkl/work/evokv/results/read_correction_2026_09/motivation_final/evaluation/c64/medium/v0_to_v1/summary.json,2072358cabb168f5d7fb827b465f6524f5d845c8129ae82b1208cd6ec1c700de,,3000,map_all
history_conditioned,medium,v1_to_v2,64,61.25941749197988,75.79573949818068,0.06284994749776007,0.08292015872378772,history_conditioned,0.4885474376364493,2577036035364,2.209186804418472,64,181404462195,68882618741904,development_exploration,71459654777268,617.4053203313005,274.6451280504547,0.508617648862477,128043672379278,128225076841473,116650888472166,59.05023068756141,14444716566134,measurement,64.75632161190377,717.4053203313005,83033843146575,"{""Brier"": 0.22729392267085202, ""ROC_AUC"": 0.4885474376364493, ""dislike_PR_AUC"": 0.30448810307060453, ""dislike_only_log_loss"": 2.2053474408591214, ""log_loss"": 0.7090916826067921}",evaluation,26001,11392783907112,0.42569749013868924,11574188369307,26018904935441,/home/gkl/work/evokv/results/read_correction_2026_09/motivation_final/evaluation/c64/medium/v1_to_v2/map_all.parquet,d489671f634b21a7796eaf9e3bbdabf3544bd2dc9d679f7b3e760214f83ac1b2,map_all,/home/gkl/work/evokv/results/read_correction_2026_09/motivation_final/evaluation/c64/medium/v1_to_v2/summary.json,d94698564e73a481b72be15d97897081b9db5acc16d8a5b54b8bb22e41f44859,,3000,map_all
history_conditioned,medium,v2_to_v3,64,61.08712103005107,59.411684678373696,0.04923851875833962,0.08287682637665184,history_conditioned,0.49952197556113653,2625823795880,2.115290972047062,64,192048416871,73204886088576,development_exploration,75830709884456,620.0337635857111,283.2541042387995,0.5331602831794487,136173392585440,136365441002311,124135347362584,58.97183005800401,14541172424798,measurement,64.57706797038894,720.0337635857111,88060803524183,"{""Brier"": 0.26096745721659925, ""ROC_AUC"": 0.49952197556113653, ""dislike_PR_AUC"": 0.3710470764169027, ""dislike_only_log_loss"": 2.136374952585524, ""log_loss"": 0.7895608355075129}",evaluation,27313,12038045222856,0.4502834568027969,12230093639727,26771266064525,/home/gkl/work/evokv/results/read_correction_2026_09/motivation_final/evaluation/c64/medium/v2_to_v3/map_all.parquet,41097f5e8cd370cf67fa9465064619a5f8718d9fc1ee70d3891cd8a29484ffef,map_all,/home/gkl/work/evokv/results/read_correction_2026_09/motivation_final/evaluation/c64/medium/v2_to_v3/summary.json,635af195a5d98bb6f7a6bc2de19e91e578137e99c51bbe7727ee769b11d46813,,3000,map_all
history_conditioned,medium,v3_to_v4,64,61.96587377080886,82.94527943286468,0.1604249569490721,0.19341059315969744,history_conditioned,0.5487926290134291,2620997565124,2.41964451507854,64,169421917809,64501426105776,development_exploration,67122423670900,617.445828817287,264.2151540831892,0.5817782652240544,119023156247786,119192578165595,108321596366354,59.546229255730324,14533474619548,measurement,65.43478349950973,717.445828817287,77993405470141,"{""Brier"": 0.2353529407078571, ""ROC_AUC"": 0.5487926290134291, ""dislike_PR_AUC"": 0.35481277045486465, ""dislike_only_log_loss"": 2.168371818052594, ""log_loss"": 0.7218903166183308}",evaluation,24155,10701559881432,0.38836767206435696,10870981799241,25404456418789,/home/gkl/work/evokv/results/read_correction_2026_09/motivation_final/evaluation/c64/medium/v3_to_v4/map_all.parquet,6507593fb71ef2d2a469b0d4359823812c1159380fc80274de25e162d396b876,map_all,/home/gkl/work/evokv/results/read_correction_2026_09/motivation_final/evaluation/c64/medium/v3_to_v4/summary.json,8aa38fedc423c7482e72149cbdb74d6b9169bc4ac01b50a0bf25ce326dae7652,,3000,map_all
history_conditioned,medium,v4_to_v5,64,60.01719843873684,64.58281122536681,0.06647075257537038,0.10292328765840719,history_conditioned,0.5806808226786447,2616974547008,1.9028359128784758,64,209769695088,79924814597232,development_exploration,82541789144240,752.2000805654915,326.0801689421499,0.6171333577616815,148293839245218,148503608940306,137530226820726,58.11436252585836,14339960121384,measurement,62.97164892565695,852.2000805654915,93515171263820,"{""Brier"": 0.19305918159878474, ""ROC_AUC"": 0.5806808226786447, ""dislike_PR_AUC"": 0.31982643435813307, ""dislike_only_log_loss"": 2.1656157192615906, ""log_loss"": 0.6055840101560055}",evaluation,29860,10763612424492,0.5142100701032744,10973382119580,25313342240964,/home/gkl/work/evokv/results/read_correction_2026_09/motivation_final/evaluation/c64/medium/v4_to_v5/map_all.parquet,ec301cf85033d132f013eb50f5c7770b3d64abd7175d8945f0f009dcd53e51f7,map_all,/home/gkl/work/evokv/results/read_correction_2026_09/motivation_final/evaluation/c64/medium/v4_to_v5/summary.json,9ec09b078a3362858c32fa70924a0c0488e58e72f1611ab48d19e224522131bd,,3000,map_all
history_conditioned,large,v0_to_v1,64,78.02744966248329,89.50207260009054,0.07300497832817343,0.08156791927531248,history_conditioned,0.5976148093108589,10845641496910,2.878998412281501,64,546463319550,283096078772000,development_exploration,293941720268910,890.2646554836224,351.65463062594245,0.6061777502579979,409186664006700,409733127326250,376715785970692,75.14845125020179,50570842808460,measurement,79.79805385961063,990.2646554836224,326959061624468,"{""Brier"": 0.43068965978386414, ""ROC_AUC"": 0.5976148093108589, ""dislike_PR_AUC"": 0.6372804594388414, ""dislike_only_log_loss"": 2.210958727460975, ""log_loss"": 1.259088193963869}",evaluation,23450,32470878036008,0.5246098309826854,33017341355558,83588184164018,/home/gkl/work/evokv/results/read_correction_2026_09/motivation_final/evaluation/c64/large/v0_to_v1/map_all.parquet,2bd114e6970baca080b328decbb263cebd36f6af7ee46147b850e6d82b517f67,map_all,/home/gkl/work/evokv/results/read_correction_2026_09/motivation_final/evaluation/c64/large/v0_to_v1/summary.json,dc2273fba7df08efa35b97414eebc1d249de8bcc61ea0a7d0a00690781128662,,3000,map_all
history_conditioned,large,v1_to_v2,64,78.22558711671961,52.17525969242089,0.034247733576369566,0.06563979514096119,history_conditioned,0.5361699044378649,10865620418230,2.5850976067461806,64,609918017625,317930295985600,development_exploration,328795916403830,848.1410153960059,364.3591453039665,0.5675619660024566,458474346489720,459084264507345,420317607732668,75.64048950997343,51472855706760,measurement,80.0642935503241,948.1410153960059,367562573178507,"{""Brier"": 0.393812382538527, ""ROC_AUC"": 0.5361699044378649, ""dislike_PR_AUC"": 0.5402367590322312, ""dislike_only_log_loss"": 2.114798007061044, ""log_loss"": 1.1392697493181476}",evaluation,25975,38156738757052,0.5019221708614954,38766656774677,90239512481437,/home/gkl/work/evokv/results/read_correction_2026_09/motivation_final/evaluation/c64/large/v1_to_v2/map_all.parquet,9e530528c62ee0e1721f8b5352ceaf15df7610c9c7d5fe410857020046f6a194,map_all,/home/gkl/work/evokv/results/read_correction_2026_09/motivation_final/evaluation/c64/large/v1_to_v2/summary.json,c34edca55480f5aff8c815117d70f6b9899b01ed321d0c05397cdae614337546,,3000,map_all
history_conditioned,large,v2_to_v3,64,77.70443266214576,61.69661404960829,0.07001147282773551,0.11347700989140425,history_conditioned,0.5348952378161839,10945019712890,2.4404814576108915,64,647286282787,337542179242800,development_exploration,348487198955690,850.9890878513335,375.5122215696257,0.5783607748798526,488781444575154,489428730857941,448477888605006,75.26395120453488,51852315391050,measurement,79.56991828533688,950.9890878513335,389438041208625,"{""Brier"": 0.34901355112997656, ""ROC_AUC"": 0.5348952378161839, ""dislike_PR_AUC"": 0.5191906993569584, ""dislike_only_log_loss"": 1.9109747422684107, ""log_loss"": 0.9910103144048956}",evaluation,27553,40303555970148,0.46488376498844836,40950842252935,92803157643985,/home/gkl/work/evokv/results/read_correction_2026_09/motivation_final/evaluation/c64/large/v2_to_v3/map_all.parquet,f56c8ea481ec2725c33e8ccb3297325b2fecd4ee9f25f6ee11114ed46826153f,map_all,/home/gkl/work/evokv/results/read_correction_2026_09/motivation_final/evaluation/c64/large/v2_to_v3/summary.json,e8935b15c60a834f6c832221b292eefd74ee5698f2ef5401cdd09a24fb758a5d,,3000,map_all
history_conditioned,large,v3_to_v4,64,77.96933127626698,61.680423872739986,0.10592056998375765,0.17172477640927797,history_conditioned,0.5871083152631877,10961032186190,2.2951200095027198,64,693520446334,361404833701600,development_exploration,372365865887790,883.8915724625203,397.59271307945005,0.6529125216887081,519014397107028,519707917553362,477579914810856,75.67421126676427,51527100492090,measurement,79.75515758574855,983.8915724625203,414493868630296,"{""Brier"": 0.3697698803711401, ""ROC_AUC"": 0.5871083152631877, ""dislike_PR_AUC"": 0.5925133405003644, ""dislike_only_log_loss"": 2.190229650111066, ""log_loss"": 1.1082964532330426}",evaluation,29546,41434482296172,0.4811877452794301,42128002742506,93655103234596,/home/gkl/work/evokv/results/read_correction_2026_09/motivation_final/evaluation/c64/large/v3_to_v4/map_all.parquet,79c65cb35c2b1008a0ff477732d808b37f2917d007a5076eff527ef827e31524,map_all,/home/gkl/work/evokv/results/read_correction_2026_09/motivation_final/evaluation/c64/large/v3_to_v4/summary.json,493a4d928e94892c651643ea6febabe359a47fa9ed2942f18de80040563b9f64,,3000,map_all
history_conditioned,large,v4_to_v5,64,78.29908127825404,61.82574264554371,0.10458026465672338,0.1691532688192648,history_conditioned,0.5277027633171161,11009597473610,2.862004678120482,64,558503703120,290192344653600,development_exploration,301201942127210,829.3714381550675,346.9953255338455,0.5922757674796575,420439713294060,420998216997180,384681323471496,75.43707660013357,50485988231820,measurement,80.17108434812084,929.3714381550675,337518835652894,"{""Brier"": 0.36785338908935433, ""ROC_AUC"": 0.5277027633171161, ""dislike_PR_AUC"": 0.4828369427448006, ""dislike_only_log_loss"": 2.4118558655085747, ""log_loss"": 1.1313853114349337}",evaluation,23880,35758389822564,0.4231224986603927,36316893525684,86802881757504,/home/gkl/work/evokv/results/read_correction_2026_09/motivation_final/evaluation/c64/large/v4_to_v5/map_all.parquet,9b7c87434e7a6c16711a23976e2f7dad8c887af592d7e129d53e8de7d3f6425a,map_all,/home/gkl/work/evokv/results/read_correction_2026_09/motivation_final/evaluation/c64/large/v4_to_v5/summary.json,119adbe7cab8b397a95afca6d6a1435e2a330420e899089f36d776fb68c6d73d,,3000,map_all
history_conditioned,max,v0_to_v1,64,76.04051556914526,182.58474377608016,0.016257696525279197,0.008904192206341977,history_conditioned,0.6363396451077697,17413834990376,2.7123903466449075,64,909626678166,470774375951360,development_exploration,488188210941736,1050.438882859591,387.4658101198725,0.6289861407888325,687575716503120,688485343181286,642010653515120,73.32812522250035,79520481569898,measurement,77.6578478980226,1150.438882859591,534662900607902,"{""Brier"": 0.5905078918390587, ""ROC_AUC"": 0.6363396451077697, ""dislike_PR_AUC"": 0.8392461068855638, ""dislike_only_log_loss"": 2.235925126539907, ""log_loss"": 1.7266289403977984}",evaluation,24626,45565062988000,0.6200819485824905,46474689666166,125995171236064,/home/gkl/work/evokv/results/read_correction_2026_09/motivation_final/evaluation/c64/max/v0_to_v1/map_all.parquet,dec4f5cc21676daff49c5b094fab5b231cd9a7ce1081a38fac80842fffb3e266,map_all,/home/gkl/work/evokv/results/read_correction_2026_09/motivation_final/evaluation/c64/max/v0_to_v1/summary.json,f90f4391904e1adf3b0c753dcfa0b9e23e017dcc5821748622c16ec8dc817703,,3000,map_all
history_conditioned,max,v1_to_v2,64,76.94811301290989,50.12551751616783,0.03237796720123243,0.0645937813824845,history_conditioned,0.5527301519572767,17566382764104,2.5703882356329677,64,975041229593,508307486179840,development_exploration,525873868943944,995.1883512628442,393.81510757216626,0.5849459661385288,735280200657912,736255241887505,683413599571592,74.37772477727691,80691545932224,measurement,78.60256584064918,1095.1883512628442,578715511259857,"{""Brier"": 0.547032346964254, ""ROC_AUC"": 0.5527301519572767, ""dislike_PR_AUC"": 0.6821983035950134, ""dislike_only_log_loss"": 2.6047148402951534, ""log_loss"": 1.7114107357587909}",evaluation,26163,51866601086320,0.5203521847560443,52841642315913,133533188248137,/home/gkl/work/evokv/results/read_correction_2026_09/motivation_final/evaluation/c64/max/v1_to_v2/map_all.parquet,6efe83c2bdb9243a0fe5b6b8c2d003c1a185ff19b25439a953ea19822177c551,map_all,/home/gkl/work/evokv/results/read_correction_2026_09/motivation_final/evaluation/c64/max/v1_to_v2/summary.json,bb15b5235ef62ef6c599070c2e2537d1f4ff1dabfd3f5b20d6ed7bcfaa949f1b,,3000,map_all
history_conditioned,max,v2_to_v3,64,79.38512979796946,55.03031619977105,0.09352397827482817,0.16994991985021024,history_conditioned,0.6015807678959901,17720240880120,2.783807509329439,64,936037400380,487603355527040,development_exploration,505323596407160,816.7675516197306,355.4358845928067,0.6780067094713722,697479595693638,698415633094018,636546917153350,76.60132228864002,80301396395082,measurement,81.21128529656993,916.7675516197306,567192312347828,"{""Brier"": 0.5144151809820547, ""ROC_AUC"": 0.6015807678959901, ""dislike_PR_AUC"": 0.7147735616544966, ""dislike_only_log_loss"": 2.4685232040835974, ""log_loss"": 1.5743645732282476}",evaluation,25140,60932678540288,0.508056789621162,61868715940668,142170112335750,/home/gkl/work/evokv/results/read_correction_2026_09/motivation_final/evaluation/c64/max/v2_to_v3/map_all.parquet,c9d0e73f7225b2dfdcccffddea19cb84f987b3b3e407b31019f0064d2bfb8d65,map_all,/home/gkl/work/evokv/results/read_correction_2026_09/motivation_final/evaluation/c64/max/v2_to_v3/summary.json,9ca426cf2e6ce7738a7ad43f47bbb81581683ad7cf90b3bd66b7c574dd33a165,,3000,map_all
history_conditioned,max,v3_to_v4,64,75.9986648908911,25.08480871075677,0.014934625021632786,0.05953653142759896,history_conditioned,0.5797348483602217,17567236543260,1.9664052100068805,64,1259836642392,661380579662720,development_exploration,678947816205980,1117.714944159625,475.07620878088807,0.6243367547661879,952852520025750,954112356668142,893368083742950,74.03225968088422,82169180465424,measurement,77.52672774454494,1217.714944159625,739692089131172,"{""Brier"": 0.5653680122047351, ""ROC_AUC"": 0.5797348483602217, ""dislike_PR_AUC"": 0.7537666932263124, ""dislike_only_log_loss"": 2.4050576800703576, ""log_loss"": 1.7057292797683807}",evaluation,33512,59484436282800,0.5648002233385889,60744272925192,142913453390616,/home/gkl/work/evokv/results/read_correction_2026_09/motivation_final/evaluation/c64/max/v3_to_v4/map_all.parquet,9cf04f7c248ea93adbaefad0049ec277ed646461f4112e100a17a391329b6f3e,map_all,/home/gkl/work/evokv/results/read_correction_2026_09/motivation_final/evaluation/c64/max/v3_to_v4/summary.json,d6e0a294be7cad7754e8b4a93b85b165ac7bc3a45fa2969a5f919cc54c5c3149,,3000,map_all
history_conditioned,max,v4_to_v5,64,77.48388755912704,21.35827213988555,0.030940525053014367,0.14486436379483347,history_conditioned,0.5350189061099008,17430376470704,2.404646700709497,64,1043722706269,544221083667200,development_exploration,561651460137904,996.8887221791093,416.4979314844078,0.6489427448517199,780158976176652,781202698882921,724862262117804,75.07924085841755,78510523511244,measurement,79.10775241646209,1096.8887221791094,617991896903021,"{""Brier"": 0.5219637007787736, ""ROC_AUC"": 0.5350189061099008, ""dislike_PR_AUC"": 0.6619120568701166, ""dislike_only_log_loss"": 2.3801591714539097, ""log_loss"": 1.5723047686396445}",evaluation,27999,55296714058848,0.5040783810568864,56340436765117,134850960276361,/home/gkl/work/evokv/results/read_correction_2026_09/motivation_final/evaluation/c64/max/v4_to_v5/map_all.parquet,23727b2b390e98661e2ce81f5b1e76a92f7550c44bcb8f12d739d7ce22cf85ce,map_all,/home/gkl/work/evokv/results/read_correction_2026_09/motivation_final/evaluation/c64/max/v4_to_v5/summary.json,7c4971730d0106cb15a53f592622e6002cb86fb7fccf76069980a07a1184a221,,3000,map_all
history_conditioned,medium,v0_to_v1,128,63.23960892746309,99.82907998243522,0.11879646332153154,0.11899985789955553,history_conditioned,0.6143563243220563,4837173575368,4.246570863898865,128,178467862794,67197645817632,development_exploration,72034819393000,629.6343858465522,280.9998673751776,0.6145597189000803,125170025908124,125348493770918,113907755937620,58.99303806356422,14194441309624,measurement,66.59478284506127,729.6343858465522,83475557226298,"{""Brier"": 0.1914065514522101, ""ROC_AUC"": 0.6143563243220563, ""dislike_PR_AUC"": 0.32901234561817916, ""dislike_only_log_loss"": 2.1741529355373936, ""log_loss"": 0.5977101335914358}",evaluation,26014,11262269970504,0.4955598610005248,11440737833298,25635179142922,/home/gkl/work/evokv/results/read_correction_2026_09/v4/population_run/evaluation/medium/v0_to_v1/map_all.parquet,03715fbe64a4df58f068d1686ac7533df0d47b881bc4b4a8f127c315ab72529f,map_all,/home/gkl/work/evokv/results/read_correction_2026_09/v4/population_run/evaluation/medium/v0_to_v1/summary.json,c8d072085e77a8a260800d5187210a25198ce3c745980a6838064de0cd0afac6,,3000,map_all
history_conditioned,medium,v1_to_v2,128,63.210616414216204,70.9251959780534,0.05881128508015937,0.08292015872378772,history_conditioned,0.4845087752188486,4853126914012,4.160385726654797,128,181404462195,68882618741904,development_exploration,73735745655916,637.0705513265368,283.392963073856,0.508617648862477,128043672379278,128225076841473,116650888472166,59.05023068756141,14444716566134,measurement,66.5313962967581,737.0705513265368,85309934025223,"{""Brier"": 0.2270900544910397, ""ROC_AUC"": 0.4845087752188486, ""dislike_PR_AUC"": 0.3034616725239862, ""dislike_only_log_loss"": 2.195903153390889, ""log_loss"": 0.7079188096629592}",evaluation,26001,11392783907112,0.42569749013868924,11574188369307,26018904935441,/home/gkl/work/evokv/results/read_correction_2026_09/v4/population_run/evaluation/medium/v1_to_v2/map_all.parquet,7c59c1dbaa5e2d6ff26b6c9ae4eb073093035b10b0f97738793b096cdeefd213,map_all,/home/gkl/work/evokv/results/read_correction_2026_09/v4/population_run/evaluation/medium/v1_to_v2/summary.json,8f5e83c9f5461d59cfd9d29a523fe83c90909dc0e79d57fe5fe522c7b2d6ab57,,3000,map_all
history_conditioned,medium,v2_to_v3,128,62.88707613718236,62.78010847055243,0.05203016149621342,0.08287682637665184,history_conditioned,0.5023136182990103,4860204320488,3.915246079178354,128,192048416871,73204886088576,development_exploration,78065090409064,638.3032927522751,291.6002934672903,0.5331602831794487,136173392585440,136365441002311,124135347362584,58.97183005800401,14541172424798,measurement,66.21559200417997,738.3032927522751,90295184048791,"{""Brier"": 0.26076407694945813, ""ROC_AUC"": 0.5023136182990103, ""dislike_PR_AUC"": 0.37443918029311596, ""dislike_only_log_loss"": 2.135112829790831, ""log_loss"": 0.7890213689552287}",evaluation,27313,12038045222856,0.4502834568027969,12230093639727,26771266064525,/home/gkl/work/evokv/results/read_correction_2026_09/v4/population_run/evaluation/medium/v2_to_v3/map_all.parquet,347a966aea3fe9a667ae9e0d4d3f6adcc9fc71fe98d6b2ebe57c4062a71d2f63,map_all,/home/gkl/work/evokv/results/read_correction_2026_09/v4/population_run/evaluation/medium/v2_to_v3/summary.json,6d487cd2344efe6c5eac664568d3b4387e94eee6bf61144ebfaf1ff1bb1e20a2,,3000,map_all
history_conditioned,medium,v3_to_v4,128,64.07466454943288,86.09076586215366,0.16650866090971772,0.19341059315969744,history_conditioned,0.5548763329740747,4905273400556,4.528435293702556,128,169421917809,64501426105776,development_exploration,69406699506332,638.4584280251293,273.206788455427,0.5817782652240544,119023156247786,119192578165595,108321596366354,59.546229255730324,14533474619548,measurement,67.35124161341884,738.4584280251293,80277681305573,"{""Brier"": 0.23513011720762528, ""ROC_AUC"": 0.5548763329740747, ""dislike_PR_AUC"": 0.3608279312730362, ""dislike_only_log_loss"": 2.1676474042033838, ""log_loss"": 0.7209825471464684}",evaluation,24155,10701559881432,0.38836767206435696,10870981799241,25404456418789,/home/gkl/work/evokv/results/read_correction_2026_09/v4/population_run/evaluation/medium/v3_to_v4/map_all.parquet,ac5921806d3bd2b94f9360389b24fe47a2cff28d3702bd45a085319b9a4c31c6,map_all,/home/gkl/work/evokv/results/read_correction_2026_09/v4/population_run/evaluation/medium/v3_to_v4/summary.json,7968c1f83e774c84e7b32b987479155c4c14f6a5c0864919e6f3b84533b78191,,3000,map_all
history_conditioned,medium,v4_to_v5,128,61.663956451687845,68.63422984991708,0.07064060582056253,0.10292328765840719,history_conditioned,0.5848506759238369,4881764577408,3.5495939258294826,128,209769695088,79924814597232,development_exploration,84806579174640,772.8390231059038,335.0271898801236,0.6171333577616815,148293839245218,148503608940306,137530226820726,58.11436252585836,14339960121384,measurement,64.4967229939312,872.8390231059038,95779961294220,"{""Brier"": 0.1930248488389079, ""ROC_AUC"": 0.5848506759238369, ""dislike_PR_AUC"": 0.3235566250534645, ""dislike_only_log_loss"": 2.1684133954503464, ""log_loss"": 0.6054526019211073}",evaluation,29860,10763612424492,0.5142100701032744,10973382119580,25313342240964,/home/gkl/work/evokv/results/read_correction_2026_09/v4/population_run/evaluation/medium/v4_to_v5/map_all.parquet,b36366cfd96b6149f28c5bb839374cb967c8acca914fcce05c7c846f1cc462dc,map_all,/home/gkl/work/evokv/results/read_correction_2026_09/v4/population_run/evaluation/medium/v4_to_v5/summary.json,057fb618ced10653b6cb5f0393d2b7b0f929a3ab6221c25a3954124051e521cc,,3000,map_all
history_conditioned,large,v0_to_v1,128,80.57118243579094,90.81526438803539,0.07407612154569432,0.08156791927531248,history_conditioned,0.5986859525283798,20428284406870,5.422731185589153,128,546463319550,283096078772000,development_exploration,303524363178870,919.2877158408031,363.1187424568165,0.6061777502579979,409186664006700,409733127326250,376715785970692,75.14845125020179,50570842808460,measurement,82.13680615247316,1019.2877158408031,336541704534428,"{""Brier"": 0.42895645964726786, ""ROC_AUC"": 0.5986859525283798, ""dislike_PR_AUC"": 0.6356613280102147, ""dislike_only_log_loss"": 2.1941071729962105, ""log_loss"": 1.2508224223296553}",evaluation,23450,32470878036008,0.5246098309826854,33017341355558,83588184164018,/home/gkl/work/evokv/results/read_correction_2026_09/v4/population_run/evaluation/large/v0_to_v1/map_all.parquet,c8217865e259565734855b9aa1b3f376ad66d85ab8b6677e958aa207c2cd284f,map_all,/home/gkl/work/evokv/results/read_correction_2026_09/v4/population_run/evaluation/large/v0_to_v1/summary.json,c4799166ad8d65b3137e26efeb953215d33bd56ad15641b9d1748b737679edd9,,3000,map_all
history_conditioned,large,v1_to_v2,128,80.46412244569501,60.1064922992282,0.039453778411631,0.06563979514096119,history_conditioned,0.5413759492731264,20274578561230,4.823632935721578,128,609918017625,317930295985600,development_exploration,338204874546830,872.4117648642605,374.7857953204274,0.5675619660024566,458474346489720,459084264507345,420317607732668,75.64048950997343,51472855706760,measurement,82.11379924468653,972.4117648642605,376971531321507,"{""Brier"": 0.3941066568109533, ""ROC_AUC"": 0.5413759492731264, ""dislike_PR_AUC"": 0.5488349448758031, ""dislike_only_log_loss"": 2.119461720243494, ""log_loss"": 1.1406795211193284}",evaluation,25975,38156738757052,0.5019221708614954,38766656774677,90239512481437,/home/gkl/work/evokv/results/read_correction_2026_09/v4/population_run/evaluation/large/v1_to_v2/map_all.parquet,eba3f9d5c952e99267d1395d4b07d0329a2c9c5f097d1a4072af13d25f5ab845,map_all,/home/gkl/work/evokv/results/read_correction_2026_09/v4/population_run/evaluation/large/v1_to_v2/summary.json,b86ba9cfdd298951413d8b92d26afdf558e9e92650b23334130814635f253084,,3000,map_all
history_conditioned,large,v2_to_v3,128,79.8093081416667,65.72748641461222,0.07458558626008088,0.11347700989140425,history_conditioned,0.5394693512485292,20384920821210,4.54535693713183,128,647286282787,337542179242800,development_exploration,357927100064010,874.0408752847004,385.6841826838517,0.5783607748798526,488781444575154,489428730857941,448477888605006,75.26395120453488,51852315391050,measurement,81.49867736978466,974.0408752847004,398877942316945,"{""Brier"": 0.3491207981149163, ""ROC_AUC"": 0.5394693512485292, ""dislike_PR_AUC"": 0.5226989802009445, ""dislike_only_log_loss"": 1.9138931792510867, ""log_loss"": 0.9915843218213367}",evaluation,27553,40303555970148,0.46488376498844836,40950842252935,92803157643985,/home/gkl/work/evokv/results/read_correction_2026_09/v4/population_run/evaluation/large/v2_to_v3/map_all.parquet,e446694bd2661e330068ce21c8b43d931ff655f86c68adc5ef1482171a91cb46,map_all,/home/gkl/work/evokv/results/read_correction_2026_09/v4/population_run/evaluation/large/v2_to_v3/summary.json,6dfb59f70d7029d8ad1ab4a8e3e93747de2cf628f5cb68c3ff1b53126a1451d0,,3000,map_all
history_conditioned,large,v3_to_v4,128,79.96592104102635,63.117960502208426,0.10838917654651381,0.17172477640927797,history_conditioned,0.5895769218259439,20496343883850,4.291709774262076,128,693520446334,361404833701600,development_exploration,381901177585450,906.5257138338585,407.77401806800475,0.6529125216887081,519014397107028,519707917553362,477579914810856,75.67421126676427,51527100492090,measurement,81.58990194418541,1006.5257138338585,424029180327956,"{""Brier"": 0.3693822747677577, ""ROC_AUC"": 0.5895769218259439, ""dislike_PR_AUC"": 0.593781229113535, ""dislike_only_log_loss"": 2.188282696968466, ""log_loss"": 1.1072236112877842}",evaluation,29546,41434482296172,0.4811877452794301,42128002742506,93655103234596,/home/gkl/work/evokv/results/read_correction_2026_09/v4/population_run/evaluation/large/v3_to_v4/map_all.parquet,8c903e9708191cabcc1e9ef17ba3d55da20d91c3b081d46fd9a18ab5770522b4,map_all,/home/gkl/work/evokv/results/read_correction_2026_09/v4/population_run/evaluation/large/v3_to_v4/summary.json,07fa3ebe276d97602fb54bddfcd6c8ddc3d648980f5948ea3790b5c8cf4a0351,,3000,map_all
history_conditioned,large,v4_to_v5,128,80.77369764102252,60.113801051800316,0.10168445949062982,0.1691532688192648,history_conditioned,0.5248069581510225,20528984448750,5.336621040888966,128,558503703120,290192344653600,development_exploration,310721329102350,855.5834459866506,357.96199712630914,0.5922757674796575,420439713294060,420998216997180,384681323471496,75.43707660013357,50485988231820,measurement,82.43223097316789,955.5834459866506,347038222628034,"{""Brier"": 0.36777017872785306, ""ROC_AUC"": 0.5248069581510225, ""dislike_PR_AUC"": 0.47869766360736765, ""dislike_only_log_loss"": 2.409716055423005, ""log_loss"": 1.1309938211740214}",evaluation,23880,35758389822564,0.4231224986603927,36316893525684,86802881757504,/home/gkl/work/evokv/results/read_correction_2026_09/v4/population_run/evaluation/large/v4_to_v5/map_all.parquet,aeb87f256a221f0fb1e413c318ff592829cd72ca779cb13f4a79150b6cb5dea6,map_all,/home/gkl/work/evokv/results/read_correction_2026_09/v4/population_run/evaluation/large/v4_to_v5/summary.json,655d88a92f2a933372d28c27da2bb7b1b6f6cee5e580809dd76898e2f4462a94,,3000,map_all
history_conditioned,max,v0_to_v1,128,78.39437001188249,183.16086283830722,0.01630899527391727,0.008904192206341977,history_conditioned,0.6363909438564078,32525831280988,5.066244789382141,128,909626678166,470774375951360,development_exploration,503300207232348,1082.9554986759927,399.45991762602307,0.6289861407888325,687575716503120,688485343181286,642010653515120,73.32812522250035,79520481569898,measurement,79.85281057083478,1182.9554986759927,549774896898514,"{""Brier"": 0.5897788086153085, ""ROC_AUC"": 0.6363909438564078, ""dislike_PR_AUC"": 0.8393618773430339, ""dislike_only_log_loss"": 2.2327571511501305, ""log_loss"": 1.7243108066250703}",evaluation,24626,45565062988000,0.6200819485824905,46474689666166,125995171236064,/home/gkl/work/evokv/results/read_correction_2026_09/v4/population_run/evaluation/max/v0_to_v1/map_all.parquet,74093d581a60af657ab034d4b65209551e21a8490b8b59a4e681be2efa36837a,map_all,/home/gkl/work/evokv/results/read_correction_2026_09/v4/population_run/evaluation/max/v0_to_v1/summary.json,b05e219098c9221a7f688e41d90f740949cb03b631dee4c3ac9e49fddfbe6450,,3000,map_all
history_conditioned,max,v1_to_v2,128,79.178316930508,50.323982382243194,0.03250616316294619,0.0645937813824845,history_conditioned,0.5528583479189905,32807899635148,4.800592153231092,128,975041229593,508307486179840,development_exploration,541115385814988,1024.0321119845923,405.2291366019544,0.5849459661385288,735280200657912,736255241887505,683413599571592,74.37772477727691,80691545932224,measurement,80.67270619468863,1124.0321119845923,593957028130901,"{""Brier"": 0.5483347806538881, ""ROC_AUC"": 0.5528583479189905, ""dislike_PR_AUC"": 0.6814703611862276, ""dislike_only_log_loss"": 2.618764267961065, ""log_loss"": 1.7201074182669485}",evaluation,26163,51866601086320,0.5203521847560443,52841642315913,133533188248137,/home/gkl/work/evokv/results/read_correction_2026_09/v4/population_run/evaluation/max/v1_to_v2/map_all.parquet,cb60acc537eb58885b5ec45b8a27aeb48a5039246f028fd7a986d28c559f0ea7,map_all,/home/gkl/work/evokv/results/read_correction_2026_09/v4/population_run/evaluation/max/v1_to_v2/summary.json,995bf3ab9ba8c0c0287958da718c8fba4113d374e25ed830ae8df73ac661b922,,3000,map_all
history_conditioned,max,v2_to_v3,128,81.78007143434523,56.04081117037652,0.09524131366746258,0.16994991985021024,history_conditioned,0.6032981032886245,32965168034092,5.178749145705216,128,936037400380,487603355527040,development_exploration,520568523561132,841.4083202572951,366.1589028865318,0.6780067094713722,697479595693638,698415633094018,636546917153350,76.60132228864002,80301396395082,measurement,83.39407251260576,941.4083202572951,582437239501800,"{""Brier"": 0.5114533929872541, ""ROC_AUC"": 0.6032981032886245, ""dislike_PR_AUC"": 0.7156589978042028, ""dislike_only_log_loss"": 2.4386800054767903, ""log_loss"": 1.5566450630340019}",evaluation,25140,60932678540288,0.508056789621162,61868715940668,142170112335750,/home/gkl/work/evokv/results/read_correction_2026_09/v4/population_run/evaluation/max/v2_to_v3/map_all.parquet,a7477a432d4d731f24612185c3722022114c3aef64f2fd4c9e4746534c2b5645,map_all,/home/gkl/work/evokv/results/read_correction_2026_09/v4/population_run/evaluation/max/v2_to_v3/summary.json,8282a7e178eeb6cb282a59bd74996b27b2d7e1b2d52111193273b388df2e146b,,3000,map_all
history_conditioned,max,v3_to_v4,128,77.72027847020915,25.053032677027833,0.014915706673325313,0.05953653142759896,history_conditioned,0.5797159300119142,32947582786272,3.688018789324922,128,1259836642392,661380579662720,development_exploration,694328162448992,1143.0347735070818,485.8382090531605,0.6243367547661879,952852520025750,954112356668142,893368083742950,74.03225968088422,82169180465424,measurement,79.13873351467475,1243.0347735070818,755072435374184,"{""Brier"": 0.5631660441255589, ""ROC_AUC"": 0.5797159300119142, ""dislike_PR_AUC"": 0.7538930822007048, ""dislike_only_log_loss"": 2.384942468799986, ""log_loss"": 1.69228301041396}",evaluation,33512,59484436282800,0.5648002233385889,60744272925192,142913453390616,/home/gkl/work/evokv/results/read_correction_2026_09/v4/population_run/evaluation/max/v3_to_v4/map_all.parquet,dda993e575c51b3a3d746d879e5067dcf3238cf2c068b6a2d94e99cac23fd121,map_all,/home/gkl/work/evokv/results/read_correction_2026_09/v4/population_run/evaluation/max/v3_to_v4/summary.json,a5776ac8e859eaa9c55c14182b74969d9d5347507cfc6ddd8b371ea1e2614606,,3000,map_all
history_conditioned,max,v4_to_v5,128,79.59658379949929,21.471038331455397,0.031103883079007688,0.14486436379483347,history_conditioned,0.5351822641358941,32744514230344,4.5173429410817345,128,1043722706269,544221083667200,development_exploration,576965597897544,1024.0701546260827,427.8542746118542,0.6489427448517199,780158976176652,781202698882921,724862262117804,75.07924085841755,78510523511244,measurement,81.06808073861694,1124.0701546260827,633306034662661,"{""Brier"": 0.5138142644406808, ""ROC_AUC"": 0.5351822641358941, ""dislike_PR_AUC"": 0.6634860893382641, ""dislike_only_log_loss"": 2.304317184686821, ""log_loss"": 1.5263351603370838}",evaluation,27999,55296714058848,0.5040783810568864,56340436765117,134850960276361,/home/gkl/work/evokv/results/read_correction_2026_09/v4/population_run/evaluation/max/v4_to_v5/map_all.parquet,6dbb38eb3d9886dd1dfa596cb147fa1e10a78251f0ab2492605666136cbb34fe,map_all,/home/gkl/work/evokv/results/read_correction_2026_09/v4/population_run/evaluation/max/v4_to_v5/summary.json,7cfc1a2406861e9eeecf1ae3d6235887f7d7700f7c948a9ccc0acc3322c1fe86,,3000,map_all
history_conditioned,medium,v0_to_v1,256,67.14399707272297,98.54406886466293,0.11726730191738904,0.11899985789955553,history_conditioned,0.6128271629179138,9284574494728,8.150959009158752,256,178467862794,67197645817632,development_exploration,76482220312360,668.5077608347976,298.34868672441917,0.6145597189000803,125170025908124,125348493770918,113907755937620,58.99303806356422,14194441309624,measurement,70.14281185248429,768.5077608347976,87922958145658,"{""Brier"": 0.19131579895834877, ""ROC_AUC"": 0.6128271629179138, ""dislike_PR_AUC"": 0.3279629787258406, ""dislike_only_log_loss"": 2.1701184884798987, ""log_loss"": 0.597293715401508}",evaluation,26014,11262269970504,0.4955598610005248,11440737833298,25635179142922,/home/gkl/work/evokv/results/read_correction_2026_09/motivation_final/evaluation/c256/medium/v0_to_v1/map_all.parquet,08c4930d7567ff2318059b20811f13da3d02faedb97536533b48f75d2cec37ce,map_all,/home/gkl/work/evokv/results/read_correction_2026_09/motivation_final/evaluation/c256/medium/v0_to_v1/summary.json,7258c8d48d3922547d865b0375f5ade8b2d98c1ed488b23ec8981a59b58a4de0,,3000,map_all
history_conditioned,medium,v1_to_v2,256,67.07879191394133,74.27802771503777,0.06159145847820835,0.08292015872378772,history_conditioned,0.4872889486168976,9365388002104,8.028561226379917,256,181404462195,68882618741904,development_exploration,78248006744008,676.0561021411221,300.73520364580924,0.508617648862477,128043672379278,128225076841473,116650888472166,59.05023068756141,14444716566134,measurement,70.05041238880584,776.0561021411221,89822195113315,"{""Brier"": 0.2271138769850499, ""ROC_AUC"": 0.4872889486168976, ""dislike_PR_AUC"": 0.3048977583488891, ""dislike_only_log_loss"": 2.1993167217788407, ""log_loss"": 0.7080001369304939}",evaluation,26001,11392783907112,0.42569749013868924,11574188369307,26018904935441,/home/gkl/work/evokv/results/read_correction_2026_09/motivation_final/evaluation/c256/medium/v1_to_v2/map_all.parquet,16a5a0430e74b402bf1c53ac79623c1abae6047c945d270ecedf458ea0eea8cd,map_all,/home/gkl/work/evokv/results/read_correction_2026_09/motivation_final/evaluation/c256/medium/v1_to_v2/summary.json,3e966cb84d360fe99835ab14eb1d8a1092393249f4001b15ca3b3c40912946ae,,3000,map_all
history_conditioned,medium,v2_to_v3,256,66.52062684513771,61.127377376779485,0.05066043041715429,0.08287682637665184,history_conditioned,0.5009438872199512,9370725113404,7.548796787133701,256,192048416871,73204886088576,development_exploration,82575611201980,675.1838018128474,308.4486591069451,0.5331602831794487,136173392585440,136365441002311,124135347362584,58.97183005800401,14541172424798,measurement,69.52326347853803,775.1838018128474,94805704841707,"{""Brier"": 0.2606778090765005, ""ROC_AUC"": 0.5009438872199512, ""dislike_PR_AUC"": 0.37362548184826033, ""dislike_only_log_loss"": 2.1325957287722455, ""log_loss"": 0.7886253877362442}",evaluation,27313,12038045222856,0.4502834568027969,12230093639727,26771266064525,/home/gkl/work/evokv/results/read_correction_2026_09/motivation_final/evaluation/c256/medium/v2_to_v3/map_all.parquet,6bdbb8e167eaaf0a84b182f739e643c43eb86d6a7de0a9a36ae6cc2425ba8bf8,map_all,/home/gkl/work/evokv/results/read_correction_2026_09/motivation_final/evaluation/c256/medium/v2_to_v3/summary.json,b8afd3fc374a345f63b547d1c507bd3a861f5bda9aac58bb8ecbf91001bcfb27,,3000,map_all
history_conditioned,medium,v3_to_v4,256,68.23936049501188,87.86425399592768,0.16993877482886688,0.19341059315969744,history_conditioned,0.5583064468932238,9416538532612,8.693131239281561,256,169421917809,64501426105776,development_exploration,73917964638388,679.9566589610965,290.9645592090633,0.5817782652240544,119023156247786,119192578165595,108321596366354,59.546229255730324,14533474619548,measurement,71.13609567185566,779.9566589610965,84788946437629,"{""Brier"": 0.23506841854362623, ""ROC_AUC"": 0.5583064468932238, ""dislike_PR_AUC"": 0.3635831122573735, ""dislike_only_log_loss"": 2.1686606867477587, ""log_loss"": 0.7207994469014398}",evaluation,24155,10701559881432,0.38836767206435696,10870981799241,25404456418789,/home/gkl/work/evokv/results/read_correction_2026_09/motivation_final/evaluation/c256/medium/v3_to_v4/map_all.parquet,b421274b98a1b81e5c5d6bf1df2681e077f77cf8ed4fac74ec14b7ec53f2cdce,map_all,/home/gkl/work/evokv/results/read_correction_2026_09/motivation_final/evaluation/c256/medium/v3_to_v4/summary.json,13771d2d106392e2405317bbe6deeb0bb73577cae19a120a92d64615e9681d84,,3000,map_all
history_conditioned,medium,v4_to_v5,256,64.91949594453573,72.95656280025274,0.07508929299659062,0.10292328765840719,history_conditioned,0.589299363099865,9359115426160,6.805133418677361,256,209769695088,79924814597232,development_exploration,89283930023392,813.6409454299518,352.7149009936186,0.6171333577616815,148293839245218,148503608940306,137530226820726,58.11436252585836,14339960121384,measurement,67.51170079864687,913.6409454299518,100257312142972,"{""Brier"": 0.1929710891226659, ""ROC_AUC"": 0.589299363099865, ""dislike_PR_AUC"": 0.3268437804660273, ""dislike_only_log_loss"": 2.171115934456817, ""log_loss"": 0.6052951913707946}",evaluation,29860,10763612424492,0.5142100701032744,10973382119580,25313342240964,/home/gkl/work/evokv/results/read_correction_2026_09/motivation_final/evaluation/c256/medium/v4_to_v5/map_all.parquet,84287171a1471e2f5aced2ac828fd0c221570ebf07cda73f40598eacc94f1737,map_all,/home/gkl/work/evokv/results/read_correction_2026_09/motivation_final/evaluation/c256/medium/v4_to_v5/summary.json,0dc41d6bbc18023904e61e38e7fd8f73017014f7a0c457b847e0d1a754180137,,3000,map_all
history_conditioned,large,v0_to_v1,256,85.6317155986946,86.7076398818938,0.07072561770439179,0.08156791927531248,history_conditioned,0.5953354486870772,39492111685810,10.483264348492801,256,546463319550,283096078772000,development_exploration,322588190457810,977.0265479098209,385.9255870719988,0.6061777502579979,409186664006700,409733127326250,376715785970692,75.14845125020179,50570842808460,measurement,86.7895486347183,1077.026547909821,355605531813368,"{""Brier"": 0.4288554011307018, ""ROC_AUC"": 0.5953354486870772, ""dislike_PR_AUC"": 0.6322812433445438, ""dislike_only_log_loss"": 2.1928665561029645, ""log_loss"": 1.2505178619517054}",evaluation,23450,32470878036008,0.5246098309826854,33017341355558,83588184164018,/home/gkl/work/evokv/results/read_correction_2026_09/motivation_final/evaluation/c256/large/v0_to_v1/map_all.parquet,a6a07dbd66d2a77261c72b5ca5334d7aae19a2e907e6bf54033bad99b84c2a4b,map_all,/home/gkl/work/evokv/results/read_correction_2026_09/motivation_final/evaluation/c256/large/v0_to_v1/summary.json,f09325cb5bdb1f147ff55e799dd93f17fdd9922b98f58de303f9db3e05ab88c7,,3000,map_all
history_conditioned,large,v1_to_v2,256,84.9856648148045,59.843260825279266,0.03928099381138439,0.06563979514096119,history_conditioned,0.5412031646728798,39279417279690,9.345175304831066,256,609918017625,317930295985600,development_exploration,357209713265290,921.4354370083961,395.84623569278585,0.5675619660024566,458474346489720,459084264507345,420317607732668,75.64048950997343,51472855706760,measurement,86.25352700008119,1021.4354370083961,395976370039967,"{""Brier"": 0.39304270715231215, ""ROC_AUC"": 0.5412031646728798, ""dislike_PR_AUC"": 0.5474273230718054, ""dislike_only_log_loss"": 2.107450186705613, ""log_loss"": 1.1354586286896835}",evaluation,25975,38156738757052,0.5019221708614954,38766656774677,90239512481437,/home/gkl/work/evokv/results/read_correction_2026_09/motivation_final/evaluation/c256/large/v1_to_v2/map_all.parquet,403b566af421199255e842dd3d635da8470b847eaae9085b3936ecd6513868f1,map_all,/home/gkl/work/evokv/results/read_correction_2026_09/motivation_final/evaluation/c256/large/v1_to_v2/summary.json,abf20b74b86e9f80fc22125463bb87a80caaa03f4d425fb05c3619819930c88f,,3000,map_all
history_conditioned,large,v2_to_v3,256,84.07339908753336,64.58170391038688,0.07328538653442712,0.11347700989140425,history_conditioned,0.5381691515228755,39508425863430,8.809447882998484,256,647286282787,337542179242800,development_exploration,377050605106230,920.7395608064845,406.290706780351,0.5783607748798526,488781444575154,489428730857941,448477888605006,75.26395120453488,51852315391050,measurement,85.40598886102008,1020.7395608064845,418001447359165,"{""Brier"": 0.3492365108469793, ""ROC_AUC"": 0.5381691515228755, ""dislike_PR_AUC"": 0.5237460113711312, ""dislike_only_log_loss"": 1.9150375406281666, ""log_loss"": 0.9920899252495414}",evaluation,27553,40303555970148,0.46488376498844836,40950842252935,92803157643985,/home/gkl/work/evokv/results/read_correction_2026_09/motivation_final/evaluation/c256/large/v2_to_v3/map_all.parquet,7ff56451ab7a6983c12b0efc8d4d005a284993b41014d77a48de9bd843a1eca6,map_all,/home/gkl/work/evokv/results/read_correction_2026_09/motivation_final/evaluation/c256/large/v2_to_v3/summary.json,ae118dd1f8393a53d6b75bfffefd6d994e9d5e056833f71faeea0d96f3f6368d,,3000,map_all
history_conditioned,large,v3_to_v4,256,83.95290017166276,62.40180000913737,0.10715935154105594,0.17172477640927797,history_conditioned,0.588347096820486,39537355419470,8.278688904898491,256,693520446334,361404833701600,development_exploration,400942189121070,951.7237063710364,428.10501005668937,0.6529125216887081,519014397107028,519707917553362,477579914810856,75.67421126676427,51527100492090,measurement,85.25369287222432,1051.7237063710365,443070191863576,"{""Brier"": 0.37109976069115175, ""ROC_AUC"": 0.588347096820486, ""dislike_PR_AUC"": 0.5916272404768654, ""dislike_only_log_loss"": 2.2060851094811036, ""log_loss"": 1.1147815239432615}",evaluation,29546,41434482296172,0.4811877452794301,42128002742506,93655103234596,/home/gkl/work/evokv/results/read_correction_2026_09/motivation_final/evaluation/c256/large/v3_to_v4/map_all.parquet,c4ce9e1c50c5682fe8109f38328c236e5861bf0974eab9346d33ee997efa3b2b,map_all,/home/gkl/work/evokv/results/read_correction_2026_09/motivation_final/evaluation/c256/large/v3_to_v4/summary.json,51cee3520b334c7cd5a0663cb2c2addeec9b43557da37db4bd320b896d7cbe08,,3000,map_all
history_conditioned,large,v4_to_v5,256,85.7246668050015,59.19095935567634,0.10012344259560896,0.1691532688192648,history_conditioned,0.5232459412560017,39574438153410,10.287590204867946,256,558503703120,290192344653600,development_exploration,329766782807010,908.025854617198,379.90303562531443,0.5922757674796575,420439713294060,420998216997180,384681323471496,75.43707660013357,50485988231820,measurement,86.95611086997695,1008.025854617198,366083676332694,"{""Brier"": 0.36734076002515964, ""ROC_AUC"": 0.5232459412560017, ""dislike_PR_AUC"": 0.4773266966490191, ""dislike_only_log_loss"": 2.4035003716140375, ""log_loss"": 1.128799213544186}",evaluation,23880,35758389822564,0.4231224986603927,36316893525684,86802881757504,/home/gkl/work/evokv/results/read_correction_2026_09/motivation_final/evaluation/c256/large/v4_to_v5/map_all.parquet,726ee980d6444c54b20801d128e54c5cc5e36cee145b14f6fbc6a9a0125bc683,map_all,/home/gkl/work/evokv/results/read_correction_2026_09/motivation_final/evaluation/c256/large/v4_to_v5/summary.json,65822fdc6e82d3349d8d9f2e8c69afab121baa47f8c57baccd75dfaaf01f6633,,3000,map_all
history_conditioned,max,v0_to_v1,256,83.13497808303363,198.44037613618508,0.017669512506153895,0.008904192206341977,history_conditioned,0.6377514610886444,62961040139176,9.806852860533288,256,909626678166,470774375951360,development_exploration,533735416090536,1148.443206236405,423.61577102866244,0.6289861407888325,687575716503120,688485343181286,642010653515120,73.32812522250035,79520481569898,measurement,84.27341431492552,1248.443206236405,580210105756702,"{""Brier"": 0.5887287332501688, ""ROC_AUC"": 0.6377514610886444, ""dislike_PR_AUC"": 0.8400914646720249, ""dislike_only_log_loss"": 2.2288434813876137, ""log_loss"": 1.7213850678535536}",evaluation,24626,45565062988000,0.6200819485824905,46474689666166,125995171236064,/home/gkl/work/evokv/results/read_correction_2026_09/motivation_final/evaluation/c256/max/v0_to_v1/map_all.parquet,ff56bea21d3aea4273d393e1b4ffc9bc2c5393e544a251a3f6cba9ae9cf82c0c,map_all,/home/gkl/work/evokv/results/read_correction_2026_09/motivation_final/evaluation/c256/max/v0_to_v1/summary.json,942c33545c777739bfeedfb7382bcaadb5977f9b33bdb1e2cb763224d3cb782f,,3000,map_all
history_conditioned,max,v1_to_v2,256,83.62701567263643,49.146710380671514,0.031745718659973776,0.0645937813824845,history_conditioned,0.552097903416018,63210911842824,9.249290895359517,256,975041229593,508307486179840,development_exploration,571518398022664,1081.5681969266766,427.9972683350033,0.5849459661385288,735280200657912,736255241887505,683413599571592,74.37772477727691,80691545932224,measurement,84.80211818090868,1181.5681969266766,624360040338577,"{""Brier"": 0.5470517665214955, ""ROC_AUC"": 0.552097903416018, ""dislike_PR_AUC"": 0.680897568041383, ""dislike_only_log_loss"": 2.6043860038096525, ""log_loss"": 1.7112849365795308}",evaluation,26163,51866601086320,0.5203521847560443,52841642315913,133533188248137,/home/gkl/work/evokv/results/read_correction_2026_09/motivation_final/evaluation/c256/max/v1_to_v2/map_all.parquet,1d08dae18db2f60908d787224fae58529aa7097ae02f69de94c49f53454ba37e,map_all,/home/gkl/work/evokv/results/read_correction_2026_09/motivation_final/evaluation/c256/max/v1_to_v2/summary.json,aefe016c8c72a70178680320f7f6eb3b964c2d98f763c3d64d04fe19a031f0b1,,3000,map_all
history_conditioned,max,v2_to_v3,256,86.59867990660506,56.85817468788993,0.09663042231036145,0.16994991985021024,history_conditioned,0.6046872119315234,63637871713952,9.997357617965033,256,936037400380,487603355527040,development_exploration,551241227240992,890.9854016844821,387.73355256214234,0.6780067094713722,697479595693638,698415633094018,636546917153350,76.60132228864002,80301396395082,measurement,87.78582754019276,990.9854016844821,613109943181660,"{""Brier"": 0.5174069272357806, ""ROC_AUC"": 0.6046872119315234, ""dislike_PR_AUC"": 0.7149102171244119, ""dislike_only_log_loss"": 2.4948249091476002, ""log_loss"": 1.589832775913886}",evaluation,25140,60932678540288,0.508056789621162,61868715940668,142170112335750,/home/gkl/work/evokv/results/read_correction_2026_09/motivation_final/evaluation/c256/max/v2_to_v3/map_all.parquet,9979272638ebcb5a7b0c1824738681702913670057a91fcaa3778cf17c51ea67,map_all,/home/gkl/work/evokv/results/read_correction_2026_09/motivation_final/evaluation/c256/max/v2_to_v3/summary.json,552bd03a6bb83e5d1785076bbf749224a9a7aadd4a5e0d65d2c6af1146d6a7bd,,3000,map_all
history_conditioned,max,v3_to_v4,256,81.13976690553653,20.488396575670063,0.012198080666284916,0.05953653142759896,history_conditioned,0.5769983040048738,63496201094768,7.107507224652302,256,1259836642392,661380579662720,development_exploration,724876780757488,1193.325305992535,507.2138161662287,0.6243367547661879,952852520025750,954112356668142,893368083742950,74.03225968088422,82169180465424,measurement,82.34051767510371,1293.325305992535,785621053682680,"{""Brier"": 0.5646303635525359, ""ROC_AUC"": 0.5769983040048738, ""dislike_PR_AUC"": 0.7518412930927704, ""dislike_only_log_loss"": 2.3980230379935525, ""log_loss"": 1.7011902321657746}",evaluation,33512,59484436282800,0.5648002233385889,60744272925192,142913453390616,/home/gkl/work/evokv/results/read_correction_2026_09/motivation_final/evaluation/c256/max/v3_to_v4/map_all.parquet,9a92973785b57242228cfa340b8e6297459363ee6c2b7d7f9956ecfa9536f9b5,map_all,/home/gkl/work/evokv/results/read_correction_2026_09/motivation_final/evaluation/c256/max/v3_to_v4/summary.json,33601bff1a3283ab4f30ce50162603e5cf7e324748f83e11ce00868c00a8fbc7,,3000,map_all
history_conditioned,max,v4_to_v5,256,83.79427812784424,22.94178883916749,0.033234476445014094,0.14486436379483347,history_conditioned,0.5373128575019005,63172016295576,8.71503726942669,256,1043722706269,544221083667200,development_exploration,607393099962776,1078.0766618743032,450.4180754204465,0.6489427448517199,780158976176652,781202698882921,724862262117804,75.07924085841755,78510523511244,measurement,84.96303682475717,1178.0766618743032,663733536727893,"{""Brier"": 0.5186620410613264, ""ROC_AUC"": 0.5373128575019005, ""dislike_PR_AUC"": 0.6647581871244161, ""dislike_only_log_loss"": 2.3508757515583922, ""log_loss"": 1.5543873648308506}",evaluation,27999,55296714058848,0.5040783810568864,56340436765117,134850960276361,/home/gkl/work/evokv/results/read_correction_2026_09/motivation_final/evaluation/c256/max/v4_to_v5/map_all.parquet,726efb763c41cde2710f84d4c759a66e3693ccd4c34738f69844db2fceef72d0,map_all,/home/gkl/work/evokv/results/read_correction_2026_09/motivation_final/evaluation/c256/max/v4_to_v5/summary.json,983431799b93ecdca7cecb703605fd06884a7f2b4c8e34eebe1d66365a5429fe,,3000,map_all
